04.26.11.04,L-RPM,R-RPM,L1-AMP,L2-AMP,L3-AMP,L4-AMP,L1-V,L2-V,L3-V,L4-V,R1-AMP,R2-AMP,R3-AMP,R4-AMP,R1-V,R2-V,R3-V,R4-V,Elev_1-AMP,Elev_2-AMP,Elev_1-V,Elev_2-V,Intake_L-AMP,Intake_R-AMP,Climber_1-AMP,Climber_2-AMP,BATTERY
000000.2,0.0,0.0,0.0,0.0,0.0,0.0,0.0,0.0,0.0,0.0,0.0,0.0,0.0,0.0,0.0,0.0,0.0,0.0,0.0,0.0,0.0,0.0,0.0,0.0,0.0,0.0,12.79980517578125
00000.25,0.0,0.0,0.0,0.0,0.0,0.0,0.0,0.0,0.0,0.0,0.0,0.0,0.0,0.0,0.0,0.0,0.0,0.0,0.0,0.0,0.0,0.0,0.0,0.0,0.0,0.0,12.79980517578125
000000.3,0.0,0.0,0.0,0.0,0.0,0.0,0.0,0.0,0.0,0.0,0.0,0.0,0.0,0.125,0.0,0.0,0.0,0.0,0.0,0.0,0.0,0.0,0.0,0.0,0.0,0.0,12.806087646484375
00000.35,0.0,0.0,0.0,0.0,0.0,0.0,0.0,0.0,0.0,0.0,0.0,0.0,0.0,0.0,0.0,0.0,0.0,0.0,0.0,0.0,0.0,0.0,0.0,0.0,0.0,0.0,12.818652587890625
000000.4,0.0,0.0,0.0,0.0,0.0,0.0,0.0,0.0,0.0,0.0,0.0,0.0,0.0,0.125,-0.546041055718475,0.0,0.0,0.0,0.0,0.0,0.0,0.0,0.0,0.0,0.0,0.0,12.67415576171875
00000.45,0.0,0.0,2.75,0.375,0.625,0.5,3.620430107526882,3.620430107526882,3.6064516129032254,3.5784946236559136,2.25,1.0,1.0,1.375,-3.1870967741935483,-3.620430107526882,-3.5645161290322576,-3.6064516129032254,0.125,0.0,-1.4964809384164224,-1.0340175953079178,0.0,0.0,0.0,0.0,12.215535400390625
000000.5,0.0,2.44140625E-4,5.125,3.25,2.75,2.75,3.396774193548387,3.4247311827956985,3.396774193548387,3.368817204301075,4.5,4.875,4.875,4.625,-2.9354838709677415,-3.410752688172043,-3.368817204301075,-3.396774193548387,1.25,0.25,-2.6841642228739,-2.1704789833822096,0.0,0.0,0.0,0.0,11.593570800781249
00000.55,0.008544921875,0.015625,5.5,6.0,5.125,5.625,3.396774193548387,3.4247311827956985,3.396774193548387,3.368817204301075,5.375,6.125,6.375,6.0,-2.9354838709677415,-3.410752688172043,-3.368817204301075,-3.396774193548387,3.5,1.875,-3.634310850439883,-3.1245356793743895,0.0,0.0,0.0,0.0,11.738067626953125
000000.6,0.089111328125,0.09814453125,3.625,5.0,4.0,4.375,0.0,1.7722385141739982,1.662756598240469,1.5430596285434997,2.25,4.125,4.375,4.0,0.0,-1.955816226783969,-0.977663734115347,-0.8907624633431086,6.5,4.25,-3.396774193548387,-3.6015640273704794,0.0,0.0,0.0,0.0,12.404009521484374
00000.65,0.113037109375,0.1201171875,2.875,2.125,2.0,2.0,-3.4806451612903224,-3.0060117302052785,-3.0774682306940373,-3.173264907135875,1.375,1.75,1.875,1.875,2.9774193548387093,2.8369990224828934,2.8025415444770285,2.8369990224828934,4.875,4.375,-2.456695992179863,-2.7062561094819158,0.0,0.0,0.0,0.0,11.813457275390624
000000.7,0.110595703125,0.1171875,5.625,3.625,3.125,3.25,-3.4806451612903224,-3.4526881720430103,-3.4247311827956985,-3.4247311827956985,4.5,3.0,3.0,2.875,2.9774193548387093,3.4526881720430103,3.410752688172043,3.4526881720430103,2.375,2.625,-1.2641251221896386,-1.5087976539589443,0.0,0.0,0.0,0.0,11.317142089843749
00000.75,0.047607421875,0.064453125,8.0,8.125,6.875,7.625,-3.4806451612903224,-3.4526881720430103,-3.4247311827956985,-3.4247311827956985,7.0,7.875,8.75,8.375,2.9774193548387093,3.4526881720430103,3.410752688172043,3.4526881720430103,0.0,0.0,0.0,0.0,0.0,0.0,0.0,0.0,11.581005859374999
000000.8,-0.041015625,-0.04931640625,7.5,7.5,6.5,6.875,0.9370967741935484,-3.1409579667644185,-3.046187683284457,-3.0326490713587484,4.875,6.375,7.0,6.875,1.4715542521994136,2.664222873900293,2.594721407624633,2.6410557184750734,0.0,0.0,0.0,0.0,0.0,0.0,0.0,0.0,12.278360107421875
00000.85,-0.06591796875,-0.0673828125,2.25,3.75,2.75,3.0,0.835483870967742,0.8391006842619747,0.8137829912023461,0.8101661779081134,1.5,2.625,3.0,2.875,-1.0282013685239493,-0.9217986314760508,-0.8977517106549364,-0.9137829912023461,0.0,0.0,0.0,0.0,0.0,0.0,0.0,0.0,12.49824658203125
000000.9,-0.07373046875,-0.074951171875,1.25,0.5,0.625,0.5,1.6483870967741938,1.4287390029325515,1.3856304985337244,1.3794721407624633,0.5,0.5,0.625,0.625,-2.226197458455523,-2.2707722385141738,-2.2115347018572824,-2.340175953079179,0.0,0.0,0.0,0.0,0.0,0.0,0.0,0.0,11.97051904296875
00000.95,-0.08251953125,-0.071533203125,3.125,3.625,3.25,3.5,2.6620723362658847,2.6731182795698922,2.6510263929618767,2.628934506353861,4.0,6.0,6.125,6.125,-2.984604105571848,-3.460410557184751,-3.4027370478983388,-3.431573802541545,0.0,0.0,0.0,0.0,0.0,0.0,0.0,0.0,11.21662255859375
000001.0,-0.06494140625,-0.04736328125,5.75,6.25,5.5,6.0,3.286363636363636,3.0989247311827954,3.167155425219941,3.233822091886608,8.625,10.0,10.75,10.0,-3.2274193548387102,-3.964809384164223,-3.598826979472141,-3.710752688172043,0.0,0.0,0.0,0.0,0.0,0.0,0.0,0.0,11.235469970703125
00001.05,-0.0302734375,-0.009765625,7.5,7.125,6.125,7.0,3.1214565004887587,3.7849462365591395,3.225806451612903,3.291984359726295,10.25,9.875,10.875,9.875,-3.895161290322581,-4.410557184750733,-4.337047898338222,-4.373802541544477,0.0,0.0,0.0,0.0,0.0,0.0,0.0,0.0,11.292012207031249
000001.1,0.010498046875,0.03515625,7.375,6.75,5.625,6.5,4.052003910068426,3.9387096774193546,4.0,4.013196480938416,10.0,9.25,9.75,9.25,-3.77375366568915,-4.375366568914956,-4.302443792766374,-4.338905180840665,0.0,0.0,0.0,0.0,0.0,0.0,0.0,0.0,11.342271972656249
00001.15,0.071533203125,0.080078125,6.875,7.375,6.5,7.125,4.00058651026393,3.9337243401759534,3.8819648093841645,3.9164711632453577,5.25,7.5,7.5,7.25,-1.613049853372434,-2.9865102639296186,-2.9210166177908112,-2.8592375366568916,0.0,0.0,0.0,0.0,0.0,0.0,0.0,0.0,11.863717041015624
000001.2,0.138916015625,0.17138671875,5.25,7.0,6.0,6.625,3.9337243401759534,3.8334310850439883,3.782991202346041,3.8166177908113395,2.75,2.375,2.375,2.375,-2.8204789833822095,-3.1202346041055717,-3.0518084066471163,-2.9912023460410557,0.0,0.0,0.0,0.0,0.0,0.0,0.0,0.0,12.03334375
00001.25,0.196044921875,0.197509765625,3.875,5.625,5.125,5.25,3.989442815249267,4.141153470185729,3.936950146627566,4.129423264907136,2.125,2.375,2.5,2.375,-3.0091397849462367,-2.6731182795698922,-2.8032258064516133,-2.838709677419355,0.0,0.0,0.0,0.0,0.0,0.0,0.0,0.0,11.901411865234374
000001.3,0.208984375,0.208740234375,3.625,5.25,4.875,4.875,4.1752688172043015,4.152785923753666,4.170234604105572,4.117888563049854,2.875,3.25,3.375,3.25,-3.5520039100684264,-4.234408602150538,-4.14692082111437,-4.293255131964809,0.0,0.0,0.0,0.0,0.0,0.0,0.0,0.0,11.712937744140625
00001.35,0.2392578125,0.213134765625,3.125,5.125,4.625,4.625,4.364516129032258,4.2923753665689155,4.310410557184751,4.256304985337244,3.5,5.125,5.25,5.0,-1.914907135874878,-4.612903225806451,-4.517595307917889,-4.574780058651026,0.0,0.0,0.0,0.0,0.0,0.0,0.0,0.0,11.976801513671875
000001.4,0.256591796875,0.22412109375,3.125,4.625,3.875,4.0,4.601075268817204,3.81544477028348,3.73802541544477,3.9679374389051807,4.5,5.75,5.625,5.625,-4.206842619745846,-5.015053763440861,-4.911436950146628,-4.973607038123167,0.0,0.0,0.0,0.0,0.0,0.0,0.0,0.0,11.775762451171875
00001.45,0.2734375,0.265869140625,3.875,3.75,3.5,3.375,5.003225806451613,4.760850439882698,4.858504398826979,4.8378299120234605,4.875,4.25,4.125,3.875,-4.157233626588465,-4.633431085043989,-4.574780058651026,-4.812561094819159,0.0,0.0,0.0,0.0,0.0,0.0,0.0,0.0,11.763197509765625
000001.5,0.30322265625,0.308837890625,5.125,6.875,5.625,5.375,5.915151515151516,5.745454545454546,5.696969696969697,5.672727272727273,5.625,6.625,6.25,5.75,-2.3459433040078204,-5.340029325513197,-5.180938416422287,-5.2030791788856305,0.0,0.0,0.0,0.0,0.0,0.0,0.0,0.0,11.524463623046875
00001.55,0.314208984375,0.326171875,6.25,8.875,8.125,7.0,6.4041055718475075,6.2203812316715545,6.1678885630498534,6.141642228739002,5.625,6.5,6.125,5.875,-5.396676441837732,-4.9461876832844585,-4.883577712609971,-4.812561094819159,0.0,0.0,0.0,0.0,0.0,0.0,0.0,0.0,11.537028564453125
000001.6,0.33251953125,0.343994140625,5.625,10.375,8.875,9.25,6.928836754643208,5.447556207233627,5.762463343108505,5.685630498533725,7.125,8.5,8.375,7.875,-5.587976539589443,-6.1304985337243405,-6.021994134897361,-6.0762463343108495,0.0,0.0,0.0,0.0,0.0,0.0,0.0,0.0,11.3548369140625
00001.65,0.358642578125,0.366943359375,7.5,10.625,9.25,9.75,3.3760997067448684,6.734555229716521,6.587243401759531,6.499413489736072,8.125,8.625,8.875,8.375,-5.790029325513197,-3.810850439882698,-3.743401759530792,-4.039882697947214,0.0,0.0,0.0,0.0,0.0,0.0,0.0,0.0,11.44279150390625
000001.7,0.3837890625,0.3935546875,8.75,11.875,9.875,10.875,7.016129032258065,7.0784946236559145,7.0821114369501466,6.9876832844574785,10.0,4.75,4.625,5.125,-6.259237536656892,-7.3676441837732165,-7.237243401759532,-7.302443792766373,0.0,0.0,0.0,0.0,0.0,0.0,0.0,0.0,10.783132080078124
00001.75,0.410400390625,0.414794921875,8.625,13.125,11.25,11.5,4.002932551319648,7.097751710654937,7.0307917888563045,6.9638318670576735,12.375,11.875,11.875,12.0,-6.794134897360705,-7.605571847507331,-7.352052785923754,-7.5331378299120235,0.0,0.0,0.0,0.0,0.0,0.0,0.0,0.0,10.96532373046875
000001.8,0.4619140625,0.462646484375,9.5,15.0,13.25,13.875,7.645845552297165,7.6572825024437945,7.502932551319648,7.43147605083089,10.875,8.125,7.75,7.375,-6.908113391984361,-5.8504398826979465,-6.459090909090909,-6.536852394916911,0.0,0.0,0.0,0.0,0.0,0.0,0.0,0.0,10.381053955078125
00001.85,0.489013671875,0.501953125,9.75,16.75,14.25,14.25,8.43030303030303,8.071749755620724,7.995601173020527,7.919452590420333,14.25,11.25,8.125,7.625,-3.6314271749755624,-7.821114369501466,-7.560410557184751,-7.746627565982405,0.0,0.0,0.0,0.0,0.0,0.0,0.0,0.0,10.46272607421875
000001.9,0.52783203125,0.5234375,9.875,16.75,14.125,13.75,8.357086999022481,8.1227761485826,8.005620723362659,7.927517106549365,14.375,17.0,12.25,12.0,-7.617595307917889,-8.437829912023462,-8.274780058651027,-8.397067448680353,0.0,0.0,0.0,0.0,0.0,0.0,0.0,0.0,10.644917724609375
00001.95,0.55712890625,0.536376953125,10.0,12.625,12.375,11.75,8.703225806451613,7.380645161290323,7.354349951124145,7.36197458455523,13.875,18.25,14.625,14.5,-7.617595307917889,-8.255718475073314,-8.096187683284457,-8.2158357771261,0.0,0.0,0.0,0.0,0.0,0.0,0.0,0.0,10.318229248046874
000002.0,0.595947265625,0.593994140625,10.25,15.5,13.75,13.625,4.586559139784946,8.021114369501467,7.985581622678397,7.669550342130988,10.25,11.875,11.125,10.75,-7.125219941348973,-6.819061583577713,-6.6872922776148584,-6.947214076246334,0.0,0.0,0.0,0.0,0.0,0.0,0.0,0.0,10.456443603515625
00002.05,0.614501953125,0.631591796875,13.125,16.0,14.25,13.875,9.326344086021505,8.611290322580645,8.235777126099705,8.235777126099705,11.75,11.0,9.75,10.375,-7.1687194525904205,-8.457478005865102,-8.215835777126099,-8.256109481915933,0.0,0.0,0.0,0.0,0.0,0.0,0.0,0.0,10.355924072265625
000002.1,0.642333984375,0.652587890625,10.0,16.0,14.125,14.25,4.647849462365591,8.866666666666667,8.734310850439883,8.495014662756597,10.625,12.125,10.875,10.625,-7.081720430107527,-7.215542521994134,-7.817008797653958,-7.855327468230694,0.0,0.0,0.0,0.0,0.0,0.0,0.0,0.0,10.977888671875
00002.15,0.6728515625,0.669921875,11.75,16.125,15.25,14.625,9.636119257087,9.520430107526881,9.292668621700878,9.292668621700878,10.25,9.625,8.5,7.75,-2.9144672531769307,-8.478005865102638,-8.156011730205277,-8.195992179863147,0.0,0.0,0.0,0.0,0.0,0.0,0.0,0.0,11.065843261718749
000002.2,0.700927734375,0.69873046875,9.375,17.0,14.75,14.5,9.457478005865102,8.547067448680352,8.265689149560115,8.345454545454546,9.375,9.75,8.125,7.25,-7.413391984359727,-7.881231671554253,-7.697947214076247,-7.8079178885630505,0.0,0.0,0.0,0.0,0.0,0.0,0.0,0.0,10.9527587890625
00002.25,0.7470703125,0.7138671875,8.125,13.875,12.0,11.875,8.984604105571847,8.036950146627566,7.8789833822091895,7.685630498533724,10.0,10.75,9.375,8.25,-6.555278592375367,-7.786656891495602,-7.605571847507331,-7.714222873900294,0.0,0.0,0.0,0.0,0.0,0.0,0.0,0.0,11.01558349609375
000002.3,0.76611328125,0.736572265625,6.375,10.875,9.75,9.0,8.825806451612904,8.245161290322581,8.167741935483871,8.051612903225806,5.625,9.625,8.375,7.25,-6.51989247311828,-6.494134897360704,-6.343108504398828,-6.340029325513197,0.0,0.0,0.0,0.0,0.0,0.0,0.0,0.0,11.800892333984375
00002.35,0.77197265625,0.744873046875,5.0,9.25,8.5,8.0,8.781231671554252,8.203519061583577,8.126490713587488,8.010948191593354,6.375,5.875,4.75,4.0,-8.191593352883675,-8.028347996089932,-7.841642228739003,-8.036950146627566,0.0,0.0,0.0,0.0,0.0,0.0,0.0,0.0,11.398814208984374
000002.4,0.74365234375,0.738037109375,2.875,7.25,7.25,6.75,2.7190615835777128,8.210166177908114,8.085630498533725,7.926490713587488,7.5,10.25,9.125,8.125,-7.429130009775172,-8.83147605083089,-8.636950146627568,-8.704203323558163,0.0,0.0,0.0,0.0,0.0,0.0,0.0,0.0,11.5056162109375
00002.45,0.72021484375,0.708984375,3.875,6.5,7.0,6.375,2.7302052785923756,8.609579667644185,8.571652003910069,8.495796676441836,6.375,8.625,7.375,6.0,-6.608015640273704,-7.500097751710656,-7.334897360703813,-7.467057673509286,0.0,0.0,0.0,0.0,0.0,0.0,0.0,0.0,11.612418212890624
000002.5,0.697509765625,0.73681640625,3.875,7.125,7.0,6.0,8.397262952101663,8.45425219941349,8.41700879765396,8.342521994134897,4.5,4.0,3.125,3.125,-1.6617790811339197,-7.08958944281525,-7.1178885630498545,-7.24613880742913,0.0,0.0,0.0,0.0,0.0,0.0,0.0,0.0,11.86999951171875
00002.55,0.697021484375,0.7529296875,2.125,6.875,6.375,5.625,2.2261974584555233,7.925219941348973,8.017106549364613,8.005474095796679,4.125,4.125,3.75,4.0,-7.586510263929618,-8.717741935483872,-8.569354838709678,-8.772140762463343,0.0,0.0,0.0,0.0,0.0,0.0,0.0,0.0,11.9076943359375
000002.6,0.701171875,0.72509765625,1.375,4.75,5.125,3.75,2.3069403714565007,8.258308895405671,8.258308895405671,7.517888563049854,5.625,7.125,5.875,6.25,-2.207869012707722,-8.591397849462366,-8.44516129032258,-8.600586510263929,0.0,0.0,0.0,0.0,0.0,0.0,0.0,0.0,12.02077880859375
00002.65,0.693359375,0.719970703125,2.25,4.125,4.0,3.625,7.96950146627566,8.18939393939394,8.18939393939394,8.084848484848486,4.875,5.5,4.75,4.75,-6.769501466275659,-6.156402737047898,-6.32258064516129,-6.3360703812316705,0.0,0.0,0.0,0.0,0.0,0.0,0.0,0.0,11.606135742187499
000002.7,0.68310546875,0.744873046875,1.875,5.5,5.75,4.75,8.07375366568915,7.654154447702835,7.682111436950147,7.626588465298142,3.125,4.375,4.0,3.625,-8.116031280547409,-8.014760508308894,-7.880058651026392,-8.08533724340176,0.0,0.0,0.0,0.0,0.0,0.0,0.0,0.0,11.304577148437499
00002.75,0.672607421875,0.7314453125,2.25,4.875,5.125,3.875,2.5252199413489738,8.328836754643207,8.258846529814273,8.223851417399805,6.5,7.125,6.375,6.25,-7.818377321603128,-9.654936461388074,-9.49266862170088,-9.625953079178887,0.0,0.0,0.0,0.0,0.0,0.0,0.0,0.0,11.612418212890624
000002.8,0.66845703125,0.69140625,1.75,5.0,5.25,4.625,8.288954056695994,8.503323558162268,8.43186705767351,8.39613880742913,7.5,12.375,9.625,8.375,-7.818377321603128,-9.433919843597263,-9.183870967741935,-9.301612903225807,0.0,0.0,0.0,0.0,0.0,0.0,0.0,0.0,11.310859619140624
00002.85,0.6640625,0.70947265625,2.125,6.625,6.5,5.75,8.254936461388075,7.95791788856305,8.16642228739003,8.005816226783969,6.375,5.875,4.5,4.625,-6.97741935483871,-7.4019061583577725,-7.276979472140763,-7.339442815249267,0.0,0.0,0.0,0.0,0.0,0.0,0.0,0.0,11.64383056640625
000002.9,0.660888671875,0.75341796875,2.875,6.25,6.625,5.75,8.470381231671556,8.37492668621701,8.30425219941349,8.233577712609971,4.0,5.0,3.5,3.375,-7.752688172043011,-7.853665689149561,-7.721114369501466,-7.787390029325513,0.0,0.0,0.0,0.0,0.0,0.0,0.0,0.0,11.537028564453125
00002.95,0.665283203125,0.750732421875,3.375,7.125,6.75,6.125,8.39613880742913,8.0158357771261,8.017106549364613,8.06275659824047,5.25,5.0,4.5,4.375,-7.76275659824047,-8.930938416422288,-8.780205278592376,-8.855571847507331,0.0,0.0,0.0,0.0,0.0,0.0,0.0,0.0,11.44279150390625
000003.0,0.673095703125,0.693603515625,2.625,6.375,6.25,5.5,2.5039100684261975,8.28225806451613,8.39613880742913,8.324682306940373,6.125,9.0,7.625,7.375,-7.964125122189639,-8.57184750733138,-8.336070381231671,-8.407624633431086,0.0,0.0,0.0,0.0,0.0,0.0,0.0,0.0,11.549593505859374
00003.05,0.67822265625,0.694091796875,3.0,6.375,6.5,5.75,8.83260019550342,8.719843597262953,8.68225806451613,8.607086999022483,5.25,8.625,8.0,7.125,-7.625415444770284,-8.66314760508309,-8.476441837732162,-8.48729227761486,0.0,0.0,0.0,0.0,0.0,0.0,0.0,0.0,11.480486328125
000003.1,0.680419921875,0.7099609375,3.375,7.375,6.75,6.375,8.64882697947214,8.107526881720432,8.343548387096774,8.181769305962854,5.5,8.625,7.5,6.875,-7.299706744868036,-8.640469208211146,-8.45425219941349,-8.565982404692082,0.0,0.0,0.0,0.0,0.0,0.0,0.0,0.0,11.379966796875
00003.15,0.684814453125,0.717041015625,2.75,6.75,6.75,6.25,2.6080645161290326,8.130205278592378,8.095161290322581,8.204154447702834,3.875,6.5,7.125,6.5,-7.108113391984361,-8.039491691104596,-7.777468230694038,-7.8802541544477025,0.0,0.0,0.0,0.0,0.0,0.0,0.0,0.0,12.04590869140625
00005.25,0.0,0.0,0.0,0.0,0.0,0.0,0.0,0.0,0.0,0.0,0.0,0.125,0.125,0.25,0.0,0.0,0.0,0.0,0.0,0.0,0.0,0.0,0.0,0.0,0.0,0.0,12.598766113281249
000005.3,0.0,0.0,0.0,0.0,0.0,0.0,0.0,0.0,0.0,0.0,0.0,0.0,0.0,0.125,0.0,0.0,0.0,0.0,0.0,0.0,0.0,0.0,0.0,0.0,0.0,0.0,12.592483642578124
00005.35,0.0,-0.001953125,0.0,0.0,0.0,0.0,0.0,0.0,0.0,0.0,0.0,0.0,0.0,0.125,-0.9802541544477029,-0.9150537634408603,-0.9005865102639298,-0.9114369501466276,0.0,0.0,0.0,0.0,0.0,0.0,0.0,0.0,12.517093994140625
000005.4,-0.00146484375,-0.005615234375,0.0,0.0,0.0,0.0,-0.7228739002932552,0.0,-0.5419354838709678,-0.5397849462365593,0.25,0.125,0.25,0.5,-1.6195503421309874,-1.6198924731182796,-1.5942815249266864,-1.613489736070381,0.0,0.0,0.0,0.0,0.0,0.0,0.0,0.0,12.284642578125
00005.45,-0.00537109375,-0.005859375,0.375,0.0,0.0,0.0,-1.6202346041055717,-1.5821114369501468,-1.3696969696969696,-1.3641739980449656,2.875,3.125,3.5,3.625,-2.795210166177908,-3.224242424242424,-3.1592375366568914,-3.2112414467253174,0.0,0.0,0.0,0.0,0.0,0.0,0.0,0.0,11.863717041015624
000005.5,-0.005126953125,0.001953125,2.0,1.125,1.375,1.125,-2.4552785923753664,-1.9837243401759532,-2.0727272727272728,-2.160948191593353,6.25,5.75,6.25,6.5,-3.6358748778103616,-3.987878787878788,-3.907478005865103,-3.9717986314760507,0.0,0.0,0.0,0.0,0.0,0.0,0.0,0.0,11.19149267578125
00005.55,-0.01025390625,0.0341796875,6.625,6.0,5.75,6.0,-3.2262952101661777,-3.809237536656892,-3.793939393939394,-3.7786412512218965,10.875,10.5,11.125,11.0,-4.371456500488758,-5.042424242424242,-4.940762463343108,-5.022091886608015,0.0,0.0,0.0,0.0,0.0,0.0,0.0,0.0,10.801979492187499
000005.6,-0.02392578125,0.069580078125,9.75,8.5,7.75,8.375,-4.496578690127077,-3.7265395894428153,-3.4045454545454548,-3.435923753665689,11.25,10.0,10.25,10.25,-3.9878787878787882,-4.677077223851418,-4.571260997067449,-4.592424242424243,0.0,0.0,0.0,0.0,0.0,0.0,0.0,0.0,10.538115722656249
00005.65,-0.047119140625,0.111083984375,12.125,11.125,10.25,10.875,-5.047409579667645,-4.752688172043011,-4.751515151515152,-4.806011730205278,12.375,11.875,12.0,12.375,-4.428934506353862,-4.579863147605083,-4.476246334310851,-4.592424242424243,0.0,0.0,0.0,0.0,0.0,0.0,0.0,0.0,10.355924072265625
000005.7,-0.081298828125,0.1591796875,13.625,13.0,11.5,12.375,-5.114760508308896,-4.763489736070381,-4.507575757575759,-4.549120234604105,14.5,14.5,14.375,14.25,-3.5008797653958945,-5.681622678396872,-5.553079178885631,-5.578787878787879,0.0,0.0,0.0,0.0,0.0,0.0,0.0,0.0,10.32451171875
00005.75,-0.1201171875,0.177978515625,15.375,13.0,11.625,13.25,-5.467155425219941,-5.245650048875856,-5.143792766373412,-5.334457478005866,14.75,14.75,14.125,14.25,-5.219159335288367,-4.480449657869013,-4.235483870967743,-4.551417399804497,0.0,0.0,0.0,0.0,0.0,0.0,0.0,0.0,10.154885009765625
000005.8,-0.16748046875,0.211181640625,19.0,18.125,16.125,17.5,-3.9669599217986318,-5.970576735092865,-5.854643206256111,-5.825659824046921,19.0,17.5,16.375,17.0,-5.493206256109483,-5.728934506353861,-5.617693059628544,-5.538709677419355,0.0,0.0,0.0,0.0,0.0,0.0,0.0,0.0,9.564332763671874
00005.85,-0.20458984375,0.224853515625,13.375,16.875,14.75,15.125,-4.9328445747800584,-5.376539589442816,-5.272140762463343,-5.246041055718475,27.0,26.0,24.875,23.625,-6.023753665689151,-7.480840664711633,-7.335581622678398,-7.335581622678398,0.0,0.0,0.0,0.0,0.0,0.0,0.0,0.0,10.054365478515624
000005.9,-0.238525390625,0.233642578125,11.25,12.75,11.25,11.5,-4.674193548387096,-4.180645161290323,-4.3683284457478,-4.379276637341153,23.125,24.75,24.25,22.5,-2.8486314760508313,-6.135483870967742,-5.980547409579668,-5.980547409579668,0.0,0.0,0.0,0.0,0.0,0.0,0.0,0.0,10.494138427734375
00005.95,-0.259521484375,0.2666015625,10.0,11.5,10.125,10.125,-3.8058651026392956,-4.112903225806452,-4.167155425219942,-4.271749755620723,11.125,17.125,16.875,13.0,-1.4712609970674486,-4.432258064516129,-4.320332355816227,-4.2637341153470185,0.0,0.0,0.0,0.0,0.0,0.0,0.0,0.0,11.279447265625
000006.0,-0.261474609375,0.33251953125,6.75,7.75,6.75,6.875,-2.9929618768328443,-3.261290322580645,-3.2283479960899317,-3.2942326490713585,5.0,7.625,7.875,7.25,-0.6848973607038124,-3.2419354838709675,-3.1600684261974585,-3.075171065493646,0.0,0.0,0.0,0.0,0.0,0.0,0.0,0.0,11.9579541015625
00006.05,-0.25439453125,0.333984375,3.5,4.375,3.75,3.625,-2.697947214076246,-2.2548387096774194,-2.203323558162268,-2.2482893450635384,1.25,2.875,2.75,2.75,-1.7418377321603127,-2.070967741935484,-2.018670576735093,-2.018670576735093,0.0,0.0,0.0,0.0,0.0,0.0,0.0,0.0,12.290925048828125
000006.1,-0.258056640625,0.282958984375,0.125,0.75,0.5,0.375,0.0,-1.2434506353861192,-1.1422287390029326,-1.0375366568914957,0.0,0.0,0.0,0.125,-0.5384164222873901,-0.7847018572825024,-0.7751710654936462,-0.7815249266862171,0.0,0.0,0.0,0.0,0.0,0.0,0.0,0.0,12.441704345703124
00006.15,-0.239013671875,0.250732421875,0.125,0.0,0.0,0.0,1.0205278592375366,0.0,0.0,0.0,0.0,0.0,0.0,0.0,0.8868035190615836,0.7847018572825024,0.7751710654936462,0.7815249266862171,0.0,0.0,0.0,0.0,0.0,0.0,0.0,0.0,12.328619873046875
000006.2,-0.173828125,0.207275390625,0.75,0.375,0.625,0.25,1.1363636363636365,1.3038123167155424,1.2023460410557185,1.1210166177908114,0.125,0.5,0.625,0.625,-0.7178885630498534,-0.8209188660801563,-0.810948191593353,-0.8175953079178886,0.0,0.0,0.0,0.0,0.0,0.0,0.0,0.0,12.303489990234375
00006.25,-0.134765625,0.1259765625,1.0,0.875,0.875,0.75,1.0263929618768328,1.018181818181818,1.0020039100684262,0.9979472140762463,0.0,0.0,0.0,0.125,-0.686217008797654,-1.131818181818182,-1.1136363636363638,-1.1272727272727274,0.0,0.0,0.0,0.0,0.0,0.0,0.0,0.0,12.378879638671874
000006.3,-0.04931640625,0.048095703125,0.875,0.75,0.75,0.625,0.9652981427174976,1.006060606060606,1.0020039100684262,0.9498533724340177,0.0,0.0,0.0,0.125,0.0,0.0,0.0,0.0,0.0,0.0,0.0,0.0,0.0,0.0,0.0,0.0,12.42285693359375
00006.35,0.0078125,0.055419921875,0.125,0.125,0.125,0.0,0.0,0.0,0.0,0.0,0.375,0.75,0.75,0.875,0.0,0.0,0.0,0.0,0.0,0.0,0.0,0.0,0.0,0.0,0.0,0.0,12.485681640625
000006.4,0.02197265625,0.060791015625,0.0,0.0,0.0,0.0,0.0,0.0,0.0,0.0,0.0,0.25,0.5,0.5,0.0,0.0,0.0,0.0,0.0,0.0,0.0,0.0,0.0,0.0,0.0,0.0,12.504529052734375
00006.45,0.030517578125,0.0380859375,0.0,0.0,0.0,0.0,-0.7453567937438905,-0.6133919843597263,0.0,0.0,0.0,0.0,0.0,0.0,0.7956500488758554,0.635386119257087,0.6277614858260019,0.6328445747800586,0.0,0.0,0.0,0.0,0.0,0.0,0.0,0.0,12.404009521484374
000006.5,0.009033203125,-0.00146484375,0.5,0.375,0.25,0.125,-1.9638318670576735,-1.7420332355816226,-1.8255131964809386,-1.9151515151515153,2.875,2.75,3.0,3.0,2.7139296187683284,2.944770283479961,2.9094330400782016,2.9329912023460416,0.0,0.0,0.0,0.0,0.0,0.0,0.0,0.0,11.79460986328125
00006.55,7.32421875E-4,-0.001953125,1.375,1.625,1.625,1.375,-1.8321114369501468,-2.4398826979472137,-2.336265884652981,-2.2240469208211144,6.5,5.5,5.875,6.0,3.9128543499511244,3.425219941348974,3.35386119257087,3.3824046920821123,0.0,0.0,0.0,0.0,0.0,0.0,0.0,0.0,11.122385498046874
000006.6,-0.013427734375,-0.016357421875,3.0,3.25,3.25,3.0,-3.2331378299120233,-3.167155425219941,-3.153958944281525,-3.1275659824046924,10.25,8.375,9.0,9.125,3.1812316715542526,3.812316715542522,3.732893450635386,4.517595307917889,0.0,0.0,0.0,0.0,0.0,0.0,0.0,0.0,11.109820556640624
00006.65,-0.04296875,-0.053466796875,4.5,4.375,4.125,4.125,-2.9098240469208214,-3.354838709677419,-3.0605083088954053,-3.1275659824046924,13.75,9.875,10.5,10.75,4.776539589442816,5.67741935483871,5.559139784946237,5.6991202346041065,0.0,0.0,0.0,0.0,0.0,0.0,0.0,0.0,10.695177490234375
000006.7,-0.07958984375,-0.096923828125,6.0,5.0,4.375,4.0,-3.8217008797653964,-3.8322580645161293,-3.8145161290322585,-3.796774193548387,14.125,15.25,15.625,15.5,2.7307917888563056,5.06236559139785,4.944086021505377,4.278739002932551,0.0,0.0,0.0,0.0,0.0,0.0,0.0,0.0,11.046995849609374
00006.75,-0.112060546875,-0.142333984375,5.25,6.0,5.625,5.625,-1.678592375366569,-3.114369501466276,-3.184017595307918,-3.0332355816226784,10.0,11.625,12.0,11.875,3.5841642228739,3.7758553274682307,3.6876344086021504,3.674926686217009,0.0,0.0,0.0,0.0,0.0,0.0,0.0,0.0,11.64383056640625
000006.8,-0.191650390625,-0.218017578125,2.125,2.625,2.625,2.5,-2.375366568914956,-2.375366568914956,-2.3643695014662756,-2.353372434017595,4.125,3.625,4.0,3.875,0.0,2.0291300097751708,1.9817204301075266,2.0092375366568915,0.0,0.0,0.0,0.0,0.0,0.0,0.0,0.0,12.360032226562499
00006.85,-0.22265625,-0.22314453125,0.0,1.0,1.0,0.625,-1.3807429130009774,-1.5702834799608993,-1.460410557184751,-1.3696969696969696,0.0,0.5,0.5,0.625,-2.019648093841642,0.0,0.0,-0.5987292277614858,0.0,0.0,0.0,0.0,0.0,0.0,0.0,0.0,12.316054931640625
000006.9,-0.215576171875,-0.218017578125,0.25,0.0,0.0,0.0,0.0,0.0,0.0,0.0,1.625,2.375,2.25,2.625,-2.7171554252199415,-3.2019061583577715,-3.2112414467253174,-3.250244379276637,0.0,0.0,0.0,0.0,0.0,0.0,0.0,0.0,11.662677978515624
00006.95,-0.20458984375,-0.20166015625,1.125,0.5,0.875,0.5,1.3685239491691104,1.2022482893450637,1.19266862170088,1.187878787878788,5.75,6.75,6.75,6.875,-2.5714076246334314,-3.1160312805474097,-3.066373411534702,-3.0180840664711632,0.0,0.0,0.0,0.0,0.0,0.0,0.0,0.0,11.524463623046875
000007.0,-0.183837890625,-0.143798828125,3.625,2.75,2.625,2.625,1.9305962854349952,1.9383186705767352,2.1541055718475075,2.1454545454545455,6.375,7.625,7.75,7.875,-2.3944281524926687,-2.9197458455522973,-2.8732160312805473,-2.9081133919843594,0.0,0.0,0.0,0.0,0.0,0.0,0.0,0.0,11.662677978515624
00007.05,-0.138671875,-0.061279296875,4.5,4.25,3.75,3.875,1.72355816226784,1.9390029325513198,1.9222873900293254,1.9222873900293254,3.875,6.125,6.25,6.25,-1.6136363636363638,-1.817741935483871,-1.7783968719452592,-1.8334799608993158,0.0,0.0,0.0,0.0,0.0,0.0,0.0,0.0,11.93282421875
000007.1,-0.050048828125,0.01806640625,3.75,3.5,3.125,3.125,1.6782013685239494,1.6782013685239494,1.6637341153470186,1.6637341153470186,1.75,2.875,3.0,3.0,-1.2218963831867058,-1.5241935483870968,-1.4912023460410557,-1.5373900293255132,0.0,0.0,0.0,0.0,0.0,0.0,0.0,0.0,12.121298339843749
00007.15,7.32421875E-4,0.03857421875,2.25,2.0,1.875,1.625,1.2813294232649073,1.383382209188661,1.2702834799608993,1.2702834799608993,0.0,0.5,0.5,0.625,0.0,-0.5532258064516129,-0.5412512218963832,-0.5580156402737048,0.0,0.0,0.0,0.0,0.0,0.0,0.0,0.0,12.353749755859374
000007.2,0.015625,0.044189453125,1.125,1.0,1.0,0.875,1.2291788856304986,1.3752199413489736,1.2242424242424241,1.21930596285435,0.0,0.0,0.0,0.125,0.0,0.0,0.0,0.0,0.0,0.0,0.0,0.0,0.0,0.0,0.0,0.0,12.441704345703124
00007.25,0.039794921875,0.048828125,0.25,0.125,0.125,0.125,0.0,0.0,0.0,0.0,0.375,0.5,0.375,0.75,0.9712609970674487,1.1241446725317694,1.106158357771261,1.1196480938416424,0.0,0.0,0.0,0.0,0.0,0.0,0.0,0.0,12.416574462890624
000007.3,0.05615234375,0.052978515625,0.0,0.0,0.0,0.0,0.0,0.0,0.0,0.0,0.25,0.625,0.75,0.875,0.0,0.0,0.0,0.0,0.125,0.0,-1.6969696969696968,-0.5598240469208212,0.0,0.0,0.0,0.0,12.44798681640625
00007.35,0.06103515625,0.044189453125,0.0,0.0,0.0,0.0,0.0,0.0,0.0,0.0,0.0,0.125,0.125,0.125,0.0,0.0,0.0,0.0,2.625,0.0,-3.621700879765396,-1.5395894428152492,0.0,0.0,0.0,0.0,12.24694775390625
000007.4,0.04638671875,0.0283203125,0.0,0.0,0.0,0.0,0.0,0.0,0.0,0.0,0.0,0.0,0.0,0.0,0.0,0.0,0.0,0.0,8.875,1.625,-5.55327468230694,-2.761485826001955,0.0,0.0,0.0,0.0,12.001931396484375
00007.45,0.03125,0.017822265625,0.0,0.0,0.0,0.0,0.0,0.0,0.0,0.0,0.0,0.0,0.0,0.125,0.0,0.0,0.0,0.0,13.25,3.125,-7.001955034213099,-3.73900293255132,0.0,0.0,0.0,0.0,11.71922021484375
000007.5,0.018798828125,0.01513671875,0.0,0.0,0.0,0.0,0.0,0.0,0.0,0.0,0.0,0.0,0.0,0.125,0.0,0.0,0.0,0.0,35.5,5.5,-9.875171065493646,-4.726392961876834,0.0,0.0,0.0,0.0,11.1537978515625
00007.55,0.004150390625,0.011962890625,0.0,0.0,0.0,0.0,0.0,0.0,0.0,0.0,0.0,0.0,0.0,0.0,0.0,0.0,0.0,0.0,56.625,7.25,-8.07605083088954,-5.835874877810363,0.0,0.0,0.0,0.0,11.097255615234374
000007.6,-0.00341796875,0.00439453125,0.0,0.0,0.0,0.0,0.0,0.0,0.0,0.0,0.0,0.0,0.0,0.0,0.0,0.0,0.0,0.0,49.625,15.25,-8.07605083088954,-6.945356793743891,0.0,0.0,0.0,0.0,10.971606201171875
00007.65,-0.005126953125,2.44140625E-4,0.0,0.0,0.0,0.0,0.0,0.0,0.0,0.0,0.0,0.0,0.0,0.0,0.0,0.0,0.0,0.0,45.75,23.625,-8.07605083088954,-8.276735092864126,0.0,0.0,0.0,0.0,10.959041259765625
000007.7,-0.004638671875,-0.002685546875,0.0,0.0,0.0,0.0,0.0,0.0,0.0,0.0,0.0,0.0,0.0,0.0,0.0,0.0,0.0,0.0,40.75,30.125,-8.275953079178887,-8.475855327468231,0.0,0.0,0.0,0.0,10.99045361328125
00007.75,-0.004150390625,-0.00390625,0.0,0.0,0.0,0.0,0.0,0.0,0.0,0.0,0.0,0.0,0.0,0.0,0.0,0.0,0.0,0.0,35.125,33.5,-8.275953079178887,-8.475855327468231,0.0,0.0,0.0,0.0,11.134950439453124
000007.8,-0.00439453125,-0.00390625,0.0,0.0,0.0,0.0,0.0,0.0,0.0,0.0,0.0,0.0,0.0,0.0,0.0,0.0,0.0,0.0,35.625,29.875,-8.275953079178887,-8.475855327468231,0.0,0.0,0.0,0.0,11.260599853515625
00007.85,-0.003173828125,-0.002197265625,0.0,0.0,0.0,0.0,0.0,0.0,0.0,0.0,0.0,0.0,0.0,0.0,0.0,0.0,0.0,0.0,36.375,19.75,-8.275953079178887,-8.835679374389052,0.0,0.0,0.0,0.0,11.2291875
000007.9,-4.8828125E-4,-4.8828125E-4,0.0,0.0,0.0,0.0,0.0,0.0,0.0,0.0,0.0,0.0,0.0,0.0,0.0,0.0,0.0,0.0,36.0,12.625,-8.635777126099708,-8.835679374389052,0.0,0.0,0.0,0.0,11.147515380859375
00007.95,0.0,0.0,0.0,0.0,0.0,0.0,0.0,0.0,0.0,0.0,0.0,0.0,0.0,0.0,0.0,0.0,0.0,0.0,36.25,14.125,-8.635777126099708,-8.835679374389052,0.0,0.0,0.0,0.0,11.235469970703125
000008.0,0.0,0.0,0.0,0.0,0.0,0.0,0.0,0.0,0.0,0.0,0.0,0.0,0.0,0.125,0.0,0.0,0.0,0.0,36.0,17.125,-8.635777126099708,-8.835679374389052,0.0,0.0,0.0,0.0,11.14123291015625
00008.05,0.0,0.0,0.0,0.0,0.0,0.0,0.0,0.0,0.0,0.0,0.0,0.0,0.0,0.125,0.0,0.0,0.0,0.0,35.125,19.5,-8.395894428152491,-8.835679374389052,0.0,0.0,0.0,0.0,11.14123291015625
000008.1,0.0,2.44140625E-4,0.0,0.0,0.0,0.0,0.0,0.0,0.0,0.0,0.0,0.0,0.0,0.0,0.0,0.0,0.0,0.0,35.375,19.375,-8.395894428152491,-8.835679374389052,0.0,0.0,0.0,0.0,11.178927734375
00008.15,0.0,4.8828125E-4,0.0,0.0,0.0,0.0,0.0,0.0,0.0,0.0,0.0,0.0,0.0,0.0,0.0,0.0,0.0,0.0,36.375,18.0,-8.395894428152491,-8.91564027370479,0.0,0.0,0.0,0.0,11.348554443359374
000008.2,0.0,0.0,0.0,0.0,0.0,0.0,0.0,0.0,0.0,0.0,0.0,0.0,0.0,0.0,0.0,0.0,0.0,0.0,37.375,16.875,-8.395894428152491,-8.91564027370479,0.0,0.0,0.0,0.0,11.273164794921875
00008.25,0.0,0.0,0.0,0.0,0.0,0.0,0.0,0.0,0.0,0.0,0.0,0.0,0.0,0.0,0.0,0.0,0.0,0.0,36.375,19.25,-8.595796676441838,-8.91564027370479,0.0,0.0,0.0,0.0,11.24175244140625
000008.3,0.0,0.0,0.0,0.0,0.0,0.0,0.0,0.0,0.0,0.0,0.0,0.0,0.0,0.0,0.0,0.0,0.0,0.0,36.25,19.5,-8.595796676441838,-8.91564027370479,0.0,0.0,0.0,0.0,11.1537978515625
00008.35,0.0,0.0,0.0,0.0,0.0,0.0,0.0,0.0,0.0,0.0,0.0,0.0,0.0,0.0,0.0,0.0,0.0,0.0,35.125,18.75,-8.595796676441838,-8.835679374389052,0.0,0.0,0.0,0.0,11.335989501953124
000008.4,0.0,0.0,0.0,0.0,0.0,0.0,0.0,0.0,0.0,0.0,0.0,0.0,0.0,0.0,0.0,0.0,0.0,0.0,35.875,20.875,-8.395894428152491,-8.835679374389052,0.0,0.0,0.0,0.0,11.342271972656249
00008.45,0.0,0.0,0.0,0.0,0.0,0.0,0.0,0.0,0.0,0.0,0.0,0.0,0.0,0.0,0.0,0.0,0.0,0.0,34.625,20.5,-8.395894428152491,-8.835679374389052,0.0,0.0,0.0,0.0,11.046995849609374
000008.5,0.0,0.0,0.0,0.0,0.0,0.0,0.0,0.0,0.0,0.0,0.0,0.0,0.0,0.125,0.0,0.0,0.0,0.0,35.75,20.75,-8.395894428152491,-8.755718475073312,0.0,0.0,0.0,0.0,11.11610302734375
00008.55,0.0,0.0,0.0,0.0,0.0,0.0,0.0,0.0,0.0,0.0,0.0,0.0,0.0,0.125,0.0,0.0,0.0,0.0,36.0,20.125,-8.355913978494623,-8.755718475073312,0.0,0.0,0.0,0.0,11.26688232421875
000008.6,0.0,0.0,0.0,0.0,0.0,0.0,0.0,0.0,0.0,0.0,0.0,0.0,0.0,0.0,0.0,0.0,0.0,0.0,37.875,20.5,-8.355913978494623,-8.755718475073312,0.0,0.0,0.0,0.0,9.3947060546875
00008.65,0.0,0.0,0.0,0.0,0.0,0.0,0.0,0.0,0.0,0.0,0.0,0.0,0.0,0.0,0.0,0.0,0.0,0.0,37.0,18.625,-8.355913978494623,-8.555816226783968,0.0,0.0,3.125,3.25,11.24175244140625
000008.7,0.0,0.0,0.0,0.0,0.0,0.0,0.0,0.0,0.0,0.0,0.0,0.0,0.0,0.0,0.0,0.0,0.0,0.0,36.5,18.625,-8.355913978494623,-8.555816226783968,0.0,0.0,4.0,3.875,11.24175244140625
00008.75,0.0,0.0,0.0,0.0,0.0,0.0,0.0,0.0,0.0,0.0,0.0,0.0,0.0,0.0,0.0,0.0,0.0,0.0,36.625,19.25,-8.435874877810361,-8.555816226783968,0.0,0.0,4.0,3.875,11.1035380859375
000008.8,0.0,0.0,0.0,0.0,0.0,0.0,0.0,0.0,0.0,0.0,0.0,0.0,0.0,0.0,0.0,0.0,0.0,0.0,38.0,22.625,-8.435874877810361,-8.635777126099708,0.0,0.0,0.0,0.0,11.4302265625
00008.85,0.0,0.0,0.0,0.0,0.0,0.0,0.0,0.0,0.0,0.0,0.0,0.0,0.0,0.0,0.0,0.0,0.0,0.0,37.875,22.625,-8.435874877810361,-8.635777126099708,0.0,0.0,0.0,0.0,11.084690673828124
000008.9,0.0,0.0,0.0,0.0,0.0,0.0,0.0,0.0,0.0,0.0,0.0,0.0,0.0,0.0,0.0,0.0,0.0,0.0,36.625,20.25,-8.435874877810361,-8.635777126099708,0.0,0.0,0.0,0.0,11.065843261718749
00008.95,0.0,0.0,0.0,0.0,0.0,0.0,0.0,0.0,0.0,0.0,0.0,0.0,0.0,0.0,0.0,0.0,0.0,0.0,35.75,20.125,-8.435874877810361,-8.715738025415444,0.0,0.0,0.0,0.0,11.379966796875
000009.0,0.0,0.0,0.0,0.0,0.0,0.0,0.0,0.0,0.0,0.0,0.0,0.0,0.0,0.0,0.0,0.0,0.0,0.0,36.625,19.0,-8.435874877810361,-8.715738025415444,0.0,0.0,0.0,0.0,11.197775146484375
00009.05,0.0,0.0,0.0,0.0,0.0,0.0,0.0,0.0,0.0,0.0,0.0,0.0,0.0,0.0,0.0,0.0,0.0,0.0,34.5,22.375,-8.435874877810361,-8.715738025415444,0.0,0.0,0.0,0.0,11.348554443359374
000009.1,0.0,0.0,0.0,0.0,0.0,0.0,0.0,0.0,0.0,0.0,0.0,0.0,0.0,0.0,0.0,0.0,0.0,0.0,32.75,21.875,-8.635777126099708,-8.755718475073312,0.0,0.0,0.0,0.0,11.178927734375
00009.15,0.0,0.0,0.0,0.0,0.0,0.0,0.0,0.0,0.0,0.0,0.0,0.0,0.0,0.0,0.0,0.0,0.0,0.0,35.75,21.375,-8.635777126099708,-8.755718475073312,0.0,0.0,0.0,0.0,11.1537978515625
000009.2,0.0,-2.44140625E-4,0.0,0.0,0.0,0.0,0.0,0.0,0.0,0.0,0.0,0.0,0.0,0.0,0.0,0.0,0.0,0.0,36.625,22.0,-8.635777126099708,-8.755718475073312,0.0,0.0,0.0,0.0,11.26688232421875
00009.25,0.0,0.0,0.0,0.0,0.0,0.0,0.0,0.0,0.0,0.0,0.0,0.0,0.0,0.0,0.0,0.0,0.0,0.0,37.75,22.5,-8.555816226783968,-8.755718475073312,0.0,0.0,0.0,0.0,11.24175244140625
000009.3,0.0,0.0,0.0,0.0,0.0,0.0,0.0,0.0,0.0,0.0,0.0,0.0,0.0,0.0,0.0,0.0,0.0,0.0,36.75,21.625,-8.555816226783968,-8.835679374389052,0.0,0.0,0.0,0.0,11.09097314453125
00009.35,0.0,0.0,0.0,0.0,0.0,0.0,0.0,0.0,0.0,0.0,0.0,0.0,0.0,0.0,0.0,0.0,0.0,0.0,37.875,20.75,-8.555816226783968,-8.835679374389052,0.0,0.0,0.0,0.0,11.14123291015625
000009.4,0.0,0.0,0.0,0.0,0.0,0.0,0.0,0.0,0.0,0.0,0.0,0.0,0.0,0.125,0.0,0.0,0.0,0.0,37.875,21.5,-8.555816226783968,-8.835679374389052,0.0,0.0,0.0,0.0,11.24175244140625
00009.45,0.0,0.0,0.0,0.0,0.0,0.0,0.0,0.0,0.0,0.0,0.0,0.0,0.0,0.125,0.0,0.0,0.0,0.0,35.625,21.375,-8.395894428152491,-8.635777126099708,0.0,0.0,0.0,0.0,11.235469970703125
000009.5,0.0,0.0,0.0,0.0,0.0,0.0,0.0,0.0,0.0,0.0,0.0,0.0,0.0,0.0,0.0,0.0,0.0,0.0,32.5,16.75,0.0,0.0,0.0,0.0,0.0,0.0,12.347467285156249
00009.55,0.0,0.0,0.0,0.0,0.0,0.0,0.0,0.0,0.0,0.0,0.0,0.0,0.0,0.0,0.0,0.0,0.0,0.0,0.0,0.0,0.0,0.0,0.0,0.0,0.0,0.0,12.404009521484374
000009.6,2.44140625E-4,0.0,0.0,0.0,0.0,0.0,0.0,0.0,0.0,0.0,0.0,0.0,0.0,0.125,0.0,0.0,0.0,0.0,0.0,0.0,0.0,0.0,0.0,0.0,0.0,0.0,12.416574462890624
00009.65,0.00341796875,7.32421875E-4,0.0,0.0,0.0,0.0,0.0,0.0,0.0,0.0,0.0,0.0,0.0,0.0,0.0,0.0,0.0,0.0,0.0,0.0,0.0,0.0,0.0,0.0,0.0,0.0,12.429139404296874
000009.7,0.004150390625,0.00146484375,0.125,0.0,0.0,0.0,0.6624633431085044,0.6133919843597263,0.6571847507331379,0.6545454545454545,0.0,0.0,0.0,0.125,-0.9721407624633432,-0.907820136852395,-0.8933528836754644,-0.9005865102639298,0.0,0.0,0.0,0.0,0.0,0.0,0.0,0.0,12.347467285156249
00009.75,-0.001220703125,0.0,0.625,0.25,0.375,0.125,1.5090909090909093,1.5090909090909093,1.5030303030303032,1.490909090909091,1.0,1.25,1.125,1.375,-2.203519061583578,-2.2514662756598245,-2.2152981427174976,-2.233382209188661,0.0,0.0,0.0,0.0,0.0,0.0,0.0,0.0,12.102450927734374
000009.8,-0.0068359375,-0.00244140625,1.375,1.125,1.5,0.875,2.0932551319648094,2.0324046920821117,2.084848484848485,2.0680351906158356,2.625,2.875,3.0,3.125,-2.5394428152492674,-3.006011730205279,-2.9577223851417402,-2.9818670576735093,0.0,0.0,0.0,0.0,0.0,0.0,0.0,0.0,11.750632568359375
00009.85,-0.006591796875,0.002685546875,1.875,2.125,1.625,1.5,2.470527859237537,1.8863636363636367,1.878787878787879,1.9598240469208212,3.375,4.625,4.625,4.625,-2.600146627565983,-3.1277126099706747,-3.0774682306940373,-3.1025904203323558,0.0,0.0,0.0,0.0,0.0,0.0,0.0,0.0,11.725502685546875
000009.9,0.017822265625,0.045166015625,3.25,2.5,2.375,2.25,2.8356304985337246,2.628934506353861,2.6068426197458456,2.6068426197458456,3.75,5.125,5.375,5.125,-2.4888563049853376,-3.0011730205278595,-2.950733137829912,-2.9759530791788857,0.0,0.0,0.0,0.0,0.0,0.0,0.0,0.0,11.876281982421874
00009.95,0.049072265625,0.082275390625,2.5,2.5,2.25,2.125,2.628934506353861,1.4889540566959922,1.4764418377321604,1.4764418377321604,2.75,3.5,3.625,3.5,-2.215689149560118,-2.5475073313782994,-2.5046920821114367,-2.5260997067448683,0.0,0.0,0.0,0.0,0.0,0.0,0.0,0.0,12.121298339843749
000010.0,0.112548828125,0.12353515625,2.5,1.25,1.75,1.125,2.6638318670576737,1.593646138807429,1.787878787878788,1.764809384164223,1.375,2.375,2.375,2.375,-2.172873900293255,-2.0705767350928643,-2.0357771260997066,-2.053176930596286,0.0,0.0,0.0,0.0,0.0,0.0,0.0,0.0,12.027061279296875
00010.05,0.128662109375,0.13525390625,2.0,1.75,1.875,1.625,2.4079178885630497,1.8800097751710656,1.7053763440860215,1.6494623655913978,1.25,2.0,1.875,2.0,-1.8851417399804498,-2.370967741935484,-2.247311827956989,-2.2751710654936463,0.0,0.0,0.0,0.0,0.0,0.0,0.0,0.0,12.17155810546875
000010.1,0.1337890625,0.13330078125,1.75,1.5,1.875,1.625,2.212316715542522,2.203323558162268,2.194330400782014,2.1763440860215053,0.125,1.25,1.25,1.375,-1.379130009775171,-1.6764418377321602,-1.6559139784946235,-1.6764418377321602,0.0,0.0,0.0,0.0,0.0,0.0,0.0,0.0,12.353749755859374
00010.15,0.13525390625,0.13232421875,1.125,1.125,1.25,1.125,1.815542521994135,1.3291788856304985,1.5145650048875856,1.6913978494623654,0.0,0.125,0.25,0.5,-1.1033724340175954,-1.2573313782991202,-1.2419354838709677,-1.2573313782991202,0.0,0.0,0.0,0.0,0.0,0.0,0.0,0.0,12.416574462890624
000010.2,0.132080078125,0.126220703125,0.375,0.25,0.25,0.125,0.9859237536656892,1.1735092864125123,1.1687194525904203,1.1591397849462366,0.0,0.0,0.0,0.0,0.0,0.0,0.0,0.0,0.0,0.0,0.0,0.0,0.0,0.0,0.0,0.0,12.479399169921875
00010.25,0.1240234375,0.12060546875,0.125,0.125,0.125,0.0,-0.9607038123167155,0.0,0.0,-0.5841642228739004,0.0,0.0,0.0,0.125,1.2925219941348973,1.4041055718475073,1.3818181818181818,1.398533724340176,0.0,0.0,0.0,0.0,0.0,0.0,0.0,0.0,12.184123046875
000010.3,0.116455078125,0.115966796875,0.0,0.0,0.0,0.0,0.0,0.0,0.0,0.0,0.125,0.5,0.625,0.625,0.0,0.0,0.0,0.0,0.0,0.0,0.0,0.0,0.0,0.0,0.0,0.0,12.341184814453124
00010.35,0.10888671875,0.0810546875,0.0,0.0,0.0,0.0,0.0,0.0,0.0,0.0,0.0,0.0,0.0,0.125,0.0,0.0,0.0,0.0,0.0,0.0,0.0,0.0,4.25,4.375,0.0,0.0,12.372597167968749
000010.4,0.0771484375,0.0625,0.0,0.0,0.0,0.0,0.0,0.0,0.0,0.0,0.0,0.0,0.0,0.125,0.0,0.0,0.0,0.0,0.0,0.0,0.0,0.0,0.0,0.0,0.0,0.0,12.39772705078125
00010.45,0.066650390625,0.056884765625,0.0,0.0,0.0,0.0,0.0,0.0,0.0,0.0,0.0,0.0,0.0,0.125,0.0,0.0,0.0,0.0,0.0,0.0,0.0,0.0,0.0,0.0,0.0,0.0,12.416574462890624
000010.5,0.061279296875,0.0400390625,0.0,0.0,0.0,0.0,0.0,0.0,0.0,0.0,0.0,0.0,0.0,0.125,0.0,0.0,0.0,0.0,0.0,0.0,0.0,0.0,0.0,0.0,0.0,0.0,12.441704345703124
00010.55,0.051513671875,0.027099609375,0.0,0.0,0.0,0.0,0.0,0.0,0.0,0.0,0.0,0.0,0.0,0.125,0.0,0.0,0.0,0.0,0.0,0.0,0.0,0.0,0.0,0.0,0.0,0.0,12.44798681640625
000010.6,0.04150390625,0.0205078125,0.0,0.0,0.0,0.0,0.0,0.0,0.0,0.0,0.0,0.0,0.0,0.125,0.0,0.0,0.0,0.0,0.0,0.0,0.0,0.0,0.0,0.0,0.0,0.0,12.441704345703124
00010.65,0.033203125,0.016845703125,0.0,0.0,0.0,0.0,0.0,0.0,0.0,0.0,0.0,0.0,0.0,0.125,0.0,0.0,0.0,0.0,0.0,0.0,0.0,0.0,0.0,0.0,0.0,0.0,12.454269287109375
000010.7,0.01416015625,0.01025390625,0.0,0.0,0.0,0.0,0.0,0.0,0.0,0.0,0.0,0.0,0.0,0.125,0.0,0.0,0.0,0.0,0.0,0.0,0.0,0.0,0.0,0.0,0.0,0.0,12.435421875
00010.75,0.002197265625,0.002197265625,0.0,0.0,0.0,0.0,0.0,0.0,0.0,0.0,0.0,0.0,0.0,0.0,0.0,0.0,0.0,0.0,0.0,0.0,0.0,0.0,0.0,0.0,0.0,0.0,12.466834228515625
000010.8,-0.006591796875,-0.00830078125,0.0,0.0,0.0,0.0,0.0,0.0,0.0,0.0,0.0,0.0,0.0,0.0,0.0,0.0,0.0,0.0,0.0,0.0,0.0,0.0,0.0,0.0,0.0,0.0,12.454269287109375
00010.85,-0.01416015625,-0.02392578125,0.0,0.0,0.0,0.0,0.0,0.0,0.0,0.0,0.0,0.0,0.0,0.0,0.0,0.0,0.0,0.0,0.0,0.0,0.0,0.0,0.0,0.0,0.0,0.0,12.4605517578125
000010.9,-0.0146484375,-0.022216796875,0.0,0.0,0.0,0.0,0.0,0.0,0.0,0.0,0.0,0.0,0.0,0.0,0.0,0.0,0.0,0.0,0.0,0.0,0.0,0.0,0.0,0.0,0.0,0.0,12.47311669921875
00010.95,-0.011474609375,-0.010986328125,0.125,0.0,0.0,0.0,0.0,0.0,0.0,0.0,0.0,0.0,0.0,0.0,0.0,0.0,0.0,0.0,0.0,0.0,0.0,0.0,0.0,0.0,0.0,0.0,12.466834228515625
000011.0,-0.00634765625,-0.002197265625,0.0,0.0,0.0,0.0,0.0,0.0,0.0,0.0,0.0,0.0,0.0,0.125,0.0,0.0,0.0,0.0,0.0,0.0,0.0,0.0,0.0,0.0,0.0,0.0,12.47311669921875
00011.05,-0.001220703125,0.00537109375,0.0,0.0,0.0,0.0,0.0,0.0,0.0,0.0,0.0,0.0,0.0,0.0,0.0,0.0,0.0,0.0,0.0,0.0,0.0,0.0,0.0,0.0,0.0,0.0,12.47311669921875
000011.1,0.00439453125,0.009765625,0.125,0.0,0.0,0.0,0.0,0.0,0.0,0.0,0.0,0.0,0.0,0.125,0.0,0.0,0.0,0.0,0.0,0.0,0.0,0.0,0.0,0.0,0.0,0.0,12.491964111328125
00011.15,0.006591796875,0.00830078125,0.0,0.0,0.0,0.0,0.0,0.0,0.0,0.0,0.0,0.0,0.0,0.125,0.0,0.0,0.0,0.0,0.0,0.0,0.0,0.0,0.0,0.0,0.0,0.0,12.491964111328125
000011.2,0.007080078125,0.0048828125,0.0,0.0,0.0,0.0,0.0,0.0,0.0,0.0,0.0,0.0,0.0,0.0,0.0,0.0,0.0,0.0,0.0,0.0,0.0,0.0,0.0,0.0,0.0,0.0,12.47311669921875
00011.25,0.00537109375,2.44140625E-4,0.0,0.0,0.0,0.0,0.0,0.0,0.0,0.0,0.0,0.0,0.0,0.0,0.0,0.0,0.0,0.0,0.0,0.0,0.0,0.0,0.0,0.0,0.0,0.0,12.466834228515625
000011.3,-2.44140625E-4,0.0,0.0,0.0,0.0,0.0,0.0,0.0,0.0,0.0,0.0,0.0,0.0,0.0,0.0,0.0,0.0,0.0,0.0,0.0,0.0,0.0,0.0,0.0,0.0,0.0,12.485681640625
00011.35,-0.00341796875,0.0,0.125,0.0,0.0,0.0,0.0,0.0,0.0,0.0,0.0,0.0,0.0,0.0,0.0,0.0,0.0,0.0,0.0,0.0,0.0,0.0,0.0,0.0,0.0,0.0,12.479399169921875
000011.4,-0.003662109375,-7.32421875E-4,0.0,0.0,0.0,0.0,0.0,0.0,0.0,0.0,0.0,0.0,0.0,0.0,0.0,0.0,0.0,0.0,0.0,0.0,0.0,0.0,0.0,0.0,0.0,0.0,12.479399169921875
00011.45,-0.001220703125,-9.765625E-4,0.0,0.0,0.0,0.0,0.0,0.0,0.0,0.0,0.0,0.0,0.0,0.125,0.0,0.0,0.0,0.0,0.0,0.0,0.0,0.0,0.0,0.0,0.0,0.0,12.491964111328125
000011.5,2.44140625E-4,-2.44140625E-4,0.0,0.0,0.0,0.0,0.0,0.0,0.0,0.0,0.0,0.0,0.0,0.125,0.0,0.0,0.0,0.0,0.0,0.0,0.0,0.0,0.0,0.0,0.0,0.0,12.491964111328125
00011.55,7.32421875E-4,4.8828125E-4,0.0,0.0,0.0,0.0,0.0,0.0,0.0,0.0,0.0,0.0,0.0,0.125,0.0,0.0,0.0,0.0,0.0,0.0,0.0,0.0,0.0,0.0,0.0,0.0,12.504529052734375
000011.6,0.0,2.44140625E-4,0.0,0.0,0.0,0.0,0.0,0.0,0.0,0.0,0.0,0.0,0.0,0.125,0.0,0.0,0.0,0.0,0.0,0.0,0.0,0.0,0.0,0.0,0.0,0.0,12.504529052734375
00011.65,0.0,0.0,0.125,0.0,0.0,0.0,0.0,0.0,0.0,0.0,0.0,0.0,0.0,0.0,0.0,0.0,0.0,0.0,0.0,0.0,0.0,0.0,0.0,0.0,0.0,0.0,12.504529052734375
000011.7,0.0,0.0,0.125,0.0,0.0,0.0,0.0,0.0,0.0,0.0,0.0,0.0,0.0,0.125,0.0,0.0,0.0,0.0,0.0,0.0,0.0,0.0,0.0,0.0,0.0,0.0,12.491964111328125
00011.75,0.0,0.0,0.125,0.0,0.0,0.0,0.0,0.0,0.0,0.0,0.0,0.0,0.0,0.125,0.0,0.0,0.0,0.0,0.0,0.0,0.0,0.0,0.0,0.0,0.0,0.0,12.504529052734375
000011.8,0.0,0.0,0.125,0.0,0.0,0.0,0.0,0.0,0.0,0.0,0.0,0.0,0.0,0.125,0.0,0.0,0.0,0.0,0.0,0.0,0.0,0.0,0.0,0.0,0.0,0.0,12.49824658203125
00011.85,0.0,0.0,0.125,0.0,0.0,0.0,0.0,0.0,0.0,0.0,0.0,0.0,0.0,0.0,0.0,0.0,0.0,0.0,0.0,0.0,0.0,0.0,0.0,0.0,0.0,0.0,12.504529052734375
000011.9,0.0,0.0,0.0,0.0,0.0,0.0,0.0,0.0,0.0,0.0,0.0,0.0,0.0,0.125,0.0,0.0,0.0,0.0,0.0,0.0,0.0,0.0,0.0,0.0,0.0,0.0,12.529658935546875
00011.95,0.0,0.0,0.0,0.0,0.0,0.0,0.0,0.0,0.0,0.0,0.0,0.0,0.0,0.0,0.0,0.0,0.0,0.0,0.0,0.0,0.0,0.0,0.0,0.0,0.0,0.0,12.517093994140625
000012.0,0.0,0.0,0.0,0.0,0.0,0.0,0.0,0.0,0.0,0.0,0.0,0.0,0.0,0.0,0.0,0.0,0.0,0.0,0.0,0.0,0.0,0.0,0.0,0.0,0.0,0.0,12.5108115234375
00012.05,0.0,0.0,0.0,0.0,0.0,0.0,0.0,0.0,0.0,0.0,0.0,0.0,0.0,0.0,0.0,0.0,0.0,0.0,0.0,0.0,0.0,0.0,0.0,0.0,0.0,0.0,12.504529052734375
000012.1,0.0,0.0,0.125,0.0,0.0,0.0,0.0,0.0,0.0,0.0,0.0,0.0,0.0,0.0,0.0,0.0,0.0,0.0,0.0,0.0,0.0,0.0,0.0,0.0,0.0,0.0,12.5108115234375
00012.15,0.0,0.0,0.125,0.0,0.0,0.0,0.0,0.0,0.0,0.0,0.0,0.0,0.0,0.0,0.0,0.0,0.0,0.0,0.0,0.0,0.0,0.0,0.0,0.0,0.0,0.0,12.529658935546875
000012.2,0.0,0.0,0.0,0.0,0.0,0.0,0.0,0.0,0.0,0.0,0.0,0.0,0.0,0.125,0.0,0.0,0.0,0.0,0.0,0.0,0.0,0.0,0.0,0.0,0.0,0.0,12.5108115234375
00012.25,0.0,0.0,0.0,0.0,0.0,0.0,0.0,0.0,0.0,0.0,0.0,0.0,0.0,0.0,0.0,0.0,0.0,0.0,0.0,0.0,0.0,0.0,0.0,0.0,0.0,0.0,12.517093994140625
000012.3,0.0,0.0,0.0,0.0,0.0,0.0,0.0,0.0,0.0,0.0,0.0,0.0,0.0,0.0,0.0,0.0,0.0,0.0,0.0,0.0,0.0,0.0,0.0,0.0,0.0,0.0,12.52337646484375
00012.35,0.0,0.0,0.0,0.0,0.0,0.0,0.0,0.0,0.0,0.0,0.0,0.0,0.0,0.125,0.0,0.0,0.0,0.0,0.0,0.0,0.0,0.0,0.0,0.0,0.0,0.0,12.52337646484375
000012.4,0.0,0.0,0.125,0.0,0.0,0.0,0.0,0.0,0.0,0.0,0.0,0.0,0.0,0.0,0.0,0.0,0.0,0.0,0.0,0.0,0.0,0.0,0.0,0.0,0.0,0.0,12.479399169921875
00012.45,0.0,0.0,0.125,0.0,0.0,0.0,0.0,0.0,0.0,0.0,0.0,0.0,0.0,0.0,0.0,0.0,0.0,0.0,0.0,0.0,0.0,0.0,0.0,0.0,0.0,0.0,12.5108115234375
000012.5,0.0,0.0,0.0,0.0,0.0,0.0,0.0,0.0,0.0,0.0,0.0,0.0,0.0,0.0,0.0,0.0,0.0,0.0,0.0,0.0,0.0,0.0,0.0,0.0,0.0,0.0,12.529658935546875
00012.55,0.0,0.0,0.0,0.0,0.0,0.0,0.0,0.0,0.0,0.0,0.0,0.0,0.0,0.0,0.0,0.0,0.0,0.0,0.0,0.0,0.0,0.0,0.0,0.0,0.0,0.0,12.53594140625
000012.6,0.0,0.0,0.0,0.0,0.0,0.0,0.0,0.0,0.0,0.0,0.0,0.0,0.0,0.125,0.0,0.0,0.0,0.0,0.0,0.0,0.0,0.0,0.0,0.0,0.0,0.0,12.542223876953125
00012.65,0.0,0.0,0.0,0.0,0.0,0.0,0.0,0.0,0.0,0.0,0.0,0.0,0.0,0.125,0.0,0.0,0.0,0.0,0.0,0.0,0.0,0.0,0.0,0.0,0.0,0.0,12.52337646484375
000012.7,0.0,0.0,0.0,0.0,0.0,0.0,0.0,0.0,0.0,0.0,0.0,0.0,0.0,0.125,0.0,0.0,0.0,0.0,0.0,0.0,0.0,0.0,0.0,0.0,0.0,0.0,12.542223876953125
00012.75,0.0,0.0,0.0,0.0,0.0,0.0,0.0,0.0,0.0,0.0,0.0,0.0,0.0,0.125,0.0,0.0,0.0,0.0,0.0,0.0,0.0,0.0,0.0,0.0,0.0,0.0,12.54850634765625
000012.8,0.0,0.0,0.0,0.0,0.0,0.0,0.0,0.0,0.0,0.0,0.0,0.0,0.0,0.125,0.0,0.0,0.0,0.0,0.0,0.0,0.0,0.0,0.0,0.0,0.0,0.0,12.53594140625
00012.85,0.0,0.0,0.125,0.0,0.0,0.0,0.0,0.0,0.0,0.0,0.0,0.0,0.0,0.0,0.0,0.0,0.0,0.0,0.0,0.0,0.0,0.0,0.0,0.0,0.0,0.0,12.53594140625
000012.9,0.0,0.0,0.0,0.0,0.0,0.0,0.0,0.0,0.0,0.0,0.0,0.0,0.0,0.0,0.0,0.0,0.0,0.0,0.0,0.0,0.0,0.0,0.0,0.0,0.0,0.0,12.542223876953125
00012.95,0.0,0.0,0.0,0.0,0.0,0.0,0.0,0.0,0.0,0.0,0.0,0.0,0.0,0.125,0.0,0.0,0.0,0.0,0.0,0.0,0.0,0.0,0.0,0.0,0.0,0.0,12.542223876953125
000013.0,0.0,0.0,0.0,0.0,0.0,0.0,0.0,0.0,0.0,0.0,0.0,0.0,0.0,0.125,0.0,0.0,0.0,0.0,0.0,0.0,0.0,0.0,0.0,0.0,0.0,0.0,12.529658935546875
00013.05,0.0,0.0,0.125,0.0,0.0,0.0,0.0,0.0,0.0,0.0,0.0,0.0,0.0,0.125,0.0,0.0,0.0,0.0,0.0,0.0,0.0,0.0,0.0,0.0,0.0,0.0,12.54850634765625
000013.1,0.0,0.0,0.0,0.0,0.0,0.0,0.0,0.0,0.0,0.0,0.0,0.0,0.0,0.125,0.0,0.0,0.0,0.0,0.0,0.0,0.0,0.0,0.0,0.0,0.0,0.0,12.54850634765625
00013.15,0.0,0.0,0.0,0.0,0.0,0.0,0.0,0.0,0.0,0.0,0.0,0.0,0.0,0.125,0.0,0.0,0.0,0.0,0.0,0.0,0.0,0.0,0.0,0.0,0.0,0.0,12.542223876953125
000013.2,0.0,0.0,0.0,0.0,0.0,0.0,0.0,0.0,0.0,0.0,0.0,0.0,0.0,0.125,0.0,0.0,0.0,0.0,0.0,0.0,0.0,0.0,0.0,0.0,0.0,0.0,12.54850634765625
00013.25,0.0,0.0,0.0,0.0,0.0,0.0,0.0,0.0,0.0,0.0,0.0,0.0,0.0,0.125,0.0,0.0,0.0,0.0,0.0,0.0,0.0,0.0,0.0,0.0,0.0,0.0,12.54850634765625
000013.3,0.0,0.0,0.0,0.0,0.0,0.0,0.0,0.0,0.0,0.0,0.0,0.0,0.0,0.125,0.0,0.0,0.0,0.0,0.0,0.0,0.0,0.0,0.0,0.0,0.0,0.0,12.54850634765625
00013.35,0.0,0.0,0.0,0.0,0.0,0.0,0.0,0.0,0.0,0.0,0.0,0.0,0.0,0.125,0.0,0.0,0.0,0.0,0.0,0.0,0.0,0.0,0.0,0.0,0.0,0.0,12.54850634765625
000013.4,0.0,0.0,0.125,0.0,0.0,0.0,0.0,0.0,0.0,0.0,0.0,0.0,0.0,0.0,0.0,0.0,0.0,0.0,0.0,0.0,0.0,0.0,0.0,0.0,0.0,0.0,12.54850634765625
00013.45,0.0,0.0,0.125,0.0,0.0,0.0,0.0,0.0,0.0,0.0,0.0,0.0,0.0,0.0,0.0,0.0,0.0,0.0,0.0,0.0,0.0,0.0,0.0,0.0,0.0,0.0,12.554788818359375
000013.5,0.0,0.0,0.0,0.0,0.0,0.0,0.0,0.0,0.0,0.0,0.0,0.0,0.0,0.0,0.0,0.0,0.0,0.0,0.0,0.0,0.0,0.0,0.0,0.0,0.0,0.0,12.5610712890625
00013.55,0.0,0.0,0.0,0.0,0.0,0.0,0.0,0.0,0.0,0.0,0.0,0.0,0.0,0.0,0.0,0.0,0.0,0.0,0.0,0.0,0.0,0.0,0.0,0.0,0.0,0.0,12.5610712890625
000013.6,0.0,0.0,0.0,0.0,0.0,0.0,0.0,0.0,0.0,0.0,0.0,0.0,0.0,0.125,0.0,0.0,0.0,0.0,0.0,0.0,0.0,0.0,0.0,0.0,0.0,0.0,12.5610712890625
00013.65,0.0,0.0,0.125,0.0,0.0,0.0,0.0,0.0,0.0,0.0,0.0,0.0,0.0,0.0,0.0,0.0,0.0,0.0,0.0,0.0,0.0,0.0,0.0,0.0,0.0,0.0,12.542223876953125
000013.7,0.0,0.0,0.0,0.0,0.0,0.0,0.0,0.0,0.0,0.0,0.0,0.0,0.0,0.125,0.0,0.0,0.0,0.0,0.0,0.0,0.0,0.0,0.0,0.0,0.0,0.0,12.54850634765625
00013.75,0.0,0.0,0.125,0.0,0.0,0.0,0.0,0.0,0.0,0.0,0.0,0.0,0.0,0.125,0.0,0.0,0.0,0.0,0.0,0.0,0.0,0.0,0.0,0.0,0.0,0.0,12.542223876953125
000013.8,0.0,0.0,0.0,0.0,0.0,0.0,0.0,0.0,0.0,0.0,0.0,0.0,0.0,0.125,0.0,0.0,0.0,0.0,0.0,0.0,0.0,0.0,0.0,0.0,0.0,0.0,12.554788818359375
00013.85,0.0,0.0,0.0,0.0,0.0,0.0,0.0,0.0,0.0,0.0,0.0,0.0,0.0,0.0,0.0,0.0,0.0,0.0,0.0,0.0,0.0,0.0,0.0,0.0,0.0,0.0,12.5610712890625
000013.9,0.0,0.0,0.0,0.0,0.0,0.0,0.0,0.0,0.0,0.0,0.0,0.0,0.0,0.125,0.0,0.0,0.0,0.0,0.0,0.0,0.0,0.0,0.0,0.0,0.0,0.0,12.567353759765625
00013.95,0.0,0.0,0.125,0.0,0.0,0.0,0.0,0.0,0.0,0.0,0.0,0.0,0.0,0.125,0.0,0.0,0.0,0.0,0.0,0.0,0.0,0.0,0.0,0.0,0.0,0.0,12.554788818359375
000014.0,0.0,0.0,0.0,0.0,0.0,0.0,0.0,0.0,0.0,0.0,0.0,0.0,0.0,0.125,0.0,0.0,0.0,0.0,0.0,0.0,0.0,0.0,0.0,0.0,0.0,0.0,12.57363623046875
00014.05,0.0,0.0,0.0,0.0,0.0,0.0,0.0,0.0,0.0,0.0,0.0,0.0,0.0,0.125,0.0,0.0,0.0,0.0,0.0,0.0,0.0,0.0,0.0,0.0,0.0,0.0,12.54850634765625
000014.1,0.0,0.0,0.0,0.0,0.0,0.0,0.0,0.0,0.0,0.0,0.0,0.0,0.0,0.125,0.0,0.0,0.0,0.0,0.0,0.0,0.0,0.0,0.0,0.0,0.0,0.0,12.5610712890625
00014.15,0.0,0.0,0.0,0.0,0.0,0.0,0.0,0.0,0.0,0.0,0.0,0.0,0.0,0.125,0.0,0.0,0.0,0.0,0.0,0.0,0.0,0.0,0.0,0.0,0.0,0.0,12.5610712890625
000014.2,0.0,0.0,0.0,0.0,0.0,0.0,0.0,0.0,0.0,0.0,0.0,0.0,0.0,0.125,0.0,0.0,0.0,0.0,0.0,0.0,0.0,0.0,0.0,0.0,0.0,0.0,12.5610712890625
00014.25,0.0,0.0,0.125,0.0,0.0,0.0,0.0,0.0,0.0,0.0,0.0,0.0,0.0,0.0,0.0,0.0,0.0,0.0,0.0,0.0,0.0,0.0,0.0,0.0,0.0,0.0,12.57363623046875
000014.3,0.0,0.0,0.0,0.0,0.0,0.0,0.0,0.0,0.0,0.0,0.0,0.0,0.0,0.0,0.0,0.0,0.0,0.0,0.0,0.0,0.0,0.0,0.0,0.0,0.0,0.0,12.630178466796874
00014.35,0.0,0.0,0.125,0.0,0.0,0.0,0.0,0.0,0.0,0.0,0.0,0.0,0.0,0.125,0.0,0.0,0.0,0.0,0.0,0.0,0.0,0.0,0.0,0.0,0.0,0.0,12.642743408203124
000014.4,0.0,0.0,0.125,0.0,0.0,0.0,0.0,0.0,0.0,0.0,0.0,0.0,0.0,0.125,0.0,0.0,0.0,0.0,0.0,0.0,0.0,0.0,0.0,0.0,0.0,0.0,12.642743408203124
00014.45,0.0,0.0,0.125,0.0,0.0,0.0,0.0,0.0,0.0,0.0,0.0,0.0,0.0,0.0,0.0,0.0,0.0,0.0,0.0,0.0,0.0,0.0,0.0,0.0,0.0,0.0,12.636460937499999
000014.5,0.0,0.0,0.125,0.0,0.0,0.0,0.0,0.0,0.0,0.0,0.0,0.0,0.0,0.0,0.0,0.0,0.0,0.0,0.0,0.0,0.0,0.0,0.0,0.0,0.0,0.0,12.642743408203124
00014.55,0.0,0.0,0.125,0.0,0.0,0.0,0.0,0.0,0.0,0.0,0.0,0.0,0.0,0.125,0.0,0.0,0.0,0.0,0.0,0.0,0.0,0.0,0.0,0.0,0.0,0.0,12.642743408203124
000014.6,0.0,0.0,0.125,0.0,0.0,0.0,0.0,0.0,0.0,0.0,0.0,0.0,0.0,0.125,0.0,0.0,0.0,0.0,0.0,0.0,0.0,0.0,0.0,0.0,0.0,0.0,12.636460937499999
00014.65,0.0,0.0,0.0,0.0,0.0,0.0,0.0,0.0,0.0,0.0,0.0,0.0,0.0,0.125,0.0,0.0,0.0,0.0,0.0,0.0,0.0,0.0,0.0,0.0,0.0,0.0,12.649025878906249
000014.7,0.0,0.0,0.0,0.0,0.0,0.0,0.0,0.0,0.0,0.0,0.0,0.0,0.0,0.125,0.0,0.0,0.0,0.0,0.0,0.0,0.0,0.0,0.0,0.0,0.0,0.0,12.649025878906249
00014.75,0.0,0.0,0.0,0.0,0.0,0.0,0.0,0.0,0.0,0.0,0.0,0.0,0.0,0.125,0.0,0.0,0.0,0.0,0.0,0.0,0.0,0.0,0.0,0.0,0.0,0.0,12.642743408203124
000014.8,0.0,0.0,0.0,0.0,0.0,0.0,0.0,0.0,0.0,0.0,0.0,0.0,0.0,0.0,0.0,0.0,0.0,0.0,0.0,0.0,0.0,0.0,0.0,0.0,0.0,0.0,12.655308349609374
00014.85,0.0,0.0,0.125,0.0,0.0,0.0,0.0,0.0,0.0,0.0,0.0,0.0,0.0,0.125,0.0,0.0,0.0,0.0,0.0,0.0,0.0,0.0,0.0,0.0,0.0,0.0,12.636460937499999
000014.9,0.0,0.0,0.125,0.0,0.0,0.0,0.0,0.0,0.0,0.0,0.0,0.0,0.0,0.125,0.0,0.0,0.0,0.0,0.0,0.0,0.0,0.0,0.0,0.0,0.0,0.0,12.649025878906249
00014.95,0.0,0.0,0.0,0.0,0.0,0.0,0.0,0.0,0.0,0.0,0.0,0.0,0.0,0.125,0.0,0.0,0.0,0.0,0.0,0.0,0.0,0.0,0.0,0.0,0.0,0.0,12.636460937499999
