04.26.10.09,L-RPM,R-RPM,L1-AMP,L2-AMP,L3-AMP,L4-AMP,L1-V,L2-V,L3-V,L4-V,R1-AMP,R2-AMP,R3-AMP,R4-AMP,R1-V,R2-V,R3-V,R4-V,Elev_1-AMP,Elev_2-AMP,Elev_1-V,Elev_2-V,Intake_L-AMP,Intake_R-AMP,Climber_1-AMP,Climber_2-AMP,BATTERY
00000.15,0.0,0.0,0.125,0.0,0.0,0.0,0.0,0.0,0.0,0.0,0.0,0.0,0.0,0.125,0.0,0.0,0.0,0.0,0.0,0.0,0.0,0.0,0.0,0.0,0.0,0.0,12.72441552734375
00000.25,0.0,0.0,0.125,0.0,0.0,0.0,0.0,0.0,0.0,0.0,0.0,0.0,0.0,0.125,0.0,0.0,0.0,0.0,0.0,0.0,0.0,0.0,0.0,0.0,0.0,0.0,12.73698046875
000000.3,0.0,0.0,0.125,0.0,0.0,0.0,0.0,0.0,0.0,0.0,0.0,0.0,0.0,0.125,0.0,0.0,0.0,0.0,0.0,0.0,0.0,0.0,0.0,0.0,0.0,0.0,12.7118505859375
00000.35,0.0,0.0,0.125,0.0,0.0,0.0,0.0,0.0,0.0,0.0,0.0,0.0,0.0,0.125,0.0,0.0,0.0,0.0,0.0,0.0,0.0,0.0,0.0,0.0,0.0,0.0,12.7118505859375
000000.4,0.0,0.0,1.0,0.0,0.0,0.0,3.5645161290322576,2.6275659824046924,2.617302052785924,3.536559139784946,2.125,0.375,0.5,0.75,-3.117204301075269,-2.940371456500489,-2.8944281524926683,-3.028592375366569,0.125,0.0,-1.310752688172043,-0.7696969696969698,0.0,0.0,0.0,0.0,11.92025927734375
00000.45,0.0,0.0,4.875,4.25,4.125,4.0,3.5645161290322576,3.5784946236559136,3.5645161290322576,3.536559139784946,4.875,4.125,3.75,4.0,-3.117204301075269,-3.5784946236559136,-3.5225806451612898,-3.5645161290322576,1.0,0.0,-2.5473118279569893,-2.011143695014663,0.0,0.0,0.0,0.0,11.537028564453125
000000.5,0.0126953125,0.00537109375,6.75,6.375,5.875,6.125,3.5645161290322576,3.5784946236559136,3.5645161290322576,3.536559139784946,5.375,6.5,6.375,6.375,-3.117204301075269,-3.5784946236559136,-3.5225806451612898,-3.5645161290322576,3.0,1.625,-3.536559139784946,-3.0043010752688177,0.0,0.0,0.0,0.0,11.562158447265624
00000.55,0.042724609375,0.02734375,7.125,6.875,6.25,6.625,3.5645161290322576,3.5784946236559136,3.5645161290322576,3.536559139784946,5.375,6.375,6.375,6.25,-3.117204301075269,-3.5784946236559136,-3.5225806451612898,-3.243010752688172,5.625,4.375,-4.37741935483871,-3.8780058651026397,0.0,0.0,0.0,0.0,11.863717041015624
000000.6,0.08837890625,0.08203125,2.5,3.125,2.75,2.75,-2.0750733137829918,-0.6404692082111436,-0.6435483870967742,-0.7338709677419355,1.375,2.875,3.0,3.0,2.2111436950146626,1.4462854349951124,1.4152492668621701,1.440078201368524,7.0,6.0,-2.8304985337243402,-2.9255131964809387,0.0,0.0,0.0,0.0,11.813457275390624
00000.65,0.10498046875,0.11083984375,4.5,1.875,2.125,1.875,-3.243010752688172,-3.2709677419354835,-3.229032258064516,-3.229032258064516,3.375,3.25,3.0,3.25,2.725806451612903,3.256989247311828,3.1870967741935483,3.243010752688172,4.125,3.5,-1.9390029325513196,-2.1090909090909093,0.0,0.0,0.0,0.0,11.574723388671874
000000.7,0.107177734375,0.105712890625,6.875,6.0,5.75,6.25,-3.243010752688172,-3.2709677419354835,-3.229032258064516,-3.229032258064516,6.375,6.75,7.0,7.125,2.725806451612903,3.256989247311828,3.1870967741935483,3.243010752688172,0.875,1.375,-0.6017595307917889,-0.9978494623655916,0.0,0.0,0.0,0.0,11.612418212890624
00000.75,0.0224609375,0.0029296875,8.625,7.875,7.5,8.0,-3.1731182795698927,-3.1870967741935483,-3.1591397849462366,-3.1870967741935483,5.625,6.25,6.75,6.75,2.7817204301075265,3.1870967741935483,3.1591397849462366,3.1870967741935483,0.0,0.0,0.0,0.0,0.0,0.0,0.0,0.0,11.51818115234375
000000.8,-0.06005859375,-0.06591796875,6.375,6.5,6.125,6.625,-1.4645161290322581,-2.7413489736070384,-2.6178885630498536,-2.6410557184750734,6.5,7.375,7.5,7.875,0.0,2.1061583577712613,2.087683284457478,2.1061583577712613,0.0,0.0,0.0,0.0,0.0,0.0,0.0,0.0,12.39772705078125
00000.85,-0.082275390625,-0.0791015625,0.75,2.0,1.625,1.875,0.5769305962854351,0.5794721407624633,0.5743890518084066,0.5794721407624633,1.25,2.625,2.75,2.875,-1.4881231671554251,-1.426392961876833,-1.4138807429130011,-1.426392961876833,0.0,0.0,0.0,0.0,0.0,0.0,0.0,0.0,12.32233740234375
000000.9,-0.0771484375,-0.06640625,0.5,0.125,0.25,0.0,1.754301075268817,1.9015151515151516,1.906158357771261,1.9958944281524928,2.25,1.875,1.625,1.75,-2.9696969696969697,-3.263245356793744,-3.3802541544477025,-3.4349951124144673,0.0,0.0,0.0,0.0,0.0,0.0,0.0,0.0,11.555875976562499
00000.95,-0.060546875,-0.05712890625,2.0,1.625,1.625,1.625,2.4413000977517108,2.4413000977517108,2.4315738025415445,2.4218475073313783,7.0,9.25,9.375,8.75,-3.9030303030303037,-3.888905180840665,-3.8269305962854347,-3.8152981427174977,0.0,0.0,0.0,0.0,0.0,0.0,0.0,0.0,11.474203857421875
000001.0,-0.034912109375,-0.037841796875,5.5,5.25,5.125,5.375,3.3245845552297166,3.3245845552297166,3.3113391984359724,3.298093841642229,8.125,9.875,10.125,9.75,-3.542424242424243,-4.195601173020528,-4.128739002932551,-4.195601173020528,0.0,0.0,0.0,0.0,0.0,0.0,0.0,0.0,11.3548369140625
00001.05,-0.0068359375,0.044677734375,7.25,7.875,7.125,7.75,3.749511241446725,3.7331378299120233,3.716764418377322,3.716764418377322,6.5,7.625,7.75,7.625,-1.947996089931574,-3.21505376344086,-3.2585532746823076,-3.1591397849462366,0.0,0.0,0.0,0.0,0.0,0.0,0.0,0.0,11.624983154296874
000001.1,0.02685546875,0.10498046875,7.375,8.875,8.0,8.375,2.8764907135874878,2.9865102639296186,2.9734115347018575,2.884652981427175,4.875,6.625,6.75,6.625,-3.1792766373411534,-2.7653958944281527,-2.717302052785924,-2.628934506353861,0.0,0.0,0.0,0.0,0.0,0.0,0.0,0.0,11.549593505859374
00001.15,0.063232421875,0.13232421875,7.125,7.75,7.25,7.375,4.085288367546432,4.067448680351906,4.049608993157381,4.049608993157381,5.0,5.625,5.75,5.5,-3.3354838709677423,-3.4286412512218964,-3.3690127077223857,-3.457380254154448,0.0,0.0,0.0,0.0,0.0,0.0,0.0,0.0,11.423944091796875
000001.2,0.1494140625,0.15185546875,5.75,8.25,7.625,7.875,4.320234604105573,4.264369501466275,4.245747800586511,4.227126099706745,5.5,5.5,5.25,5.625,-3.3722385141739983,-4.245161290322581,-4.190029325513197,-4.245161290322581,0.0,0.0,0.0,0.0,0.0,0.0,0.0,0.0,11.593570800781249
00001.25,0.1826171875,0.175537109375,5.125,7.75,7.125,7.125,4.399608993157381,4.342717497556207,4.32375366568915,4.304789833822093,4.25,6.125,6.0,6.125,-3.5366568914956016,-4.1887096774193555,-4.011730205278592,-4.064516129032259,0.0,0.0,0.0,0.0,0.0,0.0,0.0,0.0,11.606135742187499
000001.3,0.213134765625,0.20751953125,4.625,7.375,7.0,6.75,4.535679374389052,4.342717497556207,4.412903225806452,4.393548387096774,3.375,6.125,5.875,5.875,-1.444134897360704,-3.85,-3.8,-3.7483870967741937,0.0,0.0,0.0,0.0,0.0,0.0,0.0,0.0,11.97051904296875
00001.35,0.25048828125,0.250732421875,4.25,7.5,7.25,6.875,4.7511241446725325,4.812561094819159,4.7511241446725325,4.7511241446725325,3.0,4.0,3.375,3.5,-4.4109970674486805,-4.574780058651026,-4.496578690127077,-4.61505376344086,0.0,0.0,0.0,0.0,0.0,0.0,0.0,0.0,11.486768798828125
000001.4,0.267333984375,0.263671875,4.75,6.875,6.625,6.125,5.272434017595307,4.157869012707723,4.1047898338220925,4.206842619745847,4.625,6.375,6.0,6.125,-3.2680351906158354,-5.775659824046921,-5.676930596285435,-5.726295210166179,0.0,0.0,0.0,0.0,0.0,0.0,0.0,0.0,11.738067626953125
00001.45,0.278564453125,0.26708984375,6.25,5.125,4.875,4.75,5.787096774193548,5.673998044965787,5.692277614858261,5.737634408602151,6.75,8.125,8.375,7.875,-5.573167155425219,-4.288856304985337,-4.305474095796677,-4.252199413489737,0.0,0.0,0.0,0.0,0.0,0.0,0.0,0.0,11.46792138671875
000001.5,0.2880859375,0.2734375,5.5,8.125,7.5,7.5,6.164516129032258,4.78958944281525,4.90987292277615,4.637732160312805,10.125,5.25,5.375,5.0,-3.2096774193548385,-5.2266862170087975,-5.2272727272727275,-5.182013685239492,0.0,0.0,0.0,0.0,0.0,0.0,0.0,0.0,11.21662255859375
00001.55,0.32080078125,0.321533203125,6.75,9.125,8.5,8.25,3.2331378299120237,6.002297165200392,5.832258064516129,5.824437927663734,11.0,7.375,7.75,6.75,-6.390175953079178,-6.902248289345064,-6.72218963831867,-6.812218963831868,0.0,0.0,0.0,0.0,0.0,0.0,0.0,0.0,10.977888671875
000001.6,0.35400390625,0.361572265625,5.375,9.5,8.5,8.875,6.631231671554253,5.680547409579669,5.832258064516129,5.693059628543499,10.0,11.75,11.625,10.25,-2.8090909090909095,-6.565004887585533,-6.393743890518084,-6.479374389051809,0.0,0.0,0.0,0.0,0.0,0.0,0.0,0.0,11.1537978515625
00001.65,0.383544921875,0.392578125,6.5,8.875,8.75,8.125,7.093108504398827,5.503030303030304,5.478787878787879,5.517888563049853,9.5,11.125,11.0,10.625,-5.9363636363636365,-6.924731182795699,-6.744086021505376,-7.211632453567939,0.0,0.0,0.0,0.0,0.0,0.0,0.0,0.0,10.9527587890625
000001.7,0.4130859375,0.43115234375,8.0,10.625,9.875,9.625,3.9479472140762466,7.353519061583577,7.353519061583577,7.3199413489736065,7.625,13.0,12.25,11.375,-3.190909090909091,-7.267888563049852,-6.8515151515151524,-7.201515151515152,0.0,0.0,0.0,0.0,0.0,0.0,0.0,0.0,11.034430908203124
00001.75,0.432373046875,0.45556640625,8.125,10.75,10.25,9.625,4.163782991202345,6.572140762463343,6.839736070381231,6.616715542521995,9.25,13.25,11.875,11.0,-6.484604105571848,-7.364222873900292,-6.437878787878789,-6.522727272727273,0.0,0.0,0.0,0.0,0.0,0.0,0.0,0.0,11.053278320312499
000001.8,0.457275390625,0.47900390625,8.625,9.5,9.375,8.25,8.30615835777126,6.400879765395894,6.325953079178886,6.2544477028348,9.0,12.375,11.125,10.625,-6.5919354838709685,-7.289296187683283,-7.2227272727272736,-7.3075757575757585,0.0,0.0,0.0,0.0,0.0,0.0,0.0,0.0,10.538115722656249
00001.85,0.49072265625,0.51171875,12.0,11.875,10.125,9.625,8.680791788856304,8.461681329423264,8.144281524926686,8.190615835777125,8.0,15.25,12.375,12.25,-2.9963343108504397,-6.725415444770283,-5.713391984359726,-5.795796676441838,0.0,0.0,0.0,0.0,0.0,0.0,0.0,0.0,10.732872314453125
000001.9,0.513671875,0.538818359375,12.0,17.25,14.5,14.0,9.110166177908113,9.110166177908113,9.025024437927666,8.939882697947214,9.5,12.0,9.625,9.75,-7.128592375366569,-8.336168132942326,-8.102443792766373,-8.21930596285435,0.0,0.0,0.0,0.0,0.0,0.0,0.0,0.0,10.41246630859375
00001.95,0.53955078125,0.564697265625,11.0,21.0,18.125,18.25,9.382111436950145,9.036950146627566,9.201173020527861,9.114369501466276,9.25,15.5,13.875,13.875,-7.0772238514174,-8.36754643206256,-8.132942326490713,-8.250244379276637,0.0,0.0,0.0,0.0,0.0,0.0,0.0,0.0,10.3999013671875
000002.0,0.601318359375,0.59521484375,9.625,19.5,16.875,17.25,9.308895405669599,8.20576735092864,8.086265884652981,8.006891495601172,8.125,13.875,12.125,12.375,-7.316080156402737,-7.749853372434019,-7.600097751710655,-7.797067448680351,0.0,0.0,0.0,0.0,0.0,0.0,0.0,0.0,10.293099365234374
00002.05,0.62109375,0.62548828125,8.375,17.375,15.125,15.125,4.518475073313783,8.095014662756599,8.046578690127077,8.046578690127077,7.75,13.25,11.5,11.375,-7.298387096774194,-8.012903225806452,-7.937438905180841,-7.886803519061583,0.0,0.0,0.0,0.0,0.0,0.0,0.0,0.0,10.745437255859375
000002.1,0.65234375,0.6552734375,8.0,15.375,14.375,13.875,9.003079178885631,8.588367546432064,8.463294232649073,8.54266862170088,7.5,13.5,12.25,11.375,-7.289540566959922,-8.336656891495602,-8.175562072336266,-8.215835777126099,0.0,0.0,0.0,0.0,0.0,0.0,0.0,0.0,10.801979492187499
00002.15,0.6708984375,0.67138671875,7.0,15.625,14.0,13.5,8.569941348973607,7.9238514173998045,7.828299120234604,7.907673509286412,4.75,12.125,10.375,9.75,-2.2470185728250245,-7.314809384164224,-7.173460410557185,-7.2087976539589445,0.0,0.0,0.0,0.0,0.0,0.0,0.0,0.0,11.072125732421874
000002.2,0.68798828125,0.67578125,4.5,10.125,9.125,8.875,7.1158357771261,7.520527859237537,7.4530791788856305,7.419354838709677,5.375,10.875,9.25,9.0,-6.51989247311828,-8.032795698924732,-7.924731182795699,-8.032795698924732,0.0,0.0,0.0,0.0,0.0,0.0,0.0,0.0,11.44279150390625
00002.25,0.710693359375,0.651123046875,1.875,7.375,6.625,6.25,7.056451612903226,7.019159335288368,6.869794721407625,6.838709677419355,4.75,10.625,8.875,8.75,-5.670625610948192,-7.716715542521995,-7.612903225806452,-7.095454545454546,0.0,0.0,0.0,0.0,0.0,0.0,0.0,0.0,11.750632568359375
000002.3,0.6728515625,0.623046875,0.625,4.375,4.5,3.625,6.638709677419356,6.408797653958945,6.351319648093843,6.322580645161291,1.25,6.375,5.375,5.25,-5.347018572825024,-5.961925708699902,-6.3629521016617785,-6.443157380254155,0.0,0.0,0.0,0.0,0.0,0.0,0.0,0.0,12.190405517578125
00002.35,0.62744140625,0.618896484375,0.375,3.125,2.75,2.125,5.780645161290323,5.7720430107526886,6.03088954056696,5.980840664711632,0.0,1.75,1.0,1.25,-4.301075268817204,-5.156989247311828,-5.071749755620724,-5.135679374389052,0.0,0.0,0.0,0.0,0.0,0.0,0.0,0.0,12.27207763671875
000002.4,0.59619140625,0.6044921875,0.0,1.375,0.875,0.75,5.287438905180841,5.097849462365591,5.076783968719453,5.0346529814271745,0.0,0.375,0.25,0.25,-2.9227761485826003,-3.5365591397849463,-3.4781036168132946,-3.5219452590420337,0.0,0.0,0.0,0.0,0.0,0.0,0.0,0.0,12.592483642578124
00002.45,0.586669921875,0.576171875,0.375,0.375,0.375,0.25,4.097458455522972,3.950537634408602,3.9342130987292276,3.901564027370479,0.375,0.0,0.0,0.0,-2.7702834799608995,-3.075268817204301,-3.024437927663734,-3.0625610948191593,1.125,0.0,-2.5075268817204304,-1.064516129032258,0.0,0.0,0.0,0.0,12.831217529296875
000002.5,0.56982421875,0.527587890625,1.0,0.0,0.0,0.0,3.066959921798632,2.822922776148583,2.924193548387097,2.7885630498533724,0.625,0.0,0.0,0.0,-2.578494623655914,-3.3802541544477025,-3.3282502443792765,-3.3672531769305962,5.5,0.25,-5.134897360703812,-2.648093841642229,0.0,0.0,0.0,0.0,12.611331054687499
00002.55,0.511962890625,0.47412109375,0.75,0.0,0.0,0.0,2.5639784946236563,2.645698924731183,2.645698924731183,2.6252688172043013,0.125,0.0,0.0,0.0,-2.3334310850439883,-2.3636363636363638,-2.3272727272727276,-2.354545454545455,13.875,2.625,-7.129032258064515,-3.6568914956011733,0.0,0.0,0.0,0.0,12.052191162109375
000002.6,0.46826171875,0.41943359375,1.125,0.0,0.0,0.0,2.1959433040078205,2.265933528836755,2.265933528836755,2.248435972629521,0.0,0.0,0.0,0.0,-2.279912023460411,-2.579667644183773,-2.539980449657869,-2.6710166177908117,35.125,4.25,-9.621700879765395,-5.170087976539589,0.0,0.0,0.0,0.0,11.568440917968749
00002.65,0.415283203125,0.39892578125,1.0,0.0,0.0,0.0,1.4844086021505378,1.5276148582600195,1.4357282502443793,1.4235092864125123,0.0,0.0,0.0,0.0,-2.26950146627566,-2.3201368523949166,-2.2806451612903227,-2.310263929618768,50.0,8.75,-10.195014662756599,-5.53225806451613,0.0,0.0,0.0,0.0,11.423944091796875
000002.7,0.38818359375,0.362060546875,1.5,0.0,0.0,0.0,-1.398533724340176,0.0,0.0,0.0,0.0,0.0,0.0,0.0,-2.2070381231671554,-2.1019061583577714,-2.3935483870967746,-2.424633431085044,49.625,13.875,-8.555816226783968,-6.661290322580646,0.0,0.0,0.0,0.0,11.285729736328125
00002.75,0.36279296875,0.336181640625,0.875,0.125,0.25,0.0,1.2080645161290324,0.0,0.0,0.4782991202346041,0.0,0.0,0.0,0.0,0.0,-2.1363636363636362,-2.1,-2.2416422287390025,47.25,21.5,-8.555816226783968,-7.790322580645161,0.0,0.0,0.0,0.0,11.248034912109375
000002.8,0.32373046875,0.300048828125,0.5,0.125,0.25,0.0,-0.49677419354838714,0.8653958944281526,1.0604105571847509,0.9567448680351905,0.0,0.0,0.0,0.0,-1.85772238514174,-1.9970674486803524,-2.0911045943304005,-2.1097751710654937,41.875,28.625,-8.555816226783968,-8.129032258064516,0.0,0.0,0.0,0.0,11.51818115234375
00002.85,0.231689453125,0.265380859375,0.0,0.0,0.0,0.0,1.467741935483871,0.9208699902248291,0.9057673509286412,0.8137829912023461,0.0,0.0,0.0,0.0,-1.478396871945259,-1.6864125122189642,-1.6641251221896383,-1.6789833822091889,38.625,32.5,-8.435874877810361,-8.635777126099708,0.0,0.0,0.0,0.0,11.273164794921875
000002.9,0.20849609375,0.244140625,0.0,0.0,0.0,0.0,1.426392961876833,1.4201368523949172,1.4138807429130011,1.4076246334310851,0.0,0.0,0.0,0.0,-1.170967741935484,-0.9208699902248291,-0.9086999022482892,-0.9168132942326491,38.25,25.75,-8.198680351906159,-8.593548387096774,0.0,0.0,0.0,0.0,11.436509033203125
00002.95,0.1923828125,0.224365234375,0.0,0.0,0.0,0.0,0.0,0.8653958944281526,0.8505376344086022,0.7587976539589443,0.0,0.0,0.0,0.0,0.0,-0.5547409579667645,-0.5620723362658846,-0.5669599217986315,33.875,16.25,-7.528347996089932,-8.365493646138809,0.0,0.0,0.0,0.0,11.79460986328125
000003.0,0.167724609375,0.194580078125,0.0,0.0,0.0,0.0,0.0,1.0999022482893452,1.0999022482893452,1.0951612903225807,0.0,0.0,0.0,0.0,-0.4161290322580645,-0.4896871945259042,-0.48338220918866076,-0.4875855327468231,26.625,15.0,-7.269843597262952,-7.400244379276638,0.0,0.0,0.0,0.0,11.813457275390624
00003.05,0.149169921875,0.1630859375,0.0,0.0,0.0,0.0,0.0,0.0,0.0,0.0,0.0,0.0,0.0,0.125,0.0,0.0,0.0,0.0,21.125,15.5,-6.136314760508308,-6.4571847507331395,0.0,0.0,0.0,0.0,11.782044921875
000003.1,0.136962890625,0.14013671875,0.0,0.0,0.0,0.0,0.0,0.0,0.0,0.0,0.0,0.0,0.125,0.125,0.0,0.0,0.0,0.0,17.125,14.75,-5.580449657869013,-5.913538611925709,0.0,0.0,0.0,0.0,11.888846923828124
00003.15,0.121337890625,0.11572265625,0.0,0.0,0.0,0.0,0.0,0.0,0.0,0.0,0.0,0.0,0.0,0.125,0.0,0.0,0.0,0.0,14.125,11.625,-5.068181818181818,-5.489736070381231,0.0,0.0,0.0,0.0,11.9579541015625
000003.2,0.091064453125,0.08447265625,0.0,0.0,0.0,0.0,0.0,0.0,0.0,0.0,0.0,0.0,0.0,0.125,0.0,0.0,0.0,0.0,12.125,10.125,-4.911436950146628,-4.940762463343108,0.0,0.0,0.0,0.0,12.039626220703125
00003.25,0.0732421875,0.069580078125,0.0,0.0,0.0,0.0,0.0,0.0,0.0,0.0,0.0,0.0,0.0,0.125,0.0,0.0,0.0,0.0,10.125,8.375,-4.471260997067449,-4.5290322580645155,0.0,0.0,0.0,0.0,12.083603515624999
000003.3,0.0517578125,0.0498046875,0.0,0.0,0.0,0.0,0.0,0.0,0.0,0.0,0.0,0.0,0.0,0.125,0.0,0.0,0.0,0.0,8.0,6.25,-4.03108504398827,-4.093841642228739,0.0,0.0,0.0,0.0,12.115015869140624
00003.35,0.0380859375,0.037109375,0.0,0.0,0.0,0.0,0.0,0.0,0.0,0.0,0.0,0.0,0.0,0.125,0.0,0.0,0.0,0.0,7.875,5.625,-3.8753176930596287,-3.8592375366568916,0.0,0.0,0.0,0.0,12.177840576171874
000003.4,0.0205078125,0.02099609375,0.0,0.0,0.0,0.0,0.0,0.0,0.0,0.0,0.0,0.0,0.0,0.125,0.0,0.0,0.0,0.0,6.875,5.375,-3.5337243401759535,-3.519061583577713,0.0,0.0,0.0,0.0,12.19668798828125
00003.45,0.010986328125,0.01220703125,0.125,0.0,0.0,0.0,0.0,0.0,0.0,0.0,0.0,0.0,0.0,0.125,0.0,0.0,0.0,0.0,6.375,5.125,-3.3334799608993158,-3.3591397849462363,0.0,0.0,0.0,0.0,12.184123046875
000003.5,0.002197265625,0.003173828125,0.0,0.0,0.0,0.0,0.0,0.0,0.0,0.0,0.0,0.0,0.0,0.125,0.0,0.0,0.0,0.0,6.0,4.5,-3.156793743890518,-3.181720430107527,0.0,0.0,0.0,0.0,12.2092529296875
00003.55,-4.8828125E-4,2.44140625E-4,0.125,0.0,0.0,0.0,0.0,0.0,0.0,0.0,0.0,0.0,0.0,0.125,0.0,0.0,0.0,0.0,6.0,4.0,-3.109677419354839,-3.1225806451612903,0.0,0.0,0.0,0.0,12.202970458984375
000003.6,-0.002685546875,-0.001708984375,0.0,0.0,0.0,0.0,0.0,0.0,0.0,0.0,0.0,0.0,0.0,0.125,0.0,0.0,0.0,0.0,5.75,4.25,-2.968328445747801,-3.016715542521994,0.0,0.0,0.0,0.0,12.2343828125
00003.65,-0.003173828125,-0.0029296875,0.125,0.0,0.0,0.0,0.0,0.0,0.0,0.0,0.0,0.0,0.0,0.125,0.0,0.0,0.0,0.0,5.625,4.0,-2.932991202346041,-2.9929618768328448,0.0,0.0,0.0,0.0,12.228100341796875
000003.7,-0.00341796875,-0.002197265625,0.0,0.0,0.0,0.0,0.0,0.0,0.0,0.0,0.0,0.0,0.0,0.125,0.0,0.0,0.0,0.0,5.0,4.0,-2.2,-2.5178885630498535,0.0,0.0,0.0,0.0,12.316054931640625
00003.75,-0.003173828125,-0.001953125,0.0,0.0,0.0,0.0,0.0,0.0,0.0,0.0,0.0,0.0,0.0,0.125,0.0,0.0,0.0,0.0,2.75,2.625,-1.2537634408602152,-1.5935483870967742,0.0,0.0,0.0,0.0,12.416574462890624
000003.8,-0.002685546875,-0.00146484375,0.125,0.0,0.0,0.0,0.0,0.0,0.0,0.0,0.0,0.0,0.0,0.125,-0.7991202346041056,-0.7302052785923755,-0.718475073313783,-0.7272727272727273,0.25,0.25,0.0,0.0,0.0,0.0,0.0,0.0,12.42285693359375
00003.85,-0.001708984375,-0.001220703125,0.125,0.0,0.0,0.0,-0.8710166177908113,-0.7788856304985338,-0.7757575757575758,-0.7726295210166177,0.0,0.0,0.125,0.25,-1.565738025415445,-1.5577712609970675,-1.5327468230694037,-1.5515151515151515,0.0,0.0,0.0,0.0,0.0,0.0,0.0,0.0,12.347467285156249
000003.9,0.0,-2.44140625E-4,0.5,0.75,0.75,0.625,-1.8033724340175956,-1.4968230694037146,-1.4907135874877813,-1.4846041055718475,1.75,1.75,1.875,1.875,-2.5955522971652005,-2.203323558162268,-2.2498044965786903,-2.194330400782014,0.0,0.0,0.0,0.0,0.0,0.0,0.0,0.0,11.86999951171875
00003.95,-0.002685546875,0.005859375,1.75,1.25,1.5,1.375,-2.146871945259042,-2.0955522971652,-2.0869990224828934,-2.078445747800586,3.125,4.375,4.5,4.625,-3.05791788856305,-3.4846041055718477,-3.427712609970675,-3.470381231671555,0.0,0.0,0.0,0.0,0.0,0.0,0.0,0.0,11.624983154296874
000004.0,-0.017333984375,0.041015625,4.0,3.875,3.875,4.0,-2.9950635386119258,-2.9816715542521997,-2.96950146627566,-2.9573313782991204,5.75,6.75,7.0,7.375,-3.4782502443792764,-3.963587487781036,-3.8988758553274683,-3.9474095796676445,0.0,0.0,0.0,0.0,0.0,0.0,0.0,0.0,11.41766162109375
00004.05,-0.035400390625,0.074462890625,5.125,4.625,4.375,4.625,-3.313929618768329,-2.670332355816227,-2.7548387096774194,-2.7435483870967743,5.75,6.25,6.375,6.625,-2.292228739002933,-4.035434995112414,-3.9695503421309875,-4.018963831867058,0.0,0.0,0.0,0.0,0.0,0.0,0.0,0.0,11.486768798828125
000004.1,-0.061767578125,0.107421875,6.0,4.75,4.625,4.75,-3.6100195503421313,-3.2683773216031278,-3.240322580645161,-3.2873900293255134,6.0,6.375,6.5,6.625,-3.2921309872922775,-3.9629032258064516,-3.8942815249266864,-3.94574780058651,0.0,0.0,0.0,0.0,0.0,0.0,0.0,0.0,11.329707031249999
00004.15,-0.093994140625,0.1376953125,6.5,7.125,6.875,7.25,-4.054154447702835,-4.054154447702835,-4.019354838709678,-3.967155425219942,5.125,6.375,6.5,6.125,-2.1884652981427175,-4.075806451612904,-4.00522971652004,-4.058162267839688,0.0,0.0,0.0,0.0,0.0,0.0,0.0,0.0,11.524463623046875
000004.2,-0.123291015625,0.159912109375,6.875,7.0,6.75,7.0,-2.720430107526882,-4.1908113391984365,-4.15483870967742,-4.100879765395895,4.875,6.125,6.25,6.0,-3.0929618768328444,-3.85,-3.7833333333333337,-3.833333333333333,0.0,0.0,0.0,0.0,0.0,0.0,0.0,0.0,11.549593505859374
00004.25,-0.165283203125,0.185546875,7.25,8.0,7.75,8.0,-4.586510263929618,-4.626392961876833,-4.546627565982405,-4.526686217008798,2.75,4.25,4.25,4.125,-2.0425219941348973,-2.3812316715542527,-2.340175953079179,-2.370967741935484,0.0,0.0,0.0,0.0,0.0,0.0,0.0,0.0,11.568440917968749
000004.3,-0.1875,0.201904296875,10.25,10.75,9.875,10.875,-5.024926686217009,-4.7171065493646145,-4.546627565982405,-4.704203323558163,0.125,1.25,1.0,1.25,-1.4492179863147605,-1.6895405669599222,-1.660410557184751,-1.6822580645161291,0.0,0.0,0.0,0.0,0.0,0.0,0.0,0.0,11.398814208984374
00004.35,-0.19091796875,0.20263671875,13.75,10.375,9.0,10.125,-5.672727272727273,-4.603714565004888,-4.256891495601173,-4.415738025415445,0.0,0.0,0.125,0.25,-1.1963343108504398,-1.1565982404692083,-1.1366568914956012,-1.2419354838709677,0.0,0.0,0.0,0.0,0.0,0.0,0.0,0.0,11.851152099609374
000004.4,-0.19384765625,0.169677734375,5.625,7.0,6.125,6.75,-2.16158357771261,-4.973607038123167,-4.9321603128054745,-4.911436950146628,0.0,0.0,0.0,0.125,0.0,-0.9384164222873901,-0.9266862170087977,-0.9384164222873901,0.0,0.0,0.0,0.0,0.0,0.0,0.0,0.0,11.876281982421874
00004.45,-0.26611328125,0.120849609375,5.25,7.75,7.0,7.625,-4.2087976539589445,-4.375366568914956,-4.280742913000978,-4.26275659824047,0.0,0.0,0.0,0.125,0.6272727272727274,0.0,0.7181818181818183,0.7272727272727273,0.0,0.0,0.0,0.0,0.0,0.0,0.0,0.0,11.876281982421874
000004.5,-0.302001953125,0.10302734375,5.125,7.25,7.0,7.0,-3.968621700879765,-4.0469208211143695,-4.013196480938416,-3.99633431085044,0.0,0.0,0.125,0.125,0.8903225806451615,0.8563049853372435,0.8456011730205281,0.8563049853372435,0.0,0.0,0.0,0.0,0.0,0.0,0.0,0.0,11.851152099609374
00004.55,-0.256103515625,0.075439453125,3.875,5.125,5.0,5.0,-3.245454545454545,-3.286363636363636,-3.2727272727272725,-3.259090909090909,0.75,0.875,1.0,1.125,1.127663734115347,1.3365591397849461,1.3144672531769306,1.3310361681329423,0.0,0.0,0.0,0.0,0.0,0.0,0.0,0.0,12.27207763671875
000004.6,-0.233642578125,0.046875,1.75,2.25,2.375,2.125,0.0,-2.3322580645161293,-2.32258064516129,-2.219452590420332,0.5,1.25,1.375,1.5,0.8155425219941349,1.064516129032258,1.0469208211143697,1.060117302052786,0.0,0.0,0.0,0.0,0.0,0.0,0.0,0.0,12.385162109374999
00004.65,-0.2431640625,-0.001953125,0.0,0.125,0.0,0.0,-1.2795698924731183,-0.9658846529814272,-0.9618768328445748,-1.249902248289345,0.0,0.125,0.125,0.25,0.0,0.0,0.0,0.0,0.0,0.0,0.0,0.0,0.0,0.0,0.0,0.0,12.42285693359375
000004.7,-0.236572265625,-0.025146484375,0.125,0.0,0.0,0.0,-0.7974095796676443,-0.7656402737047898,-0.7624633431085044,-0.759286412512219,0.0,0.0,0.0,0.125,-0.4644672531769306,-0.6978494623655913,-0.6863147605083089,-0.6949657869012708,0.0,0.0,0.0,0.0,0.0,0.0,0.0,0.0,12.42285693359375
00004.75,-0.19677734375,-0.040771484375,0.375,0.125,0.25,0.0,0.0,0.9936950146627567,0.7910557184750734,0.884848484848485,0.0,0.375,0.25,0.5,-1.35019550342131,-1.607086999022483,-1.5814760508308894,-1.6006842619745845,0.0,0.0,0.0,0.0,0.0,0.0,0.0,0.0,12.24694775390625
000004.8,-0.172119140625,-0.03857421875,0.875,0.375,0.375,0.25,1.9873900293255133,0.8955522971652006,0.8884164222873902,0.9818181818181818,0.625,1.375,1.375,1.5,-1.5986314760508311,-1.2267839687194526,-1.2072336265884651,-1.2218963831867058,0.0,0.0,0.0,0.0,0.0,0.0,0.0,0.0,11.9579541015625
00004.85,-0.138671875,-0.017822265625,3.75,1.5,1.875,1.5,2.84613880742913,2.84613880742913,2.823460410557185,2.812121212121212,2.5,2.875,2.875,3.125,-2.2905180840664716,-2.84613880742913,-2.8007820136852395,-2.834799608993157,0.0,0.0,0.0,0.0,0.0,0.0,0.0,0.0,11.461638916015625
000004.9,-0.064697265625,0.01025390625,7.0,6.375,5.875,6.125,2.7100684261974584,2.63069403714565,2.6420332355816227,2.5853372434017596,4.375,5.0,5.25,5.25,-2.2905180840664716,-2.6080156402737047,-2.573998044965787,-2.6080156402737047,0.0,0.0,0.0,0.0,0.0,0.0,0.0,0.0,11.612418212890624
00004.95,-0.01611328125,0.04052734375,7.625,7.0,6.375,6.75,2.7100684261974584,2.63069403714565,2.6420332355816227,2.5853372434017596,3.0,4.25,4.25,4.375,-2.2905180840664716,-2.6080156402737047,-2.573998044965787,-2.6080156402737047,0.0,0.0,0.0,0.0,0.0,0.0,0.0,0.0,11.738067626953125
000005.0,0.01806640625,0.064697265625,5.5,5.25,4.875,5.0,2.7100684261974584,2.63069403714565,2.6420332355816227,2.5853372434017596,3.0,3.75,3.875,4.0,-2.2905180840664716,-2.6080156402737047,-2.573998044965787,-2.6080156402737047,0.0,0.0,0.0,0.0,0.0,0.0,0.0,0.0,11.9076943359375
00005.05,0.028564453125,0.0859375,4.5,4.125,4.0,4.0,2.698729227761486,2.6873900293255133,2.6873900293255133,2.664711632453568,2.75,3.375,3.5,3.625,-2.2678396871945257,-2.6873900293255133,-2.6760508308895408,-2.698729227761486,0.0,0.0,0.0,0.0,0.0,0.0,0.0,0.0,11.939106689453125
000005.1,0.069091796875,0.107421875,3.875,3.5,3.375,3.25,2.698729227761486,2.6873900293255133,2.6873900293255133,2.664711632453568,2.25,2.625,2.75,2.75,-2.2678396871945257,-2.6873900293255133,-2.6760508308895408,-2.698729227761486,0.0,0.0,0.0,0.0,0.0,0.0,0.0,0.0,12.052191162109375
00005.15,0.097412109375,0.12841796875,3.375,3.0,2.875,2.75,2.698729227761486,2.6873900293255133,2.6873900293255133,2.664711632453568,1.875,2.25,2.375,2.375,-2.2678396871945257,-2.6873900293255133,-2.6760508308895408,-2.698729227761486,0.0,0.0,0.0,0.0,0.0,0.0,0.0,0.0,12.083603515624999
000005.2,0.129638671875,0.158447265625,2.875,2.375,2.5,2.125,2.766764418377322,2.766764418377322,2.7440860215053764,2.732746823069404,1.375,2.0,1.875,2.0,-2.3472140762463347,-2.7440860215053764,-2.721407624633431,-2.7440860215053764,0.0,0.0,0.0,0.0,0.0,0.0,0.0,0.0,12.102450927734374
00005.25,0.146728515625,0.170654296875,2.5,2.25,2.25,2.0,2.766764418377322,2.766764418377322,2.7440860215053764,2.732746823069404,1.25,2.0,1.875,2.0,-2.3472140762463347,-2.7440860215053764,-2.721407624633431,-2.7440860215053764,0.0,0.0,0.0,0.0,0.0,0.0,0.0,0.0,12.127580810546874
000005.3,0.162841796875,0.177978515625,2.375,2.0,2.125,1.875,2.766764418377322,2.766764418377322,2.7440860215053764,2.732746823069404,1.0,1.875,1.75,2.0,-2.3472140762463347,-2.7440860215053764,-2.721407624633431,-2.7440860215053764,0.0,0.0,0.0,0.0,0.0,0.0,0.0,0.0,12.165275634765624
00005.35,0.17041015625,0.179443359375,2.125,1.875,2.0,1.625,2.778103616813294,2.766764418377322,2.7440860215053764,2.732746823069404,0.875,1.375,1.375,1.75,-2.3358748778103617,-2.778103616813294,-2.732746823069404,-2.766764418377322,0.0,0.0,0.0,0.0,0.0,0.0,0.0,0.0,12.2092529296875
000005.4,0.187255859375,0.189453125,1.75,1.375,1.25,1.125,2.778103616813294,2.789442815249267,2.766764418377322,2.7440860215053764,0.625,1.0,1.0,1.25,-2.3358748778103617,-2.778103616813294,-2.732746823069404,-2.766764418377322,0.0,0.0,0.0,0.0,0.0,0.0,0.0,0.0,12.240665283203125
00005.45,0.196044921875,0.198486328125,1.625,1.25,1.25,0.875,2.778103616813294,2.789442815249267,2.766764418377322,2.7440860215053764,0.5,0.875,0.875,1.125,-2.3358748778103617,-2.778103616813294,-2.732746823069404,-2.766764418377322,0.0,0.0,0.0,0.0,0.0,0.0,0.0,0.0,12.228100341796875
000005.5,0.20166015625,0.20654296875,1.625,1.25,1.25,0.875,2.8007820136852395,2.789442815249267,2.766764418377322,2.7440860215053764,0.25,0.875,0.875,1.125,-2.3812316715542523,-2.778103616813294,-2.732746823069404,-2.766764418377322,0.0,0.0,0.0,0.0,0.0,0.0,0.0,0.0,12.22181787109375
00005.55,0.205078125,0.21044921875,1.625,1.25,1.25,0.875,2.8007820136852395,2.8007820136852395,2.778103616813294,2.766764418377322,0.125,0.875,0.875,1.125,-2.3812316715542523,-2.8007820136852395,-2.7440860215053764,-2.778103616813294,0.0,0.0,0.0,0.0,0.0,0.0,0.0,0.0,12.265795166015625
000005.6,0.209716796875,0.2099609375,1.25,1.125,1.0,0.75,1.7021994134897358,1.7021994134897358,1.6884164222873899,1.6815249266862171,0.0,0.875,0.75,0.875,-1.4472140762463341,-1.7021994134897358,-1.6677419354838707,-1.6884164222873899,0.0,0.0,0.0,0.0,0.0,0.0,0.0,0.0,12.44798681640625
00005.65,0.212158203125,0.208984375,0.5,0.375,0.375,0.25,1.7021994134897358,1.7021994134897358,1.6884164222873899,1.6815249266862171,0.0,0.125,0.25,0.5,-1.4472140762463341,-1.7021994134897358,-1.6677419354838707,-1.6884164222873899,0.0,0.0,0.0,0.0,0.0,0.0,0.0,0.0,12.441704345703124
000005.7,0.2109375,0.20654296875,0.375,0.25,0.375,0.125,1.7297653958944281,1.7297653958944281,1.7159824046920822,1.709090909090909,0.0,0.0,0.0,0.125,-1.4403225806451612,-1.7297653958944281,-1.7021994134897358,-1.7159824046920822,0.0,0.0,0.0,0.0,0.0,0.0,0.0,0.0,12.435421875
00005.75,0.206787109375,0.205078125,0.375,0.25,0.375,0.125,1.7297653958944281,1.7297653958944281,1.7159824046920822,1.709090909090909,0.0,0.0,0.0,0.125,-1.4403225806451612,-1.7297653958944281,-1.7021994134897358,-1.7159824046920822,0.0,0.0,0.0,0.0,0.0,0.0,0.0,0.0,12.44798681640625
000005.8,0.197998046875,0.203369140625,0.375,0.25,0.375,0.125,1.7297653958944281,1.7297653958944281,1.7159824046920822,1.709090909090909,0.0,0.0,0.0,0.125,-1.4403225806451612,-1.7297653958944281,-1.7021994134897358,-1.7159824046920822,0.0,0.0,0.0,0.0,0.0,0.0,0.0,0.0,12.435421875
00005.85,0.170166015625,0.177978515625,0.5,0.375,0.375,0.25,1.7297653958944281,1.722873900293255,1.7159824046920822,1.7021994134897358,0.0,0.0,0.0,0.25,-1.4885630498533724,-1.722873900293255,-1.695307917888563,-1.7159824046920822,0.0,0.0,0.0,0.0,0.0,0.0,0.0,0.0,12.265795166015625
000005.9,0.08154296875,0.090087890625,2.125,2.0,2.0,2.0,1.7297653958944281,1.722873900293255,1.7159824046920822,1.7021994134897358,0.5,1.375,1.5,1.5,-1.4885630498533724,-1.722873900293255,-1.695307917888563,-1.7159824046920822,0.0,0.0,0.0,0.0,0.0,0.0,0.0,0.0,12.096168457031249
00005.95,0.041259765625,0.0537109375,2.375,2.25,2.125,2.125,1.7297653958944281,1.722873900293255,1.7159824046920822,1.7021994134897358,1.5,2.125,2.25,2.375,-1.4885630498533724,-1.722873900293255,-1.695307917888563,-1.7159824046920822,0.0,0.0,0.0,0.0,0.0,0.0,0.0,0.0,12.19668798828125
000006.0,0.021484375,0.026611328125,1.875,1.625,1.625,1.5,1.695307917888563,1.7021994134897358,1.6884164222873899,1.6815249266862171,0.875,1.5,1.625,1.5,-1.412756598240469,-1.7021994134897358,-1.6677419354838707,-1.695307917888563,0.0,0.0,0.0,0.0,0.0,0.0,0.0,0.0,12.253230224609375
00006.05,0.043701171875,0.037109375,1.25,1.125,1.25,1.0,1.695307917888563,1.7021994134897358,1.6884164222873899,1.6815249266862171,0.5,1.25,1.25,1.5,-1.412756598240469,-1.7021994134897358,-1.6677419354838707,-1.695307917888563,0.0,0.0,0.0,0.0,0.0,0.0,0.0,0.0,12.13386328125
000006.1,0.07470703125,0.072509765625,1.625,1.625,1.5,1.375,1.695307917888563,1.7021994134897358,1.6884164222873899,1.6815249266862171,1.375,2.0,1.875,2.0,-1.412756598240469,-1.7021994134897358,-1.6677419354838707,-1.695307917888563,0.0,0.0,0.0,0.0,0.0,0.0,0.0,0.0,12.077321044921874
00006.15,0.093994140625,0.078125,2.375,2.25,2.25,2.125,1.6677419354838707,1.7021994134897358,1.6884164222873899,1.6815249266862171,1.75,2.375,2.25,2.375,-1.4403225806451612,-1.7021994134897358,-1.6677419354838707,-1.695307917888563,0.0,0.0,0.0,0.0,0.0,0.0,0.0,0.0,12.064756103515625
000006.2,0.03369140625,0.007568359375,2.625,2.5,2.25,2.25,1.6677419354838707,1.660850439882698,1.660850439882698,1.6539589442815248,1.625,2.25,2.25,2.375,-1.4403225806451612,-1.6677419354838707,-1.6401759530791788,-1.6677419354838707,0.0,0.0,0.0,0.0,0.0,0.0,0.0,0.0,12.077321044921874
00006.25,-0.01904296875,-0.027587890625,2.5,2.375,2.125,2.125,1.6677419354838707,1.660850439882698,1.660850439882698,1.6539589442815248,1.5,2.0,2.0,2.125,-1.4403225806451612,-1.6677419354838707,-1.6401759530791788,-1.6677419354838707,0.0,0.0,0.0,0.0,0.0,0.0,0.0,0.0,12.13386328125
000006.3,-0.015380859375,-0.010986328125,1.875,1.875,1.875,1.75,1.6884164222873899,1.660850439882698,1.660850439882698,1.6539589442815248,1.0,1.875,1.875,2.0,-1.3989736070381231,-1.6677419354838707,-1.6401759530791788,-1.6677419354838707,0.0,0.0,0.0,0.0,0.0,0.0,0.0,0.0,10.393618896484375
00006.35,0.004638671875,0.007568359375,1.375,1.5,1.25,1.25,0.0,0.0,0.0,0.0,0.125,1.375,1.5,1.5,0.0,0.0,0.0,0.0,0.0,0.0,0.0,0.0,12.875,13.75,0.0,0.0,11.12866796875
000006.4,0.013671875,0.01708984375,0.125,0.0,0.0,0.0,0.0,0.0,0.0,0.0,0.0,0.0,0.0,0.125,0.0,0.0,0.0,0.0,0.0,0.0,0.0,0.0,39.125,40.75,0.0,0.0,11.511898681640625
00006.45,0.0,0.004150390625,0.125,0.0,0.0,0.0,0.0,0.0,0.0,0.0,0.0,0.0,0.0,0.0,0.0,0.0,0.0,0.0,0.0,0.0,0.0,0.0,23.875,21.375,0.0,0.0,11.788327392578125
000006.5,-0.02783203125,-0.021240234375,0.125,0.0,0.0,0.0,0.0,0.0,0.0,0.0,0.0,0.0,0.0,0.0,0.0,0.0,0.0,0.0,0.0,0.0,0.0,0.0,23.875,21.375,0.0,0.0,11.92025927734375
00006.55,-0.03466796875,-0.025146484375,0.125,0.0,0.0,0.0,0.0,0.0,0.0,0.0,0.0,0.0,0.0,0.125,0.0,0.0,0.0,0.0,0.0,0.0,0.0,0.0,14.625,13.875,0.0,0.0,12.04590869140625
000006.6,-0.025390625,-0.019287109375,0.125,0.0,0.0,0.0,0.0,0.0,0.0,0.0,0.0,0.0,0.0,0.125,0.0,0.0,0.0,0.0,0.0,0.0,0.0,0.0,11.0,9.5,0.0,0.0,12.052191162109375
00006.65,-0.01416015625,-0.01513671875,0.125,0.0,0.0,0.0,0.0,0.0,0.0,0.0,0.0,0.0,0.0,0.125,0.0,0.0,0.0,0.0,0.0,0.0,0.0,0.0,9.25,8.375,0.0,0.0,12.108733398437499
000006.7,-0.001708984375,-0.005859375,0.125,0.0,0.0,0.0,0.0,0.0,0.0,0.0,0.0,0.0,0.0,0.125,0.0,0.0,0.0,0.0,0.0,0.0,0.0,0.0,9.25,8.375,0.0,0.0,12.165275634765624
00006.75,0.001953125,-2.44140625E-4,0.125,0.0,0.0,0.0,0.0,0.0,0.0,0.0,0.0,0.0,0.0,0.125,0.0,0.0,0.0,0.0,0.0,0.0,0.0,0.0,8.625,8.0,0.0,0.0,12.071038574218749
000006.8,0.0029296875,7.32421875E-4,0.125,0.0,0.0,0.0,0.0,0.0,0.0,0.0,0.0,0.0,0.0,0.125,0.0,0.0,0.0,0.0,0.0,0.0,0.0,0.0,8.0,8.0,0.0,0.0,12.360032226562499
00006.85,0.0029296875,9.765625E-4,0.125,0.0,0.0,0.0,-2.239247311827957,-1.1615347018572826,-1.2521994134897363,-2.2,0.125,0.0,0.25,0.375,2.3964809384164223,2.1434506353861194,2.1084555229716524,2.2301075268817208,0.0,0.0,0.9225806451612903,0.0,8.0,8.0,0.0,0.0,11.913976806640624
000006.9,0.002197265625,0.001220703125,3.75,2.0,2.25,1.875,-2.778103616813294,-2.778103616813294,-2.766764418377322,-2.7440860215053764,2.5,2.0,2.0,2.25,2.449266862170088,2.778103616813294,2.732746823069404,2.766764418377322,0.5,0.0,1.1964809384164221,1.1639296187683286,5.25,4.125,0.0,0.0,12.039626220703125
00006.95,-0.01171875,-0.009765625,4.0,3.625,3.625,3.625,-2.721407624633431,-2.664711632453568,-2.664711632453568,-2.6420332355816227,3.125,3.375,3.5,3.875,2.3358748778103617,2.6533724340175953,2.6193548387096777,2.6533724340175953,0.75,0.5,1.1964809384164221,1.1715542521994133,0.0,0.0,0.0,0.0,11.863717041015624
000007.0,-0.04443359375,-0.040771484375,4.25,3.75,3.75,3.75,-2.721407624633431,-2.664711632453568,-2.664711632453568,-2.6420332355816227,3.25,3.375,3.75,3.875,2.3358748778103617,2.6533724340175953,2.6193548387096777,2.6533724340175953,0.5,0.5,1.1964809384164221,1.1715542521994133,0.0,0.0,0.0,0.0,11.857434570312499
00007.05,-0.084228515625,-0.090576171875,3.5,3.125,3.125,3.0,-2.721407624633431,-2.664711632453568,-2.664711632453568,-2.6420332355816227,3.25,3.5,3.75,3.875,2.3358748778103617,2.6533724340175953,2.6193548387096777,2.6533724340175953,0.5,0.5,1.1815249266862171,1.1715542521994133,0.0,0.0,0.0,0.0,11.901411865234374
000007.1,-0.119873046875,-0.1005859375,4.0,3.5,3.5,3.5,-2.721407624633431,-2.664711632453568,-2.664711632453568,-2.6420332355816227,2.875,3.0,3.25,3.5,2.256500488758553,2.6533724340175953,2.6193548387096777,2.6533724340175953,0.5,0.5,1.1815249266862171,1.1715542521994133,0.0,0.0,0.0,0.0,11.976801513671875
00007.15,-0.122314453125,-0.10791015625,3.5,3.125,3.0,3.0,-2.721407624633431,-2.7100684261974584,-2.698729227761486,-2.698729227761486,2.25,2.625,2.875,3.125,2.256500488758553,2.721407624633431,2.6760508308895408,2.7100684261974584,0.5,0.5,1.1815249266862171,1.1914956011730204,0.0,0.0,0.0,0.0,12.027061279296875
000007.2,-0.125732421875,-0.12939453125,2.75,2.25,2.375,2.125,-2.721407624633431,-2.7100684261974584,-2.698729227761486,-2.698729227761486,1.875,2.0,2.25,2.375,2.256500488758553,2.721407624633431,2.6760508308895408,2.7100684261974584,0.75,0.5,1.201466275659824,1.1914956011730204,0.0,0.0,0.0,0.0,12.102450927734374
00007.25,-0.1455078125,-0.15771484375,2.375,1.875,2.25,1.875,-2.721407624633431,-2.7100684261974584,-2.698729227761486,-2.698729227761486,1.5,1.75,1.75,1.875,2.3812316715542523,2.721407624633431,2.6760508308895408,2.7100684261974584,0.75,0.5,1.201466275659824,1.1914956011730204,0.0,0.0,0.0,0.0,12.121298339843749
000007.3,-0.173828125,-0.173828125,2.125,1.75,2.125,1.75,-2.766764418377322,-2.778103616813294,-2.755425219941349,-2.732746823069404,1.25,1.375,1.625,1.75,2.3812316715542523,2.766764418377322,2.721407624633431,2.755425219941349,0.75,0.5,1.201466275659824,1.2114369501466276,0.0,0.0,0.0,0.0,12.140145751953124
00007.35,-0.185791015625,-0.18359375,2.0,1.625,1.875,1.5,-2.766764418377322,-2.778103616813294,-2.755425219941349,-2.732746823069404,1.125,1.375,1.625,1.75,2.3812316715542523,2.766764418377322,2.721407624633431,2.755425219941349,0.5,0.5,1.201466275659824,1.2114369501466276,0.0,0.0,0.0,0.0,12.140145751953124
000007.4,-0.195068359375,-0.187744140625,2.0,1.625,1.875,1.375,-2.766764418377322,-2.778103616813294,-2.755425219941349,-2.732746823069404,1.125,1.375,1.625,1.75,2.3812316715542523,2.766764418377322,2.721407624633431,2.755425219941349,0.5,0.5,1.2064516129032257,1.2114369501466276,0.0,0.0,0.0,0.0,12.202970458984375
00007.45,-0.196044921875,-0.1884765625,1.875,1.375,1.625,1.25,-2.778103616813294,-2.778103616813294,-2.766764418377322,-2.7440860215053764,0.75,1.125,1.25,1.375,2.3131964809384162,2.778103616813294,2.732746823069404,2.766764418377322,0.75,0.5,1.2064516129032257,1.2164222873900294,0.0,0.0,0.0,0.0,12.202970458984375
000007.5,-0.197265625,-0.19677734375,1.625,1.125,1.0,0.875,-2.778103616813294,-2.778103616813294,-2.766764418377322,-2.7440860215053764,0.625,0.875,1.0,1.125,2.3131964809384162,2.778103616813294,2.732746823069404,2.766764418377322,0.75,0.5,1.2064516129032257,1.2164222873900294,0.0,0.0,0.0,0.0,12.2343828125
00007.55,-0.202880859375,-0.20751953125,1.375,1.0,1.0,0.625,-2.778103616813294,-2.778103616813294,-2.766764418377322,-2.7440860215053764,0.5,0.75,0.875,1.0,2.3131964809384162,2.778103616813294,2.732746823069404,2.766764418377322,0.75,0.5,1.2164222873900294,1.2164222873900294,0.0,0.0,0.0,0.0,12.215535400390625
000007.6,-0.211669921875,-0.2099609375,1.5,1.125,1.0,0.875,-2.8007820136852395,-2.8007820136852395,-2.778103616813294,-2.766764418377322,0.5,0.75,1.0,1.125,2.392570869990225,2.789442815249267,2.7440860215053764,2.778103616813294,0.75,0.5,1.2164222873900294,1.221407624633431,0.0,0.0,0.0,0.0,12.2343828125
00007.65,-0.212646484375,-0.21044921875,1.5,1.125,1.0,0.625,-1.629765395894428,-2.3178885630498534,-2.203323558162268,-2.194330400782014,0.5,0.875,1.0,1.125,0.8043988269794722,2.5008797653958945,2.4602150537634406,2.3829423264907135,0.75,0.5,1.2164222873900294,1.221407624633431,0.0,0.0,0.0,0.0,12.4605517578125
000007.7,-0.211181640625,-0.211181640625,0.125,0.125,0.125,0.125,0.0,0.0,0.0,0.0,0.0,0.125,0.25,0.25,0.0,0.0,0.0,0.0,0.75,0.5,1.2363636363636363,1.221407624633431,0.0,0.0,0.0,0.0,12.435421875
00007.75,-0.209716796875,-0.208740234375,0.125,0.0,0.0,0.0,0.0,0.0,0.0,0.0,0.0,0.0,0.0,0.0,0.0,0.0,0.0,0.0,0.75,0.5,1.2363636363636363,1.2413489736070382,0.0,0.0,0.0,0.0,12.466834228515625
000007.8,-0.19384765625,-0.189697265625,0.125,0.125,0.125,0.0,0.0,0.0,0.0,0.0,0.0,0.0,0.0,0.0,0.0,0.0,0.0,0.0,0.75,0.25,1.2363636363636363,1.2413489736070382,0.0,0.0,0.0,0.0,12.44798681640625
00007.85,-0.137451171875,-0.132080078125,0.125,0.125,0.125,0.0,0.0,0.0,0.0,0.0,0.0,0.0,0.0,0.0,0.0,0.0,0.0,0.0,0.5,0.5,1.2363636363636363,1.2413489736070382,0.0,0.0,0.0,0.0,12.454269287109375
000007.9,-0.1005859375,-0.106201171875,0.125,0.125,0.125,0.0,0.0,0.0,0.0,0.0,0.0,0.0,0.0,0.0,0.0,0.0,0.0,0.0,0.5,0.5,1.2363636363636363,1.2413489736070382,0.0,0.0,0.0,0.0,12.4605517578125
00007.95,-0.0966796875,-0.10205078125,0.125,0.0,0.0,0.0,0.0,0.0,0.0,0.0,0.0,0.0,0.0,0.0,0.0,0.0,0.0,0.0,0.75,0.5,1.2363636363636363,1.2413489736070382,0.0,0.0,0.0,0.0,12.4605517578125
000008.0,-0.094970703125,-0.090087890625,0.125,0.0,0.0,0.0,0.0,0.0,0.0,0.0,0.0,0.0,0.0,0.0,0.0,0.0,0.0,0.0,0.75,0.5,1.2413489736070382,1.2413489736070382,0.0,0.0,0.0,0.0,12.4605517578125
00008.05,-0.0693359375,-0.057373046875,0.125,0.0,0.0,0.0,0.0,0.0,0.0,0.0,0.0,0.0,0.0,0.125,0.0,0.0,0.0,0.0,0.5,0.25,1.2413489736070382,1.2413489736070382,0.0,0.0,0.0,0.0,12.4605517578125
000008.1,-0.045654296875,-0.03759765625,0.125,0.0,0.0,0.0,0.0,0.0,0.0,0.0,0.0,0.0,0.0,0.125,0.0,0.0,0.0,0.0,0.5,0.25,1.2413489736070382,1.2463343108504399,0.0,0.0,0.0,0.0,12.47311669921875
00008.15,-0.025390625,-0.0244140625,0.125,0.0,0.0,0.0,0.0,0.0,0.0,0.0,0.0,0.0,0.0,0.125,0.0,0.0,0.0,0.0,0.5,0.25,1.2413489736070382,1.2463343108504399,0.0,0.0,0.0,0.0,12.4605517578125
000008.2,-0.016845703125,-0.017822265625,0.125,0.0,0.0,0.0,0.0,0.0,0.0,0.0,0.0,0.0,0.0,0.125,0.0,0.0,0.0,0.0,0.5,0.25,1.2413489736070382,1.2463343108504399,0.0,0.0,0.0,0.0,12.4605517578125
00008.25,-0.01123046875,-0.01171875,0.125,0.0,0.0,0.0,0.0,0.0,0.0,0.0,0.0,0.0,0.0,0.125,0.0,0.0,0.0,0.0,0.5,0.5,1.2413489736070382,1.2463343108504399,0.0,0.0,0.0,0.0,12.479399169921875
000008.3,-0.001220703125,-0.005859375,0.125,0.0,0.0,0.0,0.0,0.0,0.0,0.0,0.0,0.0,0.0,0.125,0.0,0.0,0.0,0.0,0.5,0.5,1.2413489736070382,1.2463343108504399,0.0,0.0,0.0,0.0,12.47311669921875
00008.35,0.003173828125,-9.765625E-4,0.125,0.0,0.0,0.0,0.0,0.0,0.0,0.0,0.0,0.0,0.0,0.125,0.0,0.0,0.0,0.0,0.5,0.5,1.2413489736070382,1.2463343108504399,0.0,0.0,0.0,0.0,12.479399169921875
000008.4,0.005126953125,0.003662109375,0.125,0.0,0.0,0.0,0.0,0.0,0.0,0.0,0.0,0.0,0.0,0.125,0.0,0.0,0.0,0.0,0.5,0.5,1.2413489736070382,1.2463343108504399,0.0,0.0,0.0,0.0,12.466834228515625
00008.45,0.005126953125,0.0048828125,0.125,0.0,0.0,0.0,0.0,0.0,0.0,0.0,0.0,0.0,0.0,0.125,0.0,0.0,0.0,0.0,0.75,0.5,1.2413489736070382,1.2463343108504399,0.0,0.0,0.0,0.0,12.479399169921875
000008.5,0.003662109375,0.00390625,0.125,0.0,0.0,0.0,0.0,0.0,0.0,0.0,0.0,0.0,0.0,0.125,0.0,0.0,0.0,0.0,0.75,0.5,1.2413489736070382,1.2463343108504399,0.0,0.0,0.0,0.0,12.47311669921875
00008.55,0.002685546875,0.0029296875,0.125,0.0,0.0,0.0,0.0,0.0,0.0,0.0,0.0,0.0,0.0,0.125,0.0,0.0,0.0,0.0,0.75,0.5,1.2413489736070382,1.2463343108504399,0.0,0.0,0.0,0.0,12.479399169921875
000008.6,9.765625E-4,0.002197265625,0.125,0.0,0.0,0.0,0.0,0.0,0.0,0.0,0.0,0.0,0.0,0.125,0.0,0.0,0.0,0.0,0.5,0.5,1.2413489736070382,1.2463343108504399,0.0,0.0,0.0,0.0,12.485681640625
00008.65,0.0,7.32421875E-4,0.125,0.0,0.0,0.0,0.0,0.0,0.0,0.0,0.0,0.0,0.0,0.125,0.0,0.0,0.0,0.0,0.5,0.5,1.2413489736070382,1.2463343108504399,0.0,0.0,0.0,0.0,12.491964111328125
000008.7,0.0,0.0,0.125,0.0,0.0,0.0,0.0,0.0,0.0,0.0,0.0,0.0,0.0,0.125,0.0,0.0,0.0,0.0,0.75,0.5,1.2413489736070382,1.2463343108504399,0.0,0.0,0.0,0.0,12.47311669921875
00008.75,-2.44140625E-4,-4.8828125E-4,0.125,0.0,0.0,0.0,0.0,0.0,0.0,0.0,0.0,0.0,0.0,0.125,0.0,0.0,0.0,0.0,0.5,0.5,1.2413489736070382,1.2463343108504399,0.0,0.0,0.0,0.0,12.47311669921875
000008.8,-2.44140625E-4,-2.44140625E-4,0.125,0.0,0.0,0.0,0.0,0.0,0.0,0.0,0.0,0.0,0.0,0.125,0.0,0.0,0.0,0.0,0.5,0.5,1.2413489736070382,1.2463343108504399,0.0,0.0,0.0,0.0,12.491964111328125
00008.85,0.0,0.0,0.125,0.0,0.0,0.0,0.0,0.0,0.0,0.0,0.0,0.0,0.0,0.125,0.0,0.0,0.0,0.0,0.75,0.5,1.2413489736070382,1.2463343108504399,0.0,0.0,0.0,0.0,12.49824658203125
000008.9,0.0,0.0,0.125,0.0,0.0,0.0,0.0,0.0,0.0,0.0,0.0,0.0,0.0,0.125,0.0,0.0,0.0,0.0,0.75,0.5,1.2413489736070382,1.2463343108504399,0.0,0.0,0.0,0.0,12.504529052734375
00008.95,0.0,0.0,0.125,0.0,0.0,0.0,0.0,0.0,0.0,0.0,0.0,0.0,0.0,0.125,0.0,0.0,0.0,0.0,0.75,0.5,1.2413489736070382,1.2463343108504399,0.0,0.0,0.0,0.0,12.491964111328125
000009.0,0.0,0.0,0.125,0.0,0.0,0.0,0.0,0.0,0.0,0.0,0.0,0.0,0.0,0.125,0.0,0.0,0.0,0.0,0.75,0.5,1.2413489736070382,1.2463343108504399,0.0,0.0,0.0,0.0,12.491964111328125
00009.05,0.0,0.0,0.125,0.0,0.0,0.0,0.0,0.0,0.0,0.0,0.0,0.0,0.0,0.125,0.0,0.0,0.0,0.0,0.75,0.5,1.2413489736070382,1.2463343108504399,0.0,0.0,0.0,0.0,12.491964111328125
000009.1,0.0,0.0,0.125,0.0,0.0,0.0,0.0,0.0,0.0,0.0,0.0,0.0,0.0,0.125,0.0,0.0,0.0,0.0,0.75,0.5,1.2413489736070382,1.2463343108504399,0.0,0.0,0.0,0.0,12.49824658203125
00009.15,0.0,0.0,0.125,0.0,0.0,0.0,0.0,0.0,0.0,0.0,0.0,0.0,0.0,0.125,0.0,0.0,0.0,0.0,0.75,0.5,1.2413489736070382,1.2463343108504399,0.0,0.0,0.0,0.0,12.491964111328125
000009.2,0.0,0.0,0.125,0.0,0.0,0.0,0.0,0.0,0.0,0.0,0.0,0.0,0.0,0.125,0.0,0.0,0.0,0.0,0.75,0.5,1.2413489736070382,1.2513196480938416,0.0,0.0,0.0,0.0,12.504529052734375
00009.25,0.0,0.0,0.125,0.0,0.0,0.0,0.0,0.0,0.0,0.0,0.0,0.0,0.0,0.125,0.0,0.0,0.0,0.0,0.75,0.5,1.2413489736070382,1.2513196480938416,0.0,0.0,0.0,0.0,12.504529052734375
000009.3,0.0,0.0,0.125,0.0,0.0,0.0,0.0,0.0,0.0,0.0,0.0,0.0,0.0,0.125,0.0,0.0,0.0,0.0,0.75,0.5,1.2413489736070382,1.2513196480938416,0.0,0.0,0.0,0.0,12.49824658203125
00009.35,0.0,0.0,0.125,0.0,0.0,0.0,0.0,0.0,0.0,0.0,0.0,0.0,0.0,0.125,0.0,0.0,0.0,0.0,0.75,0.5,1.2413489736070382,1.2513196480938416,0.0,0.0,0.0,0.0,12.491964111328125
000009.4,0.0,0.0,0.125,0.0,0.0,0.0,0.0,0.0,0.0,0.0,0.0,0.0,0.0,0.125,0.0,0.0,0.0,0.0,0.75,0.5,1.2413489736070382,1.2463343108504399,0.0,0.0,0.0,0.0,12.504529052734375
00009.45,0.0,0.0,0.125,0.0,0.0,0.0,0.0,0.0,0.0,0.0,0.0,0.0,0.0,0.125,0.0,0.0,0.0,0.0,0.75,0.5,1.2413489736070382,1.2463343108504399,0.0,0.0,0.0,0.0,12.49824658203125
000009.5,0.0,0.0,0.125,0.0,0.0,0.0,0.0,0.0,0.0,0.0,0.0,0.0,0.0,0.125,0.0,0.0,0.0,0.0,0.75,0.5,1.2413489736070382,1.2463343108504399,0.0,0.0,0.0,0.0,12.49824658203125
00009.55,0.0,0.0,0.125,0.0,0.0,0.0,0.0,0.0,0.0,0.0,0.0,0.0,0.0,0.125,0.0,0.0,0.0,0.0,0.75,0.5,1.2413489736070382,1.2513196480938416,0.0,0.0,0.0,0.0,12.504529052734375
000009.6,0.0,0.0,0.125,0.0,0.0,0.0,0.0,0.0,0.0,0.0,0.0,0.0,0.0,0.125,0.0,0.0,0.0,0.0,0.75,0.5,1.2413489736070382,1.2513196480938416,0.0,0.0,0.0,0.0,12.504529052734375
00009.65,0.0,0.0,0.125,0.0,0.0,0.0,0.0,0.0,0.0,0.0,0.0,0.0,0.0,0.125,0.0,0.0,0.0,0.0,0.75,0.5,1.2413489736070382,1.2513196480938416,0.0,0.0,0.0,0.0,12.49824658203125
000009.7,0.0,0.0,0.125,0.0,0.0,0.0,0.0,0.0,0.0,0.0,0.0,0.0,0.0,0.125,0.0,0.0,0.0,0.0,0.75,0.5,1.2413489736070382,1.2513196480938416,0.0,0.0,0.0,0.0,12.517093994140625
00009.75,0.0,0.0,0.125,0.0,0.0,0.0,0.0,0.0,0.0,0.0,0.0,0.0,0.0,0.125,0.0,0.0,0.0,0.0,0.75,0.5,1.2413489736070382,1.2513196480938416,0.0,0.0,0.0,0.0,12.504529052734375
000009.8,0.0,0.0,0.125,0.0,0.0,0.0,0.0,0.0,0.0,0.0,0.0,0.0,0.0,0.125,0.0,0.0,0.0,0.0,0.75,0.5,1.2413489736070382,1.2513196480938416,0.0,0.0,0.0,0.0,12.5108115234375
00009.85,0.0,0.0,0.125,0.0,0.0,0.0,0.0,0.0,0.0,0.0,0.0,0.0,0.0,0.125,0.0,0.0,0.0,0.0,0.75,0.5,1.2413489736070382,1.2513196480938416,0.0,0.0,0.0,0.0,12.5108115234375
000009.9,0.0,0.0,0.125,0.0,0.0,0.0,0.0,0.0,0.0,0.0,0.0,0.0,0.0,0.125,0.0,0.0,0.0,0.0,0.75,0.5,1.2413489736070382,1.2513196480938416,0.0,0.0,0.0,0.0,12.504529052734375
00009.95,0.0,0.0,0.125,0.0,0.0,0.0,0.0,0.0,0.0,0.0,0.0,0.0,0.0,0.125,0.0,0.0,0.0,0.0,0.75,0.5,1.2463343108504399,1.2513196480938416,0.0,0.0,0.0,0.0,12.49824658203125
000010.0,0.0,0.0,0.125,0.0,0.0,0.0,0.0,0.0,0.0,0.0,0.0,0.0,0.0,0.125,0.0,0.0,0.0,0.0,0.75,0.5,1.2463343108504399,1.2513196480938416,0.0,0.0,0.0,0.0,12.504529052734375
00010.05,0.0,0.0,0.125,0.0,0.0,0.0,0.0,0.0,0.0,0.0,0.0,0.0,0.0,0.125,0.0,0.0,0.0,0.0,0.75,0.5,1.2463343108504399,1.2513196480938416,0.0,0.0,0.0,0.0,12.5108115234375
000010.1,0.0,0.0,0.125,0.0,0.0,0.0,0.0,0.0,0.0,0.0,0.0,0.0,0.0,0.125,0.0,0.0,0.0,0.0,0.75,0.5,1.2413489736070382,1.2513196480938416,0.0,0.0,0.0,0.0,12.517093994140625
00010.15,0.0,0.0,0.125,0.0,0.0,0.0,0.0,0.0,0.0,0.0,0.0,0.0,0.0,0.125,0.0,0.0,0.0,0.0,0.75,0.5,1.2413489736070382,1.2513196480938416,0.0,0.0,0.0,0.0,12.52337646484375
000010.2,0.0,0.0,0.125,0.0,0.0,0.0,0.0,0.0,0.0,0.0,0.0,0.0,0.0,0.125,0.0,0.0,0.0,0.0,0.75,0.5,1.2413489736070382,1.2513196480938416,0.0,0.0,0.0,0.0,12.52337646484375
00010.25,0.0,0.0,0.125,0.0,0.0,0.0,0.0,0.0,0.0,0.0,0.0,0.0,0.0,0.125,0.0,0.0,0.0,0.0,0.75,0.5,1.2463343108504399,1.2513196480938416,0.0,0.0,0.0,0.0,12.5108115234375
000010.3,0.0,0.0,0.125,0.0,0.0,0.0,0.0,0.0,0.0,0.0,0.0,0.0,0.0,0.125,0.0,0.0,0.0,0.0,0.75,0.5,1.2463343108504399,1.2513196480938416,0.0,0.0,0.0,0.0,12.504529052734375
00010.35,0.0,0.0,0.125,0.0,0.0,0.0,0.0,0.0,0.0,0.0,0.0,0.0,0.0,0.125,0.0,0.0,0.0,0.0,0.75,0.5,1.2463343108504399,1.2513196480938416,0.0,0.0,0.0,0.0,12.504529052734375
000010.4,0.0,0.0,0.125,0.0,0.0,0.0,0.0,0.0,0.0,0.0,0.0,0.0,0.0,0.125,0.0,0.0,0.0,0.0,0.75,0.5,1.2413489736070382,1.2513196480938416,0.0,0.0,0.0,0.0,12.49824658203125
00010.45,0.0,0.0,0.125,0.0,0.0,0.0,0.0,0.0,0.0,0.0,0.0,0.0,0.0,0.125,0.0,0.0,0.0,0.0,0.75,0.5,1.2413489736070382,1.2513196480938416,0.0,0.0,0.0,0.0,12.5108115234375
000010.5,0.0,0.0,0.125,0.0,0.0,0.0,0.0,0.0,0.0,0.0,0.0,0.0,0.0,0.125,0.0,0.0,0.0,0.0,0.75,0.5,1.2413489736070382,1.2513196480938416,0.0,0.0,0.0,0.0,12.504529052734375
00010.55,0.0,0.0,0.125,0.0,0.0,0.0,0.0,0.0,0.0,0.0,0.0,0.0,0.0,0.125,0.0,0.0,0.0,0.0,0.75,0.5,1.2413489736070382,1.2513196480938416,0.0,0.0,0.0,0.0,12.504529052734375
000010.6,0.0,0.0,0.125,0.0,0.0,0.0,0.0,0.0,0.0,0.0,0.0,0.0,0.0,0.125,0.0,0.0,0.0,0.0,0.75,0.5,1.2413489736070382,1.2513196480938416,0.0,0.0,0.0,0.0,12.517093994140625
00010.65,0.0,0.0,0.125,0.0,0.0,0.0,0.0,0.0,0.0,0.0,0.0,0.0,0.0,0.125,0.0,0.0,0.0,0.0,0.75,0.5,1.2413489736070382,1.2513196480938416,0.0,0.0,0.0,0.0,12.52337646484375
000010.7,0.0,0.0,0.125,0.0,0.0,0.0,0.0,0.0,0.0,0.0,0.0,0.0,0.0,0.125,0.0,0.0,0.0,0.0,0.75,0.5,1.2413489736070382,1.2513196480938416,0.0,0.0,0.0,0.0,12.504529052734375
00010.75,0.0,0.0,0.125,0.0,0.0,0.0,0.0,0.0,0.0,0.0,0.0,0.0,0.0,0.125,0.0,0.0,0.0,0.0,0.75,0.5,1.2413489736070382,1.2513196480938416,0.0,0.0,0.0,0.0,12.5108115234375
000010.8,0.0,0.0,0.125,0.0,0.0,0.0,0.0,0.0,0.0,0.0,0.0,0.0,0.0,0.125,0.0,0.0,0.0,0.0,0.875,0.5,1.2413489736070382,1.2513196480938416,0.0,0.0,0.0,0.0,12.517093994140625
00010.85,0.0,0.0,0.125,0.0,0.0,0.0,0.0,0.0,0.0,0.0,0.0,0.0,0.0,0.125,0.0,0.0,0.0,0.0,0.75,0.5,1.2413489736070382,1.2513196480938416,0.0,0.0,0.0,0.0,12.504529052734375
000010.9,0.0,0.0,0.125,0.0,0.0,0.0,0.0,0.0,0.0,0.0,0.0,0.0,0.0,0.125,0.0,0.0,0.0,0.0,0.875,0.75,1.2463343108504399,1.2513196480938416,0.0,0.0,0.0,0.0,12.517093994140625
00010.95,0.0,0.0,0.125,0.0,0.0,0.0,0.0,0.0,0.0,0.0,0.0,0.0,0.0,0.125,0.0,0.0,0.0,0.0,0.875,0.5,1.2463343108504399,1.2513196480938416,0.0,0.0,0.0,0.0,12.5108115234375
000011.0,0.0,0.0,0.125,0.0,0.0,0.0,0.0,0.0,0.0,0.0,0.0,0.0,0.0,0.125,0.0,0.0,0.0,0.0,0.875,0.5,1.2463343108504399,1.2513196480938416,0.0,0.0,0.0,0.0,12.5108115234375
00011.05,0.0,0.0,0.125,0.0,0.0,0.0,0.0,0.0,0.0,0.0,0.0,0.0,0.0,0.125,0.0,0.0,0.0,0.0,0.875,0.75,1.2413489736070382,1.2513196480938416,0.0,0.0,0.0,0.0,12.517093994140625
000011.1,0.0,0.0,0.125,0.0,0.0,0.0,0.0,0.0,0.0,0.0,0.0,0.0,0.0,0.125,0.0,0.0,0.0,0.0,0.875,0.5,1.2413489736070382,1.2513196480938416,0.0,0.0,0.0,0.0,12.5108115234375
00011.15,0.0,0.0,0.125,0.0,0.0,0.0,0.0,0.0,0.0,0.0,0.0,0.0,0.0,0.125,0.0,0.0,0.0,0.0,0.875,0.5,1.2413489736070382,1.2513196480938416,0.0,0.0,0.0,0.0,12.504529052734375
000011.2,0.0,0.0,0.125,0.0,0.0,0.0,0.0,0.0,0.0,0.0,0.0,0.0,0.0,0.125,0.0,0.0,0.0,0.0,0.875,0.75,1.2463343108504399,1.2513196480938416,0.0,0.0,0.0,0.0,12.517093994140625
00011.25,0.0,0.0,0.125,0.0,0.0,0.0,0.0,0.0,0.0,0.0,0.0,0.0,0.0,0.125,0.0,0.0,0.0,0.0,0.875,0.75,1.2463343108504399,1.2513196480938416,0.0,0.0,0.0,0.0,12.517093994140625
000011.3,0.0,0.0,0.125,0.0,0.0,0.0,0.0,0.0,0.0,0.0,0.0,0.0,0.0,0.125,0.0,0.0,0.0,0.0,0.875,0.5,1.2463343108504399,1.2513196480938416,0.0,0.0,0.0,0.0,12.529658935546875
00011.35,0.0,0.0,0.125,0.0,0.0,0.0,0.0,0.0,0.0,0.0,0.0,0.0,0.0,0.125,0.0,0.0,0.0,0.0,0.875,0.75,1.2463343108504399,1.2513196480938416,0.0,0.0,0.0,0.0,12.52337646484375
000011.4,0.0,0.0,0.125,0.0,0.0,0.0,0.0,0.0,0.0,0.0,0.0,0.0,0.0,0.125,0.0,0.0,0.0,0.0,0.875,0.5,1.2413489736070382,1.2513196480938416,0.0,0.0,0.0,0.0,12.5108115234375
00011.45,0.0,0.0,0.125,0.0,0.0,0.0,0.0,0.0,0.0,0.0,0.0,0.0,0.0,0.125,0.0,0.0,0.0,0.0,0.875,0.5,1.2413489736070382,1.2513196480938416,0.0,0.0,0.0,0.0,12.52337646484375
000011.5,0.0,0.0,0.125,0.0,0.0,0.0,0.0,0.0,0.0,0.0,0.0,0.0,0.0,0.125,0.0,0.0,0.0,0.0,0.875,0.5,1.2413489736070382,1.2513196480938416,0.0,0.0,0.0,0.0,12.52337646484375
00011.55,0.0,0.0,0.125,0.0,0.0,0.0,0.0,0.0,0.0,0.0,0.0,0.0,0.0,0.125,0.0,0.0,0.0,0.0,0.875,0.75,1.2413489736070382,1.2513196480938416,0.0,0.0,0.0,0.0,12.49824658203125
000011.6,0.0,0.0,0.125,0.0,0.0,0.0,0.0,0.0,0.0,0.0,0.0,0.0,0.0,0.125,0.0,0.0,0.0,0.0,0.875,0.75,1.2413489736070382,1.2513196480938416,0.0,0.0,0.0,0.0,12.517093994140625
00011.65,0.0,0.0,0.125,0.0,0.0,0.0,0.0,0.0,0.0,0.0,0.0,0.0,0.0,0.125,0.0,0.0,0.0,0.0,0.875,0.75,1.2413489736070382,1.2513196480938416,0.0,0.0,0.0,0.0,12.5108115234375
000011.7,0.0,0.0,0.125,0.0,0.0,0.0,0.0,0.0,0.0,0.0,0.0,0.0,0.0,0.125,0.0,0.0,0.0,0.0,0.875,0.5,1.2413489736070382,1.2513196480938416,0.0,0.0,0.0,0.0,12.53594140625
00011.75,0.0,0.0,0.125,0.0,0.0,0.0,0.0,0.0,0.0,0.0,0.0,0.0,0.0,0.125,0.0,0.0,0.0,0.0,0.75,0.5,1.2413489736070382,1.2513196480938416,0.0,0.0,0.0,0.0,12.52337646484375
000011.8,0.0,0.0,0.125,0.0,0.0,0.0,0.0,0.0,0.0,0.0,0.0,0.0,0.0,0.125,0.0,0.0,0.0,0.0,0.375,0.125,0.0,0.0,0.0,0.0,0.0,0.0,12.554788818359375
00011.85,0.0,0.0,0.125,0.0,0.0,0.0,0.0,0.0,0.0,0.0,0.0,0.0,0.0,0.125,0.0,0.0,0.0,0.0,0.0,0.0,0.0,0.0,0.0,0.0,0.0,0.0,12.5610712890625
000011.9,0.0,0.0,0.125,0.0,0.0,0.0,0.0,0.0,0.0,0.0,0.0,0.0,0.0,0.125,0.0,0.0,0.0,0.0,0.0,0.0,0.0,0.0,0.0,0.0,0.0,0.0,12.542223876953125
00011.95,0.0,0.0,0.125,0.0,0.0,0.0,0.0,0.0,0.0,0.0,0.0,0.0,0.0,0.125,0.0,0.0,0.0,0.0,0.0,0.0,0.0,0.0,0.0,0.0,0.0,0.0,12.54850634765625
000012.0,0.0,0.0,0.125,0.0,0.0,0.0,0.0,0.0,0.0,0.0,0.0,0.0,0.0,0.125,0.0,0.0,0.0,0.0,0.0,0.0,0.0,0.0,0.0,0.0,0.0,0.0,12.54850634765625
00012.05,0.0,0.0,0.125,0.0,0.0,0.0,0.0,0.0,0.0,0.0,0.0,0.0,0.0,0.125,0.0,0.0,0.0,0.0,0.0,0.0,0.0,0.0,0.0,0.0,0.0,0.0,12.54850634765625
000012.1,0.0,0.0,0.125,0.0,0.0,0.0,0.0,0.0,0.0,0.0,0.0,0.0,0.0,0.125,0.0,0.0,0.0,0.0,0.0,0.0,0.0,0.0,0.0,0.0,0.0,0.0,12.554788818359375
00012.15,0.0,0.0,0.125,0.0,0.0,0.0,0.0,0.0,0.0,0.0,0.0,0.0,0.0,0.125,0.0,0.0,0.0,0.0,0.0,0.0,0.0,0.0,0.0,0.0,0.0,0.0,12.5610712890625
000012.2,0.0,0.0,0.125,0.0,0.0,0.0,0.0,0.0,0.0,0.0,0.0,0.0,0.0,0.125,0.0,0.0,0.0,0.0,0.0,0.0,0.0,0.0,0.0,0.0,0.0,0.0,12.567353759765625
00012.25,0.0,0.0,0.125,0.0,0.0,0.0,0.0,0.0,0.0,0.0,0.0,0.0,0.0,0.125,0.0,0.0,0.0,0.0,0.0,0.0,0.0,0.0,0.0,0.0,0.0,0.0,12.5610712890625
000012.3,0.0,0.0,0.125,0.0,0.0,0.0,0.0,0.0,0.0,0.0,0.0,0.0,0.0,0.125,0.0,0.0,0.0,0.0,0.0,0.0,0.0,0.0,0.0,0.0,0.0,0.0,12.554788818359375
00012.35,0.0,0.0,0.125,0.0,0.0,0.0,0.0,0.0,0.0,0.0,0.0,0.0,0.0,0.125,0.0,0.0,0.0,0.0,0.0,0.0,0.0,0.0,0.0,0.0,0.0,0.0,12.54850634765625
000012.4,0.0,0.0,0.125,0.0,0.0,0.0,0.0,0.0,0.0,0.0,0.0,0.0,0.0,0.125,0.0,0.0,0.0,0.0,0.0,0.0,0.0,0.0,0.0,0.0,0.0,0.0,12.5610712890625
00012.45,0.0,0.0,0.125,0.0,0.0,0.0,0.0,0.0,0.0,0.0,0.0,0.0,0.0,0.125,0.0,0.0,0.0,0.0,0.0,0.0,0.0,0.0,0.0,0.0,0.0,0.0,12.54850634765625
000012.5,0.0,0.0,0.125,0.0,0.0,0.0,0.0,0.0,0.0,0.0,0.0,0.0,0.0,0.125,0.0,0.0,0.0,0.0,0.0,0.0,0.0,0.0,0.0,0.0,0.0,0.0,12.554788818359375
00012.55,0.0,0.0,0.125,0.0,0.0,0.0,0.0,0.0,0.0,0.0,0.0,0.0,0.0,0.125,0.0,0.0,0.0,0.0,0.0,0.0,0.0,0.0,0.0,0.0,0.0,0.0,12.579918701171875
000012.6,0.0,0.0,0.125,0.0,0.0,0.0,0.0,0.0,0.0,0.0,0.0,0.0,0.0,0.125,0.0,0.0,0.0,0.0,0.0,0.0,0.0,0.0,0.0,0.0,0.0,0.0,12.567353759765625
00012.65,0.0,0.0,0.125,0.0,0.0,0.0,0.0,0.0,0.0,0.0,0.0,0.0,0.0,0.125,0.0,0.0,0.0,0.0,0.0,0.0,0.0,0.0,0.0,0.0,0.0,0.0,12.57363623046875
000012.7,0.0,0.0,0.125,0.0,0.0,0.0,0.0,0.0,0.0,0.0,0.0,0.0,0.0,0.125,0.0,0.0,0.0,0.0,0.0,0.0,0.0,0.0,0.0,0.0,0.0,0.0,12.567353759765625
00012.75,0.0,0.0,0.125,0.0,0.0,0.0,0.0,0.0,0.0,0.0,0.0,0.0,0.0,0.125,0.0,0.0,0.0,0.0,0.0,0.0,0.0,0.0,0.0,0.0,0.0,0.0,12.5610712890625
000012.8,0.0,0.0,0.125,0.0,0.0,0.0,0.0,0.0,0.0,0.0,0.0,0.0,0.0,0.125,0.0,0.0,0.0,0.0,0.0,0.0,0.0,0.0,0.0,0.0,0.0,0.0,12.567353759765625
00012.85,0.0,0.0,0.125,0.0,0.0,0.0,0.0,0.0,0.0,0.0,0.0,0.0,0.0,0.125,0.0,0.0,0.0,0.0,0.0,0.0,0.0,0.0,0.0,0.0,0.0,0.0,12.567353759765625
000012.9,0.0,0.0,0.125,0.0,0.0,0.0,0.0,0.0,0.0,0.0,0.0,0.0,0.0,0.125,0.0,0.0,0.0,0.0,0.0,0.0,0.0,0.0,0.0,0.0,0.0,0.0,12.57363623046875
00012.95,0.0,0.0,0.125,0.0,0.0,0.0,0.0,0.0,0.0,0.0,0.0,0.0,0.0,0.125,0.0,0.0,0.0,0.0,0.0,0.0,0.0,0.0,0.0,0.0,0.0,0.0,12.579918701171875
000013.0,0.0,0.0,0.125,0.0,0.0,0.0,0.0,0.0,0.0,0.0,0.0,0.0,0.0,0.125,0.0,0.0,0.0,0.0,0.0,0.0,0.0,0.0,0.0,0.0,0.0,0.0,12.57363623046875
00013.05,0.0,0.0,0.125,0.0,0.0,0.0,0.0,0.0,0.0,0.0,0.0,0.0,0.0,0.125,0.0,0.0,0.0,0.0,0.0,0.0,0.0,0.0,0.0,0.0,0.0,0.0,12.586201171875
000013.1,0.0,0.0,0.125,0.0,0.0,0.0,0.0,0.0,0.0,0.0,0.0,0.0,0.0,0.125,0.0,0.0,0.0,0.0,0.0,0.0,0.0,0.0,0.0,0.0,0.0,0.0,12.5610712890625
00013.15,0.0,0.0,0.125,0.0,0.0,0.0,0.0,0.0,0.0,0.0,0.0,0.0,0.0,0.125,0.0,0.0,0.0,0.0,0.0,0.0,0.0,0.0,0.0,0.0,0.0,0.0,12.567353759765625
000013.2,0.0,0.0,0.125,0.0,0.0,0.0,0.0,0.0,0.0,0.0,0.0,0.0,0.0,0.125,0.0,0.0,0.0,0.0,0.0,0.0,0.0,0.0,0.0,0.0,0.0,0.0,12.567353759765625
00013.25,0.0,0.0,0.125,0.0,0.0,0.0,0.0,0.0,0.0,0.0,0.0,0.0,0.0,0.125,0.0,0.0,0.0,0.0,0.0,0.0,0.0,0.0,0.0,0.0,0.0,0.0,12.567353759765625
000013.3,0.0,0.0,0.125,0.0,0.0,0.0,0.0,0.0,0.0,0.0,0.0,0.0,0.0,0.125,0.0,0.0,0.0,0.0,0.0,0.0,0.0,0.0,0.0,0.0,0.0,0.0,12.567353759765625
00013.35,0.0,0.0,0.125,0.0,0.0,0.0,0.0,0.0,0.0,0.0,0.0,0.0,0.0,0.125,0.0,0.0,0.0,0.0,0.0,0.0,0.0,0.0,0.0,0.0,0.0,0.0,12.586201171875
000013.4,0.0,0.0,0.125,0.0,0.0,0.0,0.0,0.0,0.0,0.0,0.0,0.0,0.0,0.125,0.0,0.0,0.0,0.0,0.0,0.0,0.0,0.0,0.0,0.0,0.0,0.0,12.579918701171875
00013.45,0.0,0.0,0.125,0.0,0.0,0.0,0.0,0.0,0.0,0.0,0.0,0.0,0.0,0.125,0.0,0.0,0.0,0.0,0.0,0.0,0.0,0.0,0.0,0.0,0.0,0.0,12.579918701171875
000013.5,0.0,0.0,0.125,0.0,0.0,0.0,0.0,0.0,0.0,0.0,0.0,0.0,0.0,0.125,0.0,0.0,0.0,0.0,0.0,0.0,0.0,0.0,0.0,0.0,0.0,0.0,12.57363623046875
00013.55,0.0,0.0,0.125,0.0,0.0,0.0,0.0,0.0,0.0,0.0,0.0,0.0,0.0,0.125,0.0,0.0,0.0,0.0,0.0,0.0,0.0,0.0,0.0,0.0,0.0,0.0,12.57363623046875
000013.6,0.0,0.0,0.125,0.0,0.0,0.0,0.0,0.0,0.0,0.0,0.0,0.0,0.0,0.125,0.0,0.0,0.0,0.0,0.0,0.0,0.0,0.0,0.0,0.0,0.0,0.0,12.57363623046875
00013.65,0.0,0.0,0.125,0.0,0.0,0.0,0.0,0.0,0.0,0.0,0.0,0.0,0.0,0.125,0.0,0.0,0.0,0.0,0.0,0.0,0.0,0.0,0.0,0.0,0.0,0.0,12.57363623046875
000013.7,0.0,0.0,0.125,0.0,0.0,0.0,0.0,0.0,0.0,0.0,0.0,0.0,0.0,0.125,0.0,0.0,0.0,0.0,0.0,0.0,0.0,0.0,0.0,0.0,0.0,0.0,12.579918701171875
00013.75,0.0,0.0,0.125,0.0,0.0,0.0,0.0,0.0,0.0,0.0,0.0,0.0,0.0,0.125,0.0,0.0,0.0,0.0,0.0,0.0,0.0,0.0,0.0,0.0,0.0,0.0,12.57363623046875
000013.8,0.0,0.0,0.125,0.0,0.0,0.0,0.0,0.0,0.0,0.0,0.0,0.0,0.0,0.125,0.0,0.0,0.0,0.0,0.0,0.0,0.0,0.0,0.0,0.0,0.0,0.0,12.57363623046875
00013.85,0.0,0.0,0.125,0.0,0.0,0.0,0.0,0.0,0.0,0.0,0.0,0.0,0.0,0.125,0.0,0.0,0.0,0.0,0.0,0.0,0.0,0.0,0.0,0.0,0.0,0.0,12.579918701171875
000013.9,0.0,0.0,0.125,0.0,0.0,0.0,0.0,0.0,0.0,0.0,0.0,0.0,0.0,0.125,0.0,0.0,0.0,0.0,0.0,0.0,0.0,0.0,0.0,0.0,0.0,0.0,12.57363623046875
00013.95,0.0,0.0,0.125,0.0,0.0,0.0,0.0,0.0,0.0,0.0,0.0,0.0,0.0,0.125,0.0,0.0,0.0,0.0,0.0,0.0,0.0,0.0,0.0,0.0,0.0,0.0,12.57363623046875
000014.0,0.0,0.0,0.125,0.0,0.0,0.0,0.0,0.0,0.0,0.0,0.0,0.0,0.0,0.125,0.0,0.0,0.0,0.0,0.0,0.0,0.0,0.0,0.0,0.0,0.0,0.0,12.586201171875
00014.05,0.0,0.0,0.125,0.0,0.0,0.0,0.0,0.0,0.0,0.0,0.0,0.0,0.0,0.125,0.0,0.0,0.0,0.0,0.0,0.0,0.0,0.0,0.0,0.0,0.0,0.0,12.57363623046875
000014.1,0.0,0.0,0.125,0.0,0.0,0.0,0.0,0.0,0.0,0.0,0.0,0.0,0.0,0.125,0.0,0.0,0.0,0.0,0.0,0.0,0.0,0.0,0.0,0.0,0.0,0.0,12.598766113281249
00014.15,0.0,0.0,0.125,0.0,0.0,0.0,0.0,0.0,0.0,0.0,0.0,0.0,0.0,0.125,0.0,0.0,0.0,0.0,0.0,0.0,0.0,0.0,0.0,0.0,0.0,0.0,12.598766113281249
000014.2,0.0,0.0,0.125,0.0,0.0,0.0,0.0,0.0,0.0,0.0,0.0,0.0,0.0,0.125,0.0,0.0,0.0,0.0,0.0,0.0,0.0,0.0,0.0,0.0,0.0,0.0,12.579918701171875
00014.25,0.0,0.0,0.125,0.0,0.0,0.0,0.0,0.0,0.0,0.0,0.0,0.0,0.0,0.125,0.0,0.0,0.0,0.0,0.0,0.0,0.0,0.0,0.0,0.0,0.0,0.0,12.579918701171875
000014.3,0.0,0.0,0.125,0.0,0.0,0.0,0.0,0.0,0.0,0.0,0.0,0.0,0.0,0.125,0.0,0.0,0.0,0.0,0.0,0.0,0.0,0.0,0.0,0.0,0.0,0.0,12.567353759765625
00014.35,0.0,0.0,0.125,0.0,0.0,0.0,0.0,0.0,0.0,0.0,0.0,0.0,0.0,0.125,0.0,0.0,0.0,0.0,0.0,0.0,0.0,0.0,0.0,0.0,0.0,0.0,12.586201171875
000014.4,0.0,0.0,0.125,0.0,0.0,0.0,0.0,0.0,0.0,0.0,0.0,0.0,0.0,0.125,0.0,0.0,0.0,0.0,0.0,0.0,0.0,0.0,0.0,0.0,0.0,0.0,12.592483642578124
00014.45,0.0,0.0,0.125,0.0,0.0,0.0,0.0,0.0,0.0,0.0,0.0,0.0,0.0,0.125,0.0,0.0,0.0,0.0,0.0,0.0,0.0,0.0,0.0,0.0,0.0,0.0,12.579918701171875
000014.5,0.0,0.0,0.125,0.0,0.0,0.0,0.0,0.0,0.0,0.0,0.0,0.0,0.0,0.125,0.0,0.0,0.0,0.0,0.0,0.0,0.0,0.0,0.0,0.0,0.0,0.0,12.579918701171875
00014.55,0.0,0.0,0.125,0.0,0.0,0.0,0.0,0.0,0.0,0.0,0.0,0.0,0.0,0.125,0.0,0.0,0.0,0.0,0.0,0.0,0.0,0.0,0.0,0.0,0.0,0.0,12.586201171875
000014.6,0.0,0.0,0.125,0.0,0.0,0.0,0.0,0.0,0.0,0.0,0.0,0.0,0.0,0.125,0.0,0.0,0.0,0.0,0.0,0.0,0.0,0.0,0.0,0.0,0.0,0.0,12.592483642578124
00014.65,0.0,0.0,0.125,0.0,0.0,0.0,0.0,0.0,0.0,0.0,0.0,0.0,0.0,0.125,0.0,0.0,0.0,0.0,0.0,0.0,0.0,0.0,0.0,0.0,0.0,0.0,12.57363623046875
000014.7,0.0,0.0,0.125,0.0,0.0,0.0,0.0,0.0,0.0,0.0,0.0,0.0,0.0,0.125,0.0,0.0,0.0,0.0,0.0,0.0,0.0,0.0,0.0,0.0,0.0,0.0,12.579918701171875
00014.75,0.0,0.0,0.125,0.0,0.0,0.0,0.0,0.0,0.0,0.0,0.0,0.0,0.0,0.125,0.0,0.0,0.0,0.0,0.0,0.0,0.0,0.0,0.0,0.0,0.0,0.0,12.586201171875
000014.8,0.0,0.0,0.125,0.0,0.0,0.0,0.0,0.0,0.0,0.0,0.0,0.0,0.0,0.125,0.0,0.0,0.0,0.0,0.0,0.0,0.0,0.0,0.0,0.0,0.0,0.0,12.579918701171875
00014.85,0.0,0.0,0.125,0.0,0.0,0.0,0.0,0.0,0.0,0.0,0.0,0.0,0.0,0.125,0.0,0.0,0.0,0.0,0.0,0.0,0.0,0.0,0.0,0.0,0.0,0.0,12.586201171875
000014.9,0.0,0.0,0.125,0.0,0.0,0.0,0.0,0.0,0.0,0.0,0.0,0.0,0.0,0.125,0.0,0.0,0.0,0.0,0.0,0.0,0.0,0.0,0.0,0.0,0.0,0.0,12.586201171875
00014.95,0.0,0.0,0.125,0.0,0.0,0.0,0.0,0.0,0.0,0.0,0.0,0.0,0.0,0.125,0.0,0.0,0.0,0.0,0.0,0.0,0.0,0.0,0.0,0.0,0.0,0.0,12.586201171875
000015.0,0.0,0.0,0.125,0.0,0.0,0.0,0.0,0.0,0.0,0.0,0.0,0.0,0.0,0.125,0.0,0.0,0.0,0.0,0.0,0.0,0.0,0.0,0.0,0.0,0.0,0.0,12.592483642578124
