Time, L1-AMP, L2-AMP,L3-AMP,L4-AMP,R1-AMP,R2-AMP,R3-AMP,R4-AMP,ELEV_1-AMP,ELEV_2-AMP,INTAKE_L-AMP,INTAKE_R-AMP,BATTERY
000000.0,0.0,0.0,0.0,0.0,0.0,0.0,0.125,0.0,0.0,0.0,0.0,0.0,12.290925048828125
00000.02,0.0,0.0,0.0,0.0,0.0,0.0,0.125,0.0,0.0,0.0,0.0,0.0,12.290925048828125
00000.04,0.0,0.0,0.0,0.0,0.0,0.0,0.125,0.0,0.0,0.0,0.0,0.0,12.284642578125
00000.06,0.0,0.0,0.0,0.0,0.0,0.0,0.125,0.0,0.0,0.0,0.0,0.0,12.27207763671875
00000.08,0.0,0.0,0.0,0.0,0.0,0.0,0.125,0.0,0.0,0.0,0.0,0.0,12.278360107421875
000000.1,0.0,0.0,0.0,0.0,0.0,0.0,0.125,0.0,0.0,0.0,0.0,0.0,12.284642578125
00000.12,0.0,0.0,0.0,0.0,0.0,0.0,0.125,0.0,0.0,0.0,0.0,0.0,12.27207763671875
00000.14,0.0,0.0,0.0,0.0,0.0,0.0,0.125,0.0,0.0,0.0,0.0,0.0,12.27207763671875
00000.16,0.0,0.0,0.0,0.0,0.0,0.0,0.125,0.0,0.0,0.0,0.0,0.0,12.284642578125
00000.18,0.0,0.0,0.0,0.0,0.0,0.0,0.125,0.0,0.0,0.0,0.0,0.0,12.284642578125
000000.2,0.0,0.0,0.0,0.0,0.0,0.0,0.125,0.0,0.0,0.0,0.0,0.0,12.290925048828125
00000.24,0.0,0.0,0.0,0.0,0.0,0.0,0.125,0.0,0.0,0.0,0.0,0.0,12.284642578125
00000.24,0.0,0.0,0.0,0.0,0.0,0.0,0.125,0.0,0.0,0.0,0.0,0.0,12.27207763671875
00000.28,0.0,0.0,0.0,0.0,0.0,0.0,0.125,0.0,0.0,0.0,0.0,0.0,12.284642578125
000000.3,0.0,0.0,0.0,0.0,0.0,0.0,0.125,0.0,0.0,0.0,0.0,0.0,12.284642578125
00000.32,0.0,0.0,0.0,0.0,0.0,0.0,0.125,0.0,0.0,0.0,0.0,0.0,12.284642578125
00000.34,0.0,0.0,0.0,0.0,0.0,0.0,0.125,0.0,0.0,0.0,0.0,0.0,12.290925048828125
00000.36,0.0,0.0,0.0,0.0,0.0,0.0,0.125,0.0,0.0,0.0,0.0,0.0,12.290925048828125
00000.36,0.0,0.0,0.0,0.0,0.0,0.0,0.125,0.0,0.0,0.0,0.0,0.0,12.290925048828125
00000.38,0.0,0.0,0.0,0.0,0.0,0.0,0.125,0.0,0.0,0.0,0.0,0.0,12.265795166015625
000000.4,0.0,0.0,0.0,0.0,0.0,0.0,0.125,0.0,0.0,0.0,0.0,0.0,12.278360107421875
00000.42,0.0,0.0,0.0,0.0,0.0,0.0,0.125,0.0,0.0,0.0,0.0,0.0,12.278360107421875
00000.44,0.0,0.0,0.0,0.0,0.0,0.0,0.125,0.0,0.0,0.0,0.0,0.0,12.27207763671875
00000.46,0.0,0.0,0.0,0.0,0.0,0.0,0.125,0.0,0.0,0.0,0.0,0.0,12.27207763671875
00000.48,0.0,0.0,0.0,0.0,0.0,0.0,0.125,0.0,0.0,0.0,0.0,0.0,12.278360107421875
00000.52,0.0,0.0,0.0,0.0,0.0,0.0,0.125,0.0,0.0,0.0,0.0,0.0,12.27207763671875
00000.54,0.0,0.0,0.0,0.0,0.0,0.0,0.125,0.0,0.0,0.0,0.0,0.0,12.27207763671875
00000.56,0.0,0.0,0.0,0.0,0.0,0.0,0.125,0.0,0.0,0.0,0.0,0.0,12.278360107421875
00000.58,0.0,0.0,0.0,0.0,0.0,0.0,0.125,0.0,0.0,0.0,0.0,0.0,12.265795166015625
000000.6,0.0,0.0,0.0,0.0,0.0,0.0,0.125,0.0,0.0,0.0,0.0,0.0,12.278360107421875
00000.62,0.0,0.0,0.0,0.0,0.0,0.0,0.125,0.0,0.0,0.0,0.0,0.0,12.284642578125
00000.64,0.0,0.0,0.0,0.0,0.0,0.0,0.125,0.0,0.0,0.0,0.0,0.0,12.278360107421875
00000.64,0.0,0.0,0.0,0.0,0.0,0.0,0.125,0.0,0.0,0.0,0.0,0.0,12.278360107421875
00000.66,0.0,0.0,0.0,0.0,0.0,0.0,0.125,0.0,0.0,0.0,0.0,0.0,12.284642578125
00000.68,0.0,0.0,0.0,0.0,0.0,0.0,0.125,0.0,0.0,0.0,0.0,0.0,12.284642578125
000000.7,0.0,0.0,0.0,0.0,0.0,0.0,0.125,0.0,0.0,0.0,0.0,0.0,12.29720751953125
00000.72,0.0,0.0,0.0,0.0,0.0,0.0,0.125,0.0,0.0,0.0,0.0,0.0,12.284642578125
00000.74,0.0,0.0,0.0,0.0,0.0,0.0,0.125,0.0,0.0,0.0,0.0,0.0,12.27207763671875
00000.76,0.0,0.0,0.0,0.0,0.0,0.0,0.125,0.0,0.0,0.0,0.0,0.0,12.27207763671875
00000.78,0.0,0.0,0.0,0.0,0.0,0.0,0.125,0.0,0.0,0.0,0.0,0.0,12.284642578125
00000.82,0.0,0.0,0.0,0.0,0.0,0.0,0.125,0.0,0.0,0.0,0.0,0.0,12.278360107421875
00000.84,0.0,0.0,0.0,0.0,0.0,0.0,0.0,0.0,0.0,0.0,0.0,0.0,12.265795166015625
00000.86,0.0,0.0,0.0,0.0,0.0,0.0,0.0,0.0,0.0,0.0,0.0,0.0,12.284642578125
00000.88,0.0,0.0,0.0,0.0,0.0,0.0,0.0,0.0,0.0,0.0,0.0,0.0,12.278360107421875
000000.9,0.0,0.0,0.0,0.0,0.0,0.0,0.125,0.0,0.0,0.0,0.0,0.0,12.27207763671875
00000.92,0.0,0.0,0.0,0.0,0.0,0.0,0.125,0.0,0.0,0.0,0.0,0.0,12.284642578125
00000.94,0.0,0.0,0.0,0.0,0.0,0.0,0.0,0.0,0.0,0.0,0.0,0.0,12.27207763671875
00000.96,0.0,0.0,0.0,0.0,0.0,0.0,0.0,0.0,0.0,0.0,0.0,0.0,12.284642578125
00000.98,0.0,0.0,0.0,0.0,0.0,0.0,0.0,0.0,0.0,0.0,0.0,0.0,12.290925048828125
000001.0,0.0,0.0,0.0,0.0,0.0,0.0,0.0,0.0,0.0,0.0,0.0,0.0,12.284642578125
00001.02,0.0,0.0,0.0,0.0,0.0,0.0,0.125,0.0,0.0,0.0,0.0,0.0,12.290925048828125
00001.04,0.0,0.0,0.0,0.0,0.0,0.0,0.125,0.0,0.0,0.0,0.0,0.0,12.284642578125
00001.06,0.0,0.0,0.0,0.0,0.0,0.0,0.125,0.0,0.0,0.0,0.0,0.0,12.290925048828125
00001.08,0.0,0.0,0.0,0.0,0.0,0.0,0.125,0.0,0.0,0.0,0.0,0.0,12.290925048828125
000001.1,0.0,0.0,0.0,0.0,0.0,0.0,0.125,0.0,0.0,0.0,0.0,0.0,12.284642578125
00001.12,0.0,0.0,0.0,0.0,0.0,0.0,0.125,0.0,0.0,0.0,0.0,0.0,12.278360107421875
00001.14,0.0,0.0,0.0,0.0,0.0,0.0,0.125,0.0,0.0,0.0,0.0,0.0,12.290925048828125
00001.16,0.0,0.0,0.0,0.0,0.0,0.0,0.125,0.0,0.0,0.0,0.0,0.0,12.29720751953125
00001.18,0.0,0.0,0.0,0.0,0.0,0.0,0.125,0.0,0.0,0.0,0.0,0.0,12.29720751953125
000001.2,0.0,0.0,0.0,0.0,0.0,0.0,0.125,0.0,0.0,0.0,0.0,0.0,12.27207763671875
00001.22,0.0,0.0,0.0,0.0,0.0,0.0,0.125,0.0,0.0,0.0,0.0,0.0,12.290925048828125
00001.24,0.0,0.0,0.0,0.0,0.0,0.0,0.125,0.0,0.0,0.0,0.0,0.0,12.278360107421875
00001.26,0.0,0.0,0.0,0.0,0.0,0.0,0.125,0.0,0.0,0.0,0.0,0.0,12.284642578125
00001.28,0.0,0.0,0.0,0.0,0.0,0.0,0.125,0.0,0.0,0.0,0.0,0.0,12.278360107421875
000001.3,0.0,0.0,0.0,0.0,0.0,0.0,0.125,0.0,0.0,0.0,0.0,0.0,12.290925048828125
00001.32,0.0,0.0,0.0,0.0,0.0,0.0,0.125,0.0,0.0,0.0,0.0,0.0,12.284642578125
00001.34,0.0,0.0,0.0,0.0,0.0,0.0,0.125,0.0,0.0,0.0,0.0,0.0,12.284642578125
00001.36,0.0,0.0,0.0,0.0,0.0,0.0,0.125,0.0,0.0,0.0,0.0,0.0,12.290925048828125
00001.38,0.0,0.0,0.0,0.0,0.0,0.0,0.125,0.0,0.0,0.0,0.0,0.0,12.27207763671875
000001.4,0.0,0.0,0.0,0.0,0.0,0.0,0.125,0.0,0.0,0.0,0.0,0.0,12.290925048828125
00001.42,0.0,0.0,0.0,0.0,0.0,0.0,0.125,0.0,0.0,0.0,0.0,0.0,12.284642578125
00001.44,0.0,0.0,0.0,0.0,0.0,0.0,0.0,0.0,0.0,0.0,0.0,0.0,12.284642578125
00001.46,0.0,0.0,0.0,0.0,0.0,0.0,0.0,0.0,0.0,0.0,0.0,0.0,12.284642578125
00001.48,0.0,0.0,0.0,0.0,0.0,0.0,0.0,0.0,0.0,0.0,0.0,0.0,12.29720751953125
000001.5,0.0,0.0,0.0,0.0,0.0,0.0,0.0,0.0,0.0,0.0,0.0,0.0,12.290925048828125
00001.52,0.0,0.0,0.0,0.0,0.0,0.0,0.125,0.0,0.0,0.0,0.0,0.0,12.29720751953125
00001.52,0.0,0.0,0.0,0.0,0.0,0.0,0.125,0.0,0.0,0.0,0.0,0.0,12.290925048828125
00001.54,0.0,0.0,0.0,0.0,0.0,0.0,0.125,0.0,0.0,0.0,0.0,0.0,12.278360107421875
00001.58,0.0,0.0,0.0,0.0,0.0,0.0,0.125,0.0,0.0,0.0,0.0,0.0,12.278360107421875
000001.6,0.0,0.0,0.0,0.0,0.0,0.0,0.125,0.0,0.0,0.0,0.0,0.0,12.278360107421875
00001.62,0.0,0.0,0.0,0.0,0.0,0.0,0.125,0.0,0.0,0.0,0.0,0.0,12.278360107421875
00001.64,0.0,0.0,0.0,0.0,0.0,0.0,0.125,0.0,0.0,0.0,0.0,0.0,12.278360107421875
00001.66,0.0,0.0,0.0,0.0,0.0,0.0,0.125,0.0,0.0,0.0,0.0,0.0,12.284642578125
00001.68,0.0,0.0,0.0,0.0,0.0,0.0,0.125,0.0,0.0,0.0,0.0,0.0,12.265795166015625
000001.7,0.0,0.0,0.0,0.0,0.0,0.0,0.125,0.0,0.0,0.0,0.0,0.0,12.24694775390625
00001.72,0.0,0.0,0.0,0.0,0.0,0.0,0.125,0.0,0.0,0.0,0.0,0.0,12.265795166015625
00001.74,0.0,0.0,0.0,0.0,0.0,0.0,0.125,0.0,0.0,0.0,0.0,0.0,12.24694775390625
00001.76,0.0,0.0,0.0,0.0,0.0,0.0,0.125,0.0,0.0,0.0,0.0,0.0,12.22181787109375
00001.78,0.0,0.0,0.0,0.0,0.125,0.0,0.125,0.0,0.0,0.0,0.0,0.0,12.2092529296875
000001.8,0.125,0.0,0.0,0.0,0.125,0.0,0.125,0.0,0.0,0.0,0.0,0.0,12.2092529296875
00001.82,0.125,0.0,0.125,0.125,0.125,0.0,0.125,0.0,0.0,0.0,0.0,0.0,12.22181787109375
00001.84,0.125,0.0,0.125,0.125,0.125,0.125,0.125,0.0,0.0,0.0,0.0,0.0,12.22181787109375
00001.86,0.125,0.0,0.125,0.125,0.125,0.0,0.125,0.0,0.0,0.0,0.0,0.0,12.228100341796875
00001.88,0.125,0.0,0.125,0.125,0.125,0.0,0.125,0.0,0.0,0.0,0.0,0.0,12.228100341796875
000001.9,0.125,0.0,0.125,0.125,0.125,0.0,0.125,0.0,0.0,0.0,0.0,0.0,12.2343828125
00001.92,0.0,0.0,0.125,0.125,0.125,0.0,0.125,0.0,0.0,0.0,0.0,0.0,12.24694775390625
00001.94,0.0,0.0,0.0,0.125,0.125,0.0,0.125,0.0,0.0,0.0,0.0,0.0,12.228100341796875
00001.96,0.0,0.0,0.0,0.0,0.125,0.0,0.125,0.0,0.0,0.0,0.0,0.0,12.228100341796875
00001.98,0.0,0.0,0.0,0.0,0.125,0.0,0.125,0.0,0.0,0.0,0.0,0.0,12.2092529296875
000002.0,0.125,0.0,0.0,0.0,0.125,0.0,0.125,0.0,0.0,0.0,0.0,0.0,12.202970458984375
00002.02,0.125,0.0,0.125,0.125,0.125,0.0,0.125,0.0,0.0,0.0,0.0,0.0,12.19668798828125
00002.04,0.125,0.0,0.125,0.125,0.125,0.0,0.125,0.0,0.0,0.0,0.0,0.0,12.177840576171874
00002.06,0.125,0.0,0.125,0.125,0.125,0.125,0.125,0.0,0.0,0.0,0.0,0.0,12.1589931640625
00002.08,0.25,0.0,0.125,0.125,0.25,0.125,0.125,0.0,0.0,0.0,0.0,0.0,12.108733398437499
000002.1,0.5,0.0,0.375,0.375,0.5,0.25,0.125,0.0,0.0,0.0,0.0,0.0,12.0584736328125
00002.14,0.625,0.0,0.5,0.5,0.75,0.5,0.125,0.5,0.0,0.0,0.0,0.0,11.976801513671875
00002.16,0.875,0.25,1.0,0.75,1.375,0.75,0.25,0.5,0.0,0.0,0.0,0.0,11.989366455078125
00002.18,1.375,0.25,1.125,1.0,1.5,0.875,0.25,0.75,0.0,0.0,0.0,0.0,11.97051904296875
000002.2,1.375,0.25,1.25,1.125,1.5,0.875,0.25,0.75,0.0,0.0,0.0,0.0,11.99564892578125
00002.22,1.375,0.25,1.125,1.125,1.375,0.875,0.25,0.75,0.0,0.0,0.0,0.0,12.04590869140625
00002.24,1.375,0.25,1.0,1.0,1.125,0.75,0.25,0.5,0.0,0.0,0.0,0.0,12.071038574218749
00002.26,1.125,0.25,0.75,0.75,0.875,0.625,0.25,0.5,0.0,0.0,0.0,0.0,12.064756103515625
00002.28,1.0,0.25,0.625,0.625,0.75,0.5,0.25,0.25,0.0,0.0,0.0,0.0,12.089885986328124
000002.3,0.75,0.25,0.5,0.5,0.625,0.375,0.25,0.25,0.0,0.0,0.0,0.0,12.089885986328124
00002.32,0.75,0.25,0.5,0.5,0.625,0.375,0.25,0.25,0.0,0.0,0.0,0.0,12.096168457031249
00002.34,0.625,0.25,0.5,0.375,0.5,0.25,0.125,0.0,0.0,0.0,0.0,0.0,12.108733398437499
00002.36,0.625,0.25,0.5,0.375,0.5,0.25,0.125,0.0,0.0,0.0,0.0,0.0,12.096168457031249
00002.36,0.625,0.25,0.375,0.375,0.5,0.25,0.125,0.0,0.0,0.0,0.0,0.0,12.108733398437499
000002.4,0.625,0.375,0.375,0.375,0.5,0.25,0.125,0.0,0.0,0.0,0.0,0.0,12.108733398437499
000002.4,0.625,0.25,0.375,0.375,0.5,0.25,0.125,0.0,0.0,0.0,0.0,0.0,12.115015869140624
00002.44,0.625,0.25,0.375,0.375,0.5,0.25,0.125,0.0,0.0,0.0,0.0,0.0,12.102450927734374
00002.46,0.5,0.25,0.375,0.375,0.5,0.25,0.125,0.0,0.0,0.0,0.0,0.0,12.102450927734374
00002.46,0.5,0.25,0.375,0.375,0.5,0.25,0.125,0.0,0.0,0.0,0.0,0.0,12.102450927734374
00002.48,0.625,0.25,0.375,0.375,0.5,0.25,0.125,0.0,0.0,0.0,0.0,0.0,12.108733398437499
000002.5,0.625,0.25,0.375,0.375,0.5,0.25,0.125,0.0,0.0,0.0,0.0,0.0,12.102450927734374
00002.52,0.625,0.25,0.375,0.375,0.5,0.25,0.125,0.0,0.0,0.0,0.0,0.0,12.108733398437499
00002.54,0.625,0.25,0.375,0.375,0.5,0.25,0.125,0.0,0.0,0.0,0.0,0.0,12.102450927734374
00002.56,0.5,0.25,0.375,0.375,0.5,0.25,0.125,0.0,0.0,0.0,0.0,0.0,12.102450927734374
00002.58,0.625,0.375,0.375,0.375,0.5,0.25,0.125,0.0,0.0,0.0,0.0,0.0,12.077321044921874
000002.6,0.625,0.375,0.375,0.375,0.5,0.25,0.125,0.0,0.0,0.0,0.0,0.0,12.014496337890625
00002.62,0.875,0.375,0.5,0.375,0.625,0.375,0.125,0.25,0.0,0.0,0.0,0.0,11.926541748046875
00002.64,1.375,0.375,0.625,0.5,0.875,0.375,0.25,0.25,0.0,0.0,0.0,0.0,11.913976806640624
00002.66,1.625,0.375,1.0,0.75,1.375,0.625,0.25,0.5,0.0,0.0,0.0,0.0,11.94538916015625
00002.68,1.625,0.375,1.125,1.0,1.5,0.75,0.25,0.75,0.0,0.0,2.0,0.0,11.97051904296875
000002.7,1.75,0.375,1.125,1.0,1.375,0.75,0.25,0.75,0.0,0.0,2.0,0.0,11.964236572265625
00002.72,1.5,0.375,1.0,1.0,1.125,0.75,0.25,0.5,0.0,0.0,2.0,0.0,11.964236572265625
00002.74,1.5,0.375,0.75,0.75,1.0,0.625,0.25,0.5,0.0,0.0,2.0,0.0,11.97051904296875
00002.76,1.375,0.375,0.75,0.75,1.0,0.625,0.25,0.5,0.0,0.0,1.75,0.0,12.0082138671875
00002.78,1.375,0.375,0.75,0.75,1.0,0.625,0.25,0.25,0.0,0.0,1.75,0.0,11.99564892578125
000002.8,1.125,0.375,0.75,0.75,0.875,0.5,0.25,0.25,0.0,0.0,1.75,0.0,11.99564892578125
00002.82,1.0,0.375,0.625,0.625,0.75,0.5,0.25,0.25,0.0,0.0,1.75,0.0,12.0082138671875
00002.84,1.0,0.375,0.625,0.625,0.75,0.5,0.25,0.25,0.0,0.0,0.0,0.0,12.02077880859375
00002.86,1.0,0.375,0.625,0.5,0.75,0.5,0.25,0.25,0.0,0.0,0.0,0.0,12.02077880859375
00002.88,1.0,0.375,0.5,0.5,0.75,0.375,0.25,0.25,0.0,0.0,0.0,0.0,12.014496337890625
000002.9,0.875,0.375,0.5,0.5,0.75,0.375,0.25,0.25,0.0,0.0,0.0,0.0,11.983083984375
000002.9,1.0,0.375,0.5,0.5,0.75,0.5,0.25,0.25,0.0,0.0,0.0,0.0,11.99564892578125
00002.92,1.125,0.375,0.625,0.625,0.75,0.5,0.25,0.25,0.0,0.0,0.0,0.0,11.99564892578125
00002.94,1.125,0.375,0.625,0.625,0.75,0.5,0.25,0.25,0.0,0.0,0.0,0.0,11.99564892578125
00002.96,1.125,0.375,0.625,0.625,0.75,0.5,0.25,0.25,0.0,0.0,0.0,0.0,12.001931396484375
00002.98,1.0,0.375,0.625,0.5,0.75,0.375,0.25,0.25,0.0,0.0,0.0,0.0,12.014496337890625
000003.0,1.0,0.375,0.625,0.5,0.75,0.375,0.25,0.25,0.0,0.0,0.0,0.0,12.014496337890625
00003.04,1.0,0.375,0.625,0.5,0.75,0.375,0.25,0.25,0.0,0.0,0.0,0.0,12.0082138671875
00003.06,1.0,0.375,0.625,0.5,0.75,0.375,0.25,0.25,0.0,0.0,0.0,0.0,12.001931396484375
00003.08,1.0,0.375,0.5,0.5,0.75,0.375,0.25,0.25,0.0,0.0,0.0,0.0,12.0082138671875
000003.1,0.875,0.375,0.5,0.5,0.75,0.375,0.25,0.25,0.0,0.0,0.0,0.0,11.989366455078125
00003.12,0.875,0.375,0.5,0.5,0.75,0.375,0.25,0.25,0.0,0.0,0.0,0.0,12.001931396484375
00003.14,0.875,0.375,0.5,0.5,0.75,0.375,0.25,0.25,0.0,0.0,0.0,0.0,11.99564892578125
00003.16,0.875,0.375,0.5,0.5,0.625,0.375,0.25,0.25,0.125,0.0,0.0,0.0,11.983083984375
00003.18,0.875,0.375,0.5,0.5,0.75,0.375,0.25,0.25,0.125,0.0,0.0,0.0,11.97051904296875
000003.2,0.875,0.375,0.5,0.5,0.75,0.375,0.25,0.25,0.125,0.0,0.0,0.0,11.951671630859375
00003.24,1.0,0.375,0.5,0.5,0.625,0.375,0.25,0.25,0.5,0.375,0.0,0.0,11.926541748046875
00003.26,0.875,0.375,0.5,0.5,0.75,0.375,0.25,0.25,1.0,0.875,0.0,0.0,11.901411865234374
00003.28,0.875,0.375,0.5,0.5,0.625,0.375,0.25,0.25,1.625,1.375,0.0,0.0,11.838587158203124
000003.3,0.875,0.375,0.5,0.5,0.625,0.375,0.25,0.25,2.375,2.125,0.0,0.0,11.763197509765625
00003.32,0.75,0.375,0.5,0.5,0.625,0.375,0.25,0.25,3.625,3.0,0.0,0.0,11.675242919921875
00003.34,0.75,0.375,0.5,0.5,0.625,0.375,0.125,0.25,4.75,4.25,0.0,0.0,11.66896044921875
00003.36,0.75,0.25,0.5,0.5,0.625,0.375,0.125,0.25,5.75,5.0,0.0,0.0,11.624983154296874
00003.38,0.75,0.25,0.5,0.5,0.625,0.375,0.125,0.25,6.125,5.5,0.0,0.0,11.662677978515624
000003.4,0.75,0.25,0.5,0.5,0.625,0.375,0.125,0.25,6.125,5.5,0.0,0.0,11.66896044921875
00003.42,0.875,0.375,0.5,0.5,0.625,0.375,0.25,0.25,5.75,5.25,0.0,0.0,11.6563955078125
00003.44,0.875,0.375,0.5,0.5,0.625,0.375,0.25,0.25,5.5,5.0,0.0,0.0,11.69409033203125
00003.46,0.875,0.375,0.5,0.5,0.625,0.375,0.25,0.25,5.25,4.875,0.0,0.0,11.69409033203125
00003.48,0.875,0.375,0.5,0.5,0.625,0.375,0.125,0.25,5.125,4.75,0.0,0.0,11.66896044921875
000003.5,0.875,0.375,0.5,0.5,0.75,0.375,0.25,0.25,5.0,4.75,0.0,0.0,11.662677978515624
00003.52,0.875,0.375,0.5,0.5,0.75,0.375,0.125,0.25,5.125,4.75,0.0,0.0,11.66896044921875
00003.54,0.875,0.375,0.5,0.5,0.625,0.375,0.25,0.25,5.25,4.875,0.0,0.0,11.631265625
00003.58,0.875,0.375,0.5,0.5,0.625,0.375,0.25,0.25,5.75,5.25,0.0,0.0,11.555875976562499
000003.6,0.875,0.25,0.5,0.5,0.625,0.375,0.25,0.25,6.0,5.5,0.0,0.0,11.562158447265624
00003.62,0.875,0.375,0.5,0.5,0.625,0.375,0.125,0.25,6.25,5.75,0.0,0.0,11.593570800781249
00003.64,0.875,0.375,0.5,0.5,0.625,0.375,0.125,0.25,6.25,5.75,0.0,0.0,11.54331103515625
00003.66,0.875,0.375,0.5,0.5,0.625,0.375,0.125,0.25,6.25,5.875,0.0,0.0,11.568440917968749
00003.68,0.875,0.25,0.5,0.5,0.625,0.375,0.25,0.25,6.625,6.0,0.0,0.0,11.511898681640625
000003.7,0.875,0.375,0.5,0.5,0.625,0.375,0.25,0.25,7.25,6.5,0.0,0.0,11.461638916015625
00003.72,0.875,0.25,0.5,0.5,0.625,0.375,0.25,0.25,8.0,7.0,0.0,0.0,11.411379150390625
00003.74,0.75,0.25,0.5,0.5,0.625,0.375,0.25,0.25,8.625,7.75,0.0,0.0,11.41766162109375
00003.76,0.75,0.25,0.5,0.5,0.625,0.375,0.25,0.25,9.0,8.125,0.0,0.0,11.4302265625
00003.78,0.75,0.25,0.5,0.5,0.625,0.375,0.25,0.25,9.125,8.25,0.0,0.0,11.4302265625
000003.8,0.75,0.25,0.5,0.5,0.625,0.375,0.25,0.25,9.25,8.375,0.0,0.0,11.386249267578124
00003.82,0.875,0.375,0.5,0.5,0.625,0.375,0.25,0.25,9.25,8.375,0.0,0.0,11.39253173828125
00003.84,0.875,0.375,0.5,0.5,0.625,0.375,0.25,0.25,9.25,8.375,0.0,0.0,11.41766162109375
00003.86,0.875,0.25,0.5,0.5,0.625,0.375,0.25,0.25,9.0,8.375,0.0,0.0,11.386249267578124
00003.88,0.875,0.25,0.5,0.5,0.625,0.375,0.25,0.25,8.875,8.25,0.0,0.0,11.398814208984374
000003.9,0.875,0.25,0.5,0.5,0.625,0.375,0.25,0.25,8.875,8.25,0.0,0.0,11.44279150390625
00003.94,0.875,0.25,0.5,0.5,0.625,0.375,0.25,0.25,8.75,8.125,0.0,0.0,11.44279150390625
00003.96,0.875,0.375,0.5,0.5,0.625,0.375,0.25,0.25,8.625,8.0,0.0,0.0,11.449073974609375
00003.98,0.875,0.375,0.5,0.5,0.625,0.375,0.25,0.25,8.375,7.875,0.0,0.0,11.461638916015625
000004.0,0.875,0.375,0.5,0.5,0.625,0.375,0.25,0.25,8.125,7.625,0.0,0.0,11.4302265625
00004.02,0.875,0.375,0.5,0.5,0.625,0.375,0.25,0.25,7.75,7.5,0.0,0.0,11.51818115234375
00004.04,0.875,0.25,0.5,0.5,0.625,0.375,0.25,0.25,7.25,6.875,0.0,0.0,11.593570800781249
00004.06,0.875,0.375,0.5,0.5,0.75,0.5,0.25,0.25,6.25,6.125,0.0,0.0,11.69409033203125
00004.08,0.875,0.375,0.5,0.5,0.75,0.5,0.25,0.25,4.875,5.0,0.0,0.0,11.750632568359375
00004.12,0.875,0.375,0.625,0.5,0.75,0.375,0.25,0.25,2.375,2.75,0.0,0.0,11.800892333984375
00004.14,1.0,0.375,0.625,0.5,0.75,0.375,0.25,0.25,1.375,1.75,0.0,0.0,11.89512939453125
00004.16,0.875,0.375,0.625,0.625,0.75,0.375,0.25,0.25,0.875,1.0,0.0,0.0,12.0584736328125
00004.18,0.625,0.375,0.5,0.375,0.5,0.25,0.125,0.25,0.5,0.625,0.0,0.0,12.02077880859375
000004.2,0.25,0.25,0.375,0.375,0.25,0.125,0.125,0.0,0.125,0.125,0.0,0.0,12.014496337890625
00004.22,0.25,0.25,0.125,0.125,0.125,0.0,0.125,0.0,0.0,0.0,0.0,0.0,11.989366455078125
00004.24,0.25,0.25,0.375,0.375,0.25,0.125,0.125,0.0,0.0,0.0,0.0,0.0,11.976801513671875
00004.26,0.5,0.25,0.375,0.375,0.25,0.125,0.125,0.0,0.125,0.0,0.0,0.0,11.926541748046875
000004.3,0.5,0.25,0.375,0.375,0.25,0.25,0.125,0.0,1.125,0.75,0.0,0.0,11.89512939453125
00004.32,0.5,0.25,0.375,0.375,0.5,0.25,0.125,0.0,1.75,1.375,0.0,0.0,11.851152099609374
00004.34,0.625,0.25,0.375,0.375,0.5,0.25,0.125,0.0,2.625,2.125,0.0,0.0,11.763197509765625
00004.36,0.625,0.25,0.375,0.375,0.5,0.25,0.125,0.0,3.125,2.75,0.0,0.0,11.857434570312499
00004.38,0.625,0.25,0.5,0.375,0.5,0.25,0.125,0.0,3.0,2.625,0.0,0.0,11.926541748046875
000004.4,0.625,0.375,0.5,0.375,0.5,0.25,0.125,0.0,2.25,2.125,0.0,0.0,11.9579541015625
00004.42,0.625,0.375,0.375,0.375,0.5,0.25,0.125,0.0,1.0,1.125,0.0,0.0,11.832304687499999
00004.44,1.125,0.375,0.5,0.375,0.75,0.5,0.125,0.0,0.375,0.625,0.0,0.0,11.675242919921875
00004.46,1.875,0.375,1.0,0.75,1.625,0.875,0.25,0.5,0.125,0.125,0.0,0.0,11.73178515625
00004.48,2.5,0.375,1.5,1.25,2.125,0.875,0.5,1.0,0.0,0.0,2.375,0.0,11.763197509765625
000004.5,2.5,0.375,1.625,1.5,2.375,1.25,0.5,1.25,0.0,0.0,2.375,0.0,11.788327392578125
00004.52,2.125,0.375,1.5,1.25,1.75,1.0,0.5,1.0,0.0,0.0,2.375,0.0,11.813457275390624
00004.54,1.75,0.375,1.125,1.125,1.5,0.875,0.25,0.75,0.0,0.0,2.375,0.0,11.813457275390624
00004.56,1.625,0.375,1.125,1.0,1.375,0.75,0.25,0.75,0.0,0.0,2.125,0.0,11.775762451171875
00004.58,1.875,0.375,1.0,1.125,1.375,0.875,0.25,0.5,0.0,0.0,2.125,0.0,11.599853271484374
000004.6,2.5,0.625,1.5,1.5,1.875,1.25,0.5,1.0,0.0,0.0,2.625,0.0,11.637548095703124
00004.62,3.0,0.625,1.75,1.75,2.375,1.625,0.625,1.625,0.0,0.0,2.625,0.0,11.69409033203125
00004.64,3.125,0.625,2.125,1.875,2.625,1.625,0.625,1.875,0.0,0.0,2.625,0.0,11.738067626953125
00004.66,2.625,0.625,1.875,1.625,2.375,1.375,0.625,1.875,0.0,0.0,2.625,0.0,11.800892333984375
000004.7,2.375,0.375,1.625,1.5,1.5,1.125,0.5,1.0,0.0,0.0,2.75,0.0,11.888846923828124
00004.72,1.125,0.375,1.125,1.125,1.0,0.875,0.25,0.5,0.0,0.0,2.75,0.0,10.274251953124999
00004.74,0.5,0.25,0.5,0.75,0.5,0.125,0.125,0.25,0.0,0.0,1.75,0.0,10.833391845703124
00004.76,0.125,0.0,0.125,0.0,0.125,0.0,0.125,0.0,0.0,0.0,1.75,0.0,11.122385498046874
00004.78,0.0,0.0,0.0,0.0,0.0,0.0,0.0,0.0,0.0,0.0,1.75,0.0,11.298294677734374
00004.82,0.25,0.0,0.375,0.125,0.125,0.0,0.125,0.0,0.0,0.0,0.0,0.0,11.449073974609375
00004.84,0.625,0.25,0.375,0.125,0.25,0.0,0.125,0.0,0.0,0.0,0.0,0.0,11.499333740234375
00004.86,0.625,0.25,0.375,0.375,0.25,0.125,0.125,0.0,0.0,0.0,0.0,0.0,11.549593505859374
00004.88,0.625,0.25,0.375,0.375,0.5,0.125,0.125,0.0,0.0,0.0,0.0,0.0,11.568440917968749
000004.9,0.625,0.25,0.5,0.375,0.5,0.25,0.125,0.25,0.0,0.0,0.0,0.0,11.574723388671874
00004.92,0.625,0.25,0.5,0.5,0.5,0.25,0.25,0.25,0.0,0.0,0.0,0.0,11.599853271484374
00004.94,0.75,0.25,0.5,0.5,0.625,0.25,0.25,0.25,0.0,0.0,0.0,0.0,11.593570800781249
00004.96,0.75,0.25,0.5,0.5,0.625,0.375,0.125,0.25,0.0,0.0,0.0,0.0,11.61870068359375
00004.98,0.75,0.375,0.5,0.5,0.625,0.375,0.25,0.25,0.0,0.0,0.0,0.0,11.650113037109374
000005.0,0.875,0.375,0.5,0.5,0.625,0.375,0.25,0.25,0.0,0.0,0.0,0.0,11.637548095703124
00005.02,0.875,0.375,0.5,0.5,0.625,0.375,0.25,0.25,0.0,0.0,0.0,0.0,11.637548095703124
00005.04,0.875,0.375,0.5,0.5,0.625,0.375,0.25,0.25,0.0,0.0,0.0,0.0,11.650113037109374
00005.06,0.875,0.375,0.5,0.5,0.625,0.375,0.25,0.25,0.0,0.0,0.0,0.0,11.637548095703124
00005.08,0.875,0.375,0.5,0.5,0.625,0.375,0.25,0.25,0.0,0.0,0.0,0.0,11.662677978515624
000005.1,0.875,0.375,0.5,0.5,0.625,0.375,0.25,0.25,0.0,0.0,0.0,0.0,11.624983154296874
00005.12,0.875,0.375,0.5,0.5,0.75,0.5,0.25,0.25,0.0,0.0,0.0,0.0,11.637548095703124
00005.16,0.875,0.375,0.5,0.5,0.75,0.375,0.25,0.25,0.0,0.0,0.0,0.0,11.64383056640625
00005.18,0.875,0.375,0.5,0.5,0.625,0.375,0.25,0.25,0.0,0.0,0.0,0.0,11.66896044921875
000005.2,0.875,0.375,0.5,0.5,0.625,0.375,0.25,0.25,0.0,0.0,0.0,0.0,11.6563955078125
00005.22,0.875,0.375,0.5,0.5,0.625,0.375,0.25,0.25,0.0,0.0,0.0,0.0,11.6563955078125
00005.24,0.75,0.375,0.5,0.5,0.625,0.375,0.25,0.25,0.0,0.0,0.0,0.0,11.6563955078125
00005.26,0.75,0.375,0.5,0.5,0.625,0.375,0.25,0.25,0.0,0.0,0.0,0.0,11.64383056640625
00005.28,0.75,0.375,0.5,0.5,0.625,0.375,0.25,0.25,0.0,0.0,0.0,0.0,11.876281982421874
000005.3,0.875,0.375,0.5,0.5,0.625,0.375,0.25,0.25,0.0,0.0,0.0,0.0,11.882564453125
00005.32,0.875,0.375,0.5,0.5,0.625,0.375,0.25,0.25,0.0,0.0,0.0,0.0,11.851152099609374
00005.34,1.0,0.375,0.625,0.5,0.75,0.375,0.25,0.25,0.0,0.0,0.0,0.0,11.844869628906249
00005.36,1.0,0.375,0.625,0.625,0.75,0.5,0.25,0.25,0.0,0.0,0.0,0.0,11.857434570312499
00005.38,1.125,0.375,0.625,0.625,0.875,0.5,0.25,0.25,0.0,0.0,0.0,0.0,11.857434570312499
000005.4,1.125,0.375,0.625,0.625,0.875,0.5,0.25,0.25,0.0,0.0,0.0,0.0,11.863717041015624
00005.42,1.125,0.375,0.625,0.625,0.875,0.5,0.25,0.25,0.0,0.0,0.0,0.0,11.844869628906249
00005.42,1.125,0.375,0.625,0.625,0.875,0.5,0.25,0.25,0.0,0.0,0.0,0.0,11.838587158203124
00005.44,1.125,0.375,0.625,0.625,0.875,0.5,0.25,0.25,0.0,0.0,0.0,0.0,11.86999951171875
00005.46,1.375,0.375,0.625,0.625,0.875,0.625,0.25,0.25,0.0,0.0,0.0,0.0,11.86999951171875
00005.48,1.125,0.375,0.75,0.625,0.875,0.5,0.25,0.25,0.0,0.0,0.0,0.0,11.882564453125
000005.5,1.125,0.375,0.625,0.625,0.875,0.5,0.25,0.25,0.0,0.0,0.0,0.0,10.3999013671875
00005.52,1.125,0.25,0.625,0.5,0.75,0.375,0.25,0.25,0.0,0.0,0.0,0.0,10.657482666015625
00005.54,0.875,0.25,0.5,0.5,0.5,0.25,0.125,0.0,0.0,0.0,0.0,0.0,11.0281484375
00005.56,0.75,0.25,0.5,0.375,0.5,0.25,0.125,0.0,0.0,0.0,0.0,0.0,11.273164794921875
00005.58,0.5,0.25,0.375,0.375,0.25,0.25,0.125,0.0,0.0,0.0,0.0,0.0,11.3548369140625
000005.6,0.625,0.25,0.5,0.5,0.5,0.25,0.125,0.0,0.0,0.0,0.0,0.0,11.44279150390625
00005.62,0.75,0.25,0.5,0.5,0.625,0.375,0.25,0.25,0.0,0.0,0.0,0.0,11.49305126953125
00005.64,0.875,0.375,0.5,0.5,0.625,0.375,0.25,0.25,0.0,0.0,0.0,0.0,11.537028564453125
00005.66,0.875,0.375,0.5,0.5,0.75,0.375,0.25,0.25,0.0,0.0,0.0,0.0,11.562158447265624
000005.7,0.875,0.375,0.5,0.5,0.75,0.5,0.25,0.25,0.0,0.0,0.0,0.0,11.593570800781249
00005.72,0.875,0.375,0.5,0.5,0.75,0.5,0.25,0.25,0.0,0.0,0.0,0.0,11.587288330078124
00005.72,0.875,0.375,0.5,0.5,0.75,0.5,0.25,0.25,0.0,0.0,0.0,0.0,11.606135742187499
00005.74,0.875,0.375,0.5,0.5,0.75,0.5,0.25,0.25,0.0,0.0,0.0,0.0,11.631265625
00005.76,0.875,0.375,0.5,0.5,0.625,0.375,0.25,0.25,0.0,0.0,0.0,0.0,11.637548095703124
00005.78,0.875,0.375,0.5,0.5,0.625,0.375,0.25,0.25,0.0,0.0,0.0,0.0,11.631265625
000005.8,0.875,0.375,0.5,0.5,0.625,0.375,0.25,0.25,0.0,0.0,0.0,0.0,11.637548095703124
00005.82,0.875,0.375,0.5,0.5,0.625,0.375,0.25,0.25,0.0,0.0,0.0,0.0,11.6563955078125
00005.84,0.875,0.375,0.625,0.5,0.625,0.375,0.25,0.25,0.0,0.0,0.0,0.0,11.650113037109374
00005.86,0.875,0.375,0.5,0.5,0.625,0.375,0.25,0.25,0.0,0.0,0.0,0.0,11.650113037109374
00005.88,0.875,0.375,0.625,0.5,0.625,0.375,0.25,0.25,0.0,0.0,0.0,0.0,11.650113037109374
000005.9,0.875,0.375,0.5,0.5,0.625,0.375,0.25,0.25,0.0,0.0,0.0,0.0,11.66896044921875
00005.94,0.875,0.375,0.5,0.5,0.75,0.375,0.25,0.25,0.0,0.0,0.0,0.0,11.675242919921875
00005.96,0.875,0.375,0.5,0.5,0.75,0.375,0.25,0.25,0.0,0.0,0.0,0.0,11.66896044921875
00005.98,0.875,0.375,0.5,0.5,0.75,0.375,0.25,0.25,0.0,0.0,0.0,0.0,11.650113037109374
000006.0,0.875,0.375,0.5,0.5,0.75,0.375,0.25,0.25,0.0,0.0,0.0,0.0,11.6563955078125
00006.02,0.875,0.375,0.5,0.5,0.75,0.375,0.25,0.25,0.0,0.0,0.0,0.0,11.650113037109374
00006.04,0.875,0.375,0.5,0.5,0.75,0.375,0.25,0.25,0.0,0.0,0.0,0.0,11.832304687499999
00006.06,0.875,0.375,0.5,0.5,0.75,0.375,0.25,0.25,0.0,0.0,0.0,0.0,11.851152099609374
00006.08,1.0,0.375,0.625,0.5,0.75,0.375,0.25,0.25,0.0,0.0,0.0,0.0,11.844869628906249
000006.1,1.0,0.375,0.625,0.625,0.875,0.5,0.25,0.25,0.0,0.0,0.0,0.0,11.844869628906249
00006.12,1.0,0.375,0.625,0.625,0.875,0.5,0.25,0.25,0.0,0.0,0.0,0.0,11.844869628906249
00006.14,1.125,0.375,0.625,0.625,0.875,0.5,0.25,0.25,0.0,0.0,0.0,0.0,11.819739746093749
00006.16,1.375,0.375,0.625,0.75,1.0,0.625,0.25,0.5,0.0,0.0,0.0,0.0,11.819739746093749
00006.18,1.375,0.375,0.75,0.75,1.0,0.625,0.25,0.5,0.0,0.0,0.0,0.0,11.844869628906249
000006.2,1.375,0.375,0.75,0.75,1.0,0.625,0.25,0.5,0.0,0.0,1.75,0.0,11.863717041015624
00006.22,1.375,0.375,0.75,0.75,0.875,0.625,0.25,0.25,0.0,0.0,1.75,0.0,11.857434570312499
00006.22,1.125,0.375,0.75,0.75,0.875,0.625,0.25,0.25,0.0,0.0,1.75,0.0,11.851152099609374
00006.26,1.125,0.375,0.75,0.625,0.875,0.5,0.25,0.25,0.0,0.0,1.75,0.0,11.86999951171875
00006.26,1.125,0.375,0.75,0.625,0.875,0.5,0.25,0.25,0.0,0.0,1.75,0.0,11.863717041015624
00006.28,1.125,0.375,0.625,0.625,0.875,0.375,0.25,0.25,0.0,0.0,1.75,0.0,11.857434570312499
000006.3,1.125,0.375,0.625,0.625,0.875,0.5,0.25,0.25,0.0,0.0,0.0,0.0,11.86999951171875
00006.32,1.125,0.375,0.625,0.625,0.75,0.625,0.25,0.25,0.0,0.0,0.0,0.0,11.876281982421874
00006.34,1.0,0.375,0.625,0.625,0.75,0.625,0.25,0.25,0.0,0.0,0.0,0.0,11.863717041015624
00006.36,1.0,0.375,0.625,0.625,0.625,0.625,0.25,0.25,0.0,0.0,0.0,0.0,11.888846923828124
00006.38,1.0,0.375,0.625,0.625,0.625,0.625,0.125,0.25,0.0,0.0,0.0,0.0,11.86999951171875
000006.4,1.0,0.375,0.625,0.625,0.625,0.625,0.125,0.25,0.0,0.0,0.0,0.0,11.882564453125
00006.42,1.0,0.375,0.625,0.625,0.625,0.625,0.125,0.25,0.0,0.0,0.0,0.0,11.86999951171875
00006.44,1.0,0.375,0.625,0.5,0.625,0.625,0.125,0.25,0.0,0.0,0.0,0.0,11.863717041015624
00006.46,1.0,0.375,0.625,0.5,0.5,0.625,0.125,0.25,0.0,0.0,0.0,0.0,11.851152099609374
00006.48,1.0,0.375,0.625,0.625,0.5,0.625,0.125,0.25,0.25,0.0,0.0,0.0,11.832304687499999
000006.5,0.875,0.375,0.625,0.625,0.625,0.625,0.125,0.25,0.75,0.375,0.0,0.0,11.800892333984375
00006.52,1.0,0.375,0.625,0.625,0.625,0.625,0.125,0.25,1.25,1.0,0.0,0.0,11.76947998046875
00006.54,1.0,0.375,0.625,0.5,0.625,0.625,0.125,0.25,2.125,1.75,0.0,0.0,11.650113037109374
00006.56,1.0,0.375,0.625,0.5,0.5,0.5,0.125,0.25,3.375,2.625,0.0,0.0,11.593570800781249
00006.58,1.0,0.25,0.625,0.5,0.625,0.5,0.125,0.25,4.625,2.625,0.0,0.0,11.61870068359375
000006.6,0.875,0.25,0.625,0.5,0.625,0.375,0.125,0.25,5.25,4.25,0.0,0.0,11.64383056640625
00006.62,1.0,0.25,0.625,0.625,0.75,0.25,0.25,0.25,5.125,4.25,0.0,0.0,11.6563955078125
00006.64,1.0,0.375,0.625,0.625,0.75,0.375,0.25,0.25,4.625,3.875,0.0,0.0,11.681525390625
00006.64,1.0,0.25,0.5,0.625,0.75,0.5,0.25,0.25,4.625,3.875,0.0,0.0,11.7066552734375
00006.66,1.0,0.375,0.625,0.625,0.625,0.5,0.25,0.25,4.0,3.375,0.0,0.0,11.7066552734375
00006.68,1.0,0.375,0.625,0.625,0.75,0.5,0.25,0.25,3.5,3.0,0.0,0.0,11.700372802734375
000006.7,1.0,0.375,0.625,0.5,0.75,0.5,0.25,0.25,3.125,2.75,0.0,0.0,11.738067626953125
00006.72,1.0,0.375,0.625,0.625,0.75,0.5,0.25,0.25,2.875,2.5,0.0,0.0,11.74435009765625
00006.74,1.0,0.375,0.625,0.625,0.625,0.5,0.25,0.25,2.75,2.5,0.0,0.0,11.73178515625
00006.76,1.0,0.375,0.625,0.625,0.75,0.375,0.25,0.25,2.625,2.375,0.0,0.0,11.7569150390625
00006.78,1.0,0.375,0.625,0.625,0.75,0.5,0.25,0.25,2.5,2.25,0.0,0.0,11.74435009765625
000006.8,1.0,0.375,0.625,0.625,0.75,0.5,0.25,0.25,2.375,2.25,0.0,0.0,11.712937744140625
00006.82,1.0,0.375,0.625,0.625,0.75,0.5,0.25,0.25,2.375,2.25,0.0,0.0,11.71922021484375
00006.84,1.0,0.375,0.625,0.625,0.75,0.5,0.25,0.25,2.5,2.25,0.0,0.0,11.73178515625
00006.86,1.0,0.375,0.625,0.625,0.75,0.5,0.25,0.25,2.5,2.25,0.0,0.0,11.73178515625
00006.88,1.0,0.375,0.625,0.625,0.625,0.5,0.25,0.25,2.5,2.25,0.0,0.0,11.73178515625
000006.9,1.0,0.375,0.625,0.625,0.75,0.375,0.25,0.25,2.5,2.25,0.0,0.0,11.7066552734375
00006.92,1.0,0.375,0.625,0.625,0.75,0.5,0.25,0.25,2.5,2.25,0.0,0.0,11.7066552734375
00006.94,1.0,0.375,0.625,0.625,0.75,0.5,0.25,0.25,2.625,2.25,0.0,0.0,11.73178515625
00006.96,1.0,0.375,0.625,0.625,0.75,0.5,0.25,0.25,2.625,2.25,0.0,0.0,11.738067626953125
00006.98,1.0,0.375,0.625,0.625,0.75,0.5,0.25,0.25,2.75,2.375,0.0,0.0,11.750632568359375
000007.0,1.0,0.375,0.625,0.625,0.75,0.5,0.25,0.25,2.625,2.375,0.0,0.0,11.738067626953125
00007.02,0.875,0.25,0.625,0.625,0.625,0.5,0.25,0.25,2.625,2.375,0.0,0.0,11.74435009765625
00007.04,0.875,0.375,0.625,0.625,0.625,0.375,0.25,0.25,2.5,2.375,0.0,0.0,11.725502685546875
00007.06,0.875,0.375,0.625,0.625,0.75,0.5,0.25,0.25,2.625,2.375,0.0,0.0,11.71922021484375
00007.08,1.0,0.375,0.625,0.625,0.75,0.5,0.25,0.25,2.625,2.375,0.0,0.0,11.71922021484375
000007.1,1.0,0.375,0.625,0.625,0.75,0.5,0.25,0.25,2.625,2.375,0.0,0.0,11.750632568359375
00007.12,1.0,0.375,0.625,0.625,0.75,0.375,0.25,0.25,2.625,2.25,0.0,0.0,11.71922021484375
00007.14,1.0,0.375,0.625,0.625,0.75,0.5,0.25,0.25,2.625,2.25,0.0,0.0,11.725502685546875
00007.16,1.0,0.375,0.625,0.625,0.625,0.5,0.25,0.25,2.5,2.25,0.0,0.0,11.612418212890624
00007.18,0.875,0.375,0.625,0.625,0.625,0.375,0.25,0.25,3.125,2.75,0.0,0.0,11.524463623046875
000007.2,0.875,0.375,0.625,0.5,0.75,0.375,0.25,0.25,4.125,3.625,0.0,0.0,11.562158447265624
00007.22,0.875,0.375,0.625,0.5,0.75,0.375,0.25,0.25,5.0,4.75,0.0,0.0,11.51818115234375
00007.24,0.875,0.375,0.625,0.625,0.75,0.375,0.25,0.25,5.375,5.75,0.0,0.0,11.581005859374999
00007.26,0.875,0.375,0.625,0.625,0.75,0.375,0.25,0.25,4.875,5.625,0.0,0.0,11.574723388671874
000007.3,0.875,0.375,0.625,0.625,0.625,0.375,0.25,0.25,4.875,5.625,0.0,0.0,11.612418212890624
00007.32,0.875,0.375,0.625,0.625,0.75,0.375,0.25,0.25,4.75,4.625,0.0,0.0,11.650113037109374
00007.34,1.0,0.375,0.625,0.625,0.625,0.5,0.25,0.25,3.625,4.0,0.0,0.0,11.800892333984375
00007.34,0.875,0.25,0.625,0.5,0.625,0.375,0.25,0.25,3.625,4.0,0.0,0.0,11.876281982421874
00007.38,0.75,0.25,0.625,0.5,0.5,0.375,0.125,0.0,2.625,2.875,0.0,0.0,12.083603515624999
000007.4,0.5,0.25,0.5,0.375,0.125,0.125,0.125,0.0,1.625,0.75,0.0,0.0,12.17155810546875
00007.42,0.125,0.0,0.0,0.125,0.0,0.0,0.125,0.0,0.125,0.125,0.0,0.0,12.19668798828125
00007.44,0.0,0.0,0.0,0.0,0.0,0.0,0.0,0.0,0.0,0.0,0.0,0.0,12.202970458984375
00007.46,0.0,0.0,0.0,0.0,0.0,0.0,0.0,0.0,0.0,0.0,0.0,0.0,12.22181787109375
00007.48,0.0,0.0,0.0,0.0,0.0,0.0,0.0,0.0,0.0,0.0,0.0,0.0,12.19668798828125
000007.5,0.0,0.0,0.0,0.0,0.0,0.0,0.0,0.0,0.0,0.0,0.0,0.0,12.190405517578125
00007.52,0.0,0.0,0.0,0.0,0.0,0.0,0.0,0.0,0.0,0.0,0.0,0.0,12.165275634765624
00007.54,0.0,0.0,0.0,0.0,0.0,0.0,0.125,0.0,0.0,0.0,0.0,0.0,12.140145751953124
00007.56,0.0,0.0,0.0,0.0,0.0,0.0,0.125,0.0,0.0,0.0,0.0,0.0,12.13386328125
00007.58,0.0,0.0,0.0,0.0,0.0,0.0,0.125,0.0,0.0,0.0,0.0,0.0,12.13386328125
000007.6,0.0,0.0,0.0,0.0,0.0,0.0,0.125,0.0,0.0,0.0,0.0,0.0,12.13386328125
00007.62,0.0,0.0,0.0,0.0,0.0,0.0,0.125,0.0,0.0,0.0,0.0,0.0,12.127580810546874
00007.64,0.0,0.0,0.0,0.0,0.0,0.0,0.125,0.0,0.0,0.0,0.0,0.0,12.13386328125
00007.68,0.0,0.0,0.0,0.0,0.0,0.0,0.125,0.0,0.0,0.0,0.0,0.0,12.127580810546874
000007.7,0.0,0.0,0.0,0.0,0.0,0.0,0.125,0.0,0.0,0.0,0.0,0.0,12.140145751953124
00007.72,0.0,0.0,0.0,0.0,0.0,0.0,0.125,0.0,0.0,0.0,0.0,0.0,12.152710693359374
00007.76,0.0,0.0,0.0,0.0,0.0,0.0,0.125,0.0,0.0,0.0,0.0,0.0,12.140145751953124
00007.78,0.0,0.0,0.0,0.0,0.0,0.0,0.125,0.0,0.0,0.0,0.0,0.0,12.14642822265625
000007.8,0.0,0.0,0.0,0.0,0.0,0.0,0.125,0.0,0.0,0.0,0.0,0.0,12.140145751953124
00007.82,0.0,0.0,0.0,0.0,0.0,0.0,0.125,0.0,0.0,0.0,0.0,0.0,12.14642822265625
00007.84,0.0,0.0,0.0,0.0,0.0,0.0,0.125,0.0,0.0,0.0,0.0,0.0,12.14642822265625
00007.86,0.0,0.0,0.0,0.0,0.0,0.0,0.125,0.0,0.0,0.0,0.0,0.0,12.152710693359374
00007.88,0.0,0.0,0.0,0.0,0.0,0.0,0.125,0.0,0.0,0.0,0.0,0.0,12.165275634765624
000007.9,0.0,0.0,0.0,0.0,0.0,0.0,0.125,0.0,0.0,0.0,0.0,0.0,12.089885986328124
00007.92,0.0,0.0,0.0,0.0,0.125,0.0,0.125,0.0,0.0,0.0,0.0,0.0,11.775762451171875
00007.96,0.375,0.0,0.0,0.125,0.875,0.5,0.25,1.125,0.0,0.0,2.0,0.0,11.6563955078125
00007.98,1.375,0.25,1.625,1.125,1.875,1.25,0.625,1.875,0.0,0.0,2.0,0.0,11.449073974609375
000008.0,2.625,0.625,1.625,2.375,3.625,2.0,0.875,2.5,0.0,0.0,2.0,0.0,11.348554443359374
00008.02,3.875,1.125,3.25,3.125,4.0,2.75,1.125,2.75,0.0,0.0,2.0,0.0,11.51818115234375
00008.04,4.125,1.25,3.25,3.375,4.0,2.875,1.125,2.75,0.0,0.0,4.125,0.0,11.650113037109374
00008.06,3.75,0.875,2.875,3.25,3.375,2.875,1.125,2.625,0.0,0.0,4.125,0.0,11.71922021484375
00008.08,3.0,0.375,2.25,2.75,2.75,2.375,1.0,2.375,0.0,0.0,4.125,0.0,11.7569150390625
000008.1,2.5,0.25,1.625,1.875,2.375,1.875,0.625,1.625,0.0,0.0,2.5,0.0,11.851152099609374
00008.12,1.125,0.0,1.25,1.375,1.625,1.375,0.625,1.125,0.0,0.0,2.5,0.0,12.052191162109375
00008.14,0.5,0.0,0.75,0.875,1.125,0.875,0.375,0.75,0.0,0.0,2.5,0.0,12.1589931640625
00008.16,0.0,0.0,0.375,0.5,0.375,0.25,0.25,0.25,0.0,0.0,0.0,0.0,12.14642822265625
00008.18,0.0,0.0,0.0,0.0,0.125,0.0,0.125,0.0,0.0,0.0,0.0,0.0,12.115015869140624
000008.2,0.0,0.0,0.0,0.0,0.125,0.0,0.125,0.0,0.0,0.0,0.0,0.0,12.089885986328124
00008.22,0.0,0.0,0.0,0.0,0.125,0.125,0.25,0.0,0.0,0.0,0.0,0.0,12.083603515624999
00008.24,0.0,0.0,0.0,0.0,0.25,0.125,0.25,0.0,0.0,0.0,0.0,0.0,12.083603515624999
00008.26,0.0,0.0,0.0,0.0,0.25,0.25,0.25,0.25,0.0,0.0,0.0,0.0,12.077321044921874
00008.28,0.0,0.0,0.0,0.0,0.375,0.25,0.375,0.25,0.0,0.0,0.0,0.0,12.064756103515625
000008.3,0.0,0.0,0.0,0.0,0.375,0.25,0.375,0.25,0.0,0.0,0.0,0.0,12.0584736328125
00008.32,0.0,0.0,0.0,0.0,0.375,0.25,0.375,0.25,0.0,0.0,0.0,0.0,12.052191162109375
00008.34,0.0,0.0,0.0,0.0,0.375,0.25,0.375,0.25,0.0,0.0,0.0,0.0,11.99564892578125
00008.36,0.125,0.0,0.0,0.0,0.375,0.375,0.375,0.25,0.0,0.0,0.0,0.0,11.983083984375
00008.38,0.375,0.0,0.125,0.125,0.5,0.5,0.375,0.25,0.0,0.0,0.0,0.0,11.983083984375
000008.4,0.5,0.0,0.125,0.125,0.625,0.5,0.375,0.25,0.0,0.0,0.0,0.0,11.989366455078125
00008.42,0.5,0.0,0.375,0.375,0.625,0.5,0.375,0.25,0.0,0.0,0.0,0.0,11.97051904296875
00008.44,0.5,0.0,0.375,0.375,0.875,0.5,0.375,0.25,0.0,0.0,0.0,0.0,11.983083984375
00008.46,0.375,0.0,0.375,0.375,0.875,0.5,0.375,0.25,0.0,0.0,0.0,0.0,11.97051904296875
00008.48,0.375,0.0,0.375,0.375,0.875,0.625,0.375,0.25,0.0,0.0,0.0,0.0,11.964236572265625
000008.5,0.375,0.0,0.375,0.375,0.875,0.5,0.625,0.25,0.0,0.0,0.0,0.0,11.926541748046875
00008.52,0.375,0.0,0.375,0.5,0.875,0.5,0.625,0.5,0.0,0.0,0.0,0.0,11.94538916015625
00008.54,0.5,0.0,0.375,0.5,0.875,0.625,0.625,0.5,0.0,0.0,0.0,0.0,11.9579541015625
00008.54,0.625,0.0,0.375,0.5,0.875,0.625,0.625,0.5,0.0,0.0,0.0,0.0,11.9579541015625
00008.56,0.625,0.0,0.375,0.375,0.875,0.5,0.625,0.5,0.0,0.0,0.0,0.0,11.9579541015625
00008.58,0.5,0.0,0.375,0.375,0.625,0.5,0.625,0.5,0.0,0.0,0.0,0.0,11.964236572265625
000008.6,0.5,0.0,0.375,0.375,0.625,0.5,0.625,0.5,0.0,0.0,0.0,0.0,11.976801513671875
00008.62,0.375,0.0,0.375,0.375,0.625,0.5,0.625,0.25,0.0,0.0,0.0,0.0,11.989366455078125
00008.64,0.375,0.0,0.375,0.375,0.5,0.5,0.625,0.25,0.0,0.0,0.0,0.0,11.99564892578125
00008.66,0.375,0.0,0.125,0.375,0.5,0.5,0.625,0.25,0.0,0.0,0.0,0.0,11.983083984375
00008.68,0.375,0.0,0.125,0.375,0.5,0.5,0.625,0.25,0.0,0.0,0.0,0.0,11.989366455078125
000008.7,0.375,0.0,0.125,0.375,0.5,0.5,0.625,0.25,0.0,0.0,0.0,0.0,11.99564892578125
00008.72,0.375,0.0,0.125,0.375,0.5,0.375,0.625,0.25,0.0,0.0,0.0,0.0,11.99564892578125
00008.74,0.125,0.0,0.125,0.375,0.5,0.5,0.625,0.25,0.0,0.0,0.0,0.0,12.0082138671875
00008.76,0.125,0.0,0.125,0.375,0.5,0.5,0.375,0.25,0.0,0.0,0.0,0.0,12.014496337890625
00008.78,0.125,0.0,0.125,0.375,0.5,0.5,0.375,0.25,0.0,0.0,0.0,0.0,11.989366455078125
000008.8,0.125,0.0,0.125,0.125,0.5,0.5,0.375,0.25,0.0,0.0,0.0,0.0,11.983083984375
00008.82,0.375,0.0,0.125,0.125,0.5,0.5,0.375,0.25,0.0,0.0,0.0,0.0,11.976801513671875
00008.84,0.375,0.0,0.125,0.125,0.5,0.5,0.375,0.25,0.0,0.0,0.0,0.0,11.9579541015625
00008.86,0.375,0.0,0.125,0.125,0.5,0.5,0.375,0.25,0.25,0.0,0.0,0.0,11.926541748046875
00008.88,0.375,0.0,0.125,0.125,0.5,0.5,0.375,0.25,0.75,0.375,0.0,0.0,11.882564453125
000008.9,0.125,0.0,0.125,0.125,0.5,0.5,0.375,0.25,1.5,1.25,0.0,0.0,11.8071748046875
00008.92,0.125,0.0,0.125,0.125,0.5,0.5,0.375,0.25,2.625,2.375,0.0,0.0,11.687807861328125
00008.92,0.125,0.0,0.125,0.125,0.5,0.5,0.375,0.25,2.625,2.375,0.0,0.0,11.606135742187499
00008.94,0.125,0.0,0.125,0.125,0.5,0.375,0.375,0.25,4.5,3.875,0.0,0.0,11.480486328125
00008.96,0.125,0.0,0.125,0.125,0.5,0.375,0.375,0.25,6.5,5.5,0.0,0.0,11.449073974609375
00008.98,0.125,0.0,0.125,0.125,0.5,0.375,0.375,0.25,8.25,7.0,0.0,0.0,11.3548369140625
000009.0,0.125,0.0,0.125,0.125,0.5,0.375,0.375,0.25,9.625,8.25,0.0,0.0,11.335989501953124
00009.02,0.125,0.0,0.125,0.125,0.5,0.375,0.375,0.25,10.5,9.125,0.0,0.0,11.373684326171874
00009.04,0.125,0.0,0.125,0.125,0.5,0.375,0.375,0.25,10.875,9.5,0.0,0.0,11.342271972656249
00009.06,0.125,0.0,0.125,0.125,0.5,0.375,0.375,0.25,10.75,9.5,0.0,0.0,11.411379150390625
00009.08,0.125,0.0,0.125,0.125,0.5,0.5,0.375,0.25,10.375,9.375,0.0,0.0,11.436509033203125
000009.1,0.375,0.0,0.125,0.125,0.5,0.5,0.375,0.25,10.0,8.875,0.0,0.0,11.436509033203125
00009.12,0.375,0.0,0.125,0.125,0.5,0.5,0.375,0.25,9.625,8.625,0.0,0.0,11.423944091796875
00009.14,0.125,0.0,0.125,0.125,0.5,0.5,0.375,0.25,9.25,8.25,0.0,0.0,11.4553564453125
00009.16,0.125,0.0,0.125,0.125,0.5,0.5,0.375,0.25,8.875,8.125,0.0,0.0,11.461638916015625
00009.18,0.125,0.0,0.125,0.125,0.5,0.5,0.375,0.25,8.625,8.0,0.0,0.0,11.436509033203125
000009.2,0.375,0.0,0.125,0.125,0.5,0.5,0.375,0.25,8.5,8.0,0.0,0.0,11.44279150390625
00009.22,0.125,0.0,0.125,0.125,0.5,0.5,0.375,0.25,8.375,7.75,0.0,0.0,11.44279150390625
00009.24,0.125,0.0,0.125,0.125,0.5,0.5,0.375,0.25,8.375,7.625,0.0,0.0,11.46792138671875
00009.26,0.125,0.0,0.125,0.125,0.5,0.375,0.375,0.25,8.125,7.5,0.0,0.0,11.486768798828125
00009.28,0.125,0.0,0.125,0.125,0.5,0.5,0.375,0.25,8.125,7.5,0.0,0.0,11.46792138671875
000009.3,0.375,0.0,0.125,0.125,0.5,0.5,0.375,0.25,8.0,7.5,0.0,0.0,11.49305126953125
00009.32,0.125,0.0,0.125,0.125,0.5,0.5,0.375,0.25,8.0,7.5,0.0,0.0,11.46792138671875
00009.34,0.125,0.0,0.125,0.125,0.5,0.375,0.375,0.25,8.0,7.375,0.0,0.0,11.474203857421875
00009.36,0.125,0.0,0.125,0.125,0.5,0.375,0.375,0.25,8.0,7.375,0.0,0.0,11.44279150390625
00009.38,0.125,0.0,0.125,0.125,0.5,0.5,0.375,0.25,8.125,7.5,0.0,0.0,11.474203857421875
000009.4,0.125,0.0,0.125,0.125,0.5,0.5,0.375,0.25,8.125,7.5,0.0,0.0,11.474203857421875
00009.42,0.375,0.0,0.125,0.125,0.5,0.5,0.375,0.25,8.125,7.5,0.0,0.0,11.4553564453125
00009.44,0.125,0.0,0.125,0.125,0.5,0.5,0.375,0.25,8.125,7.5,0.0,0.0,11.423944091796875
00009.46,0.125,0.0,0.125,0.125,0.5,0.375,0.375,0.25,8.25,7.625,0.0,0.0,11.44279150390625
00009.48,0.125,0.0,0.125,0.125,0.5,0.5,0.375,0.25,8.375,7.75,0.0,0.0,11.4553564453125
000009.5,0.375,0.0,0.125,0.125,0.5,0.5,0.375,0.25,8.625,7.75,0.0,0.0,11.4553564453125
00009.52,0.375,0.0,0.125,0.125,0.5,0.5,0.375,0.25,8.5,7.75,0.0,0.0,11.46792138671875
00009.54,0.375,0.0,0.125,0.125,0.5,0.5,0.375,0.25,8.375,7.75,0.0,0.0,11.46792138671875
00009.56,0.375,0.0,0.125,0.125,0.5,0.375,0.375,0.25,8.25,7.625,0.0,0.0,11.486768798828125
00009.58,0.125,0.0,0.125,0.125,0.375,0.375,0.375,0.25,8.0,7.625,0.0,0.0,11.64383056640625
000009.6,0.0,0.0,0.125,0.125,0.375,0.375,0.375,0.25,7.25,7.125,0.0,0.0,11.69409033203125
00009.62,0.0,0.0,0.0,0.125,0.25,0.25,0.25,0.0,6.125,6.125,0.0,0.0,11.782044921875
00009.64,0.0,0.0,0.0,0.0,0.25,0.125,0.25,0.0,4.625,5.0,0.0,0.0,11.838587158203124
00009.64,0.0,0.0,0.0,0.0,0.375,0.125,0.25,0.25,4.625,5.0,0.0,0.0,11.857434570312499
00009.66,0.0,0.0,0.0,0.0,0.375,0.25,0.25,0.25,3.25,3.625,0.0,0.0,11.901411865234374
00009.68,0.0,0.0,0.0,0.0,0.375,0.25,0.375,0.25,2.125,2.5,0.0,0.0,11.951671630859375
000009.7,0.0,0.0,0.0,0.0,0.375,0.25,0.375,0.25,1.25,1.625,0.0,0.0,11.9579541015625
00009.72,0.0,0.0,0.0,0.0,0.375,0.25,0.375,0.25,0.75,0.875,0.0,0.0,11.983083984375
00009.74,0.0,0.0,0.0,0.0,0.375,0.25,0.375,0.25,0.25,0.375,0.0,0.0,12.0082138671875
00009.76,0.0,0.0,0.0,0.0,0.375,0.375,0.375,0.25,0.0,0.0,0.0,0.0,12.0082138671875
00009.78,0.0,0.0,0.0,0.0,0.375,0.25,0.375,0.25,0.0,0.0,0.0,0.0,12.001931396484375
000009.8,0.0,0.0,0.0,0.0,0.375,0.25,0.375,0.25,0.0,0.0,0.0,0.0,10.2239921875
00009.82,0.0,0.0,0.0,0.0,0.375,0.25,0.375,0.0,0.0,0.0,0.0,0.0,10.72658984375
00009.84,0.0,0.0,0.0,0.0,0.25,0.25,0.375,0.0,0.0,0.0,0.0,0.0,11.046995849609374
00009.86,0.0,0.0,0.0,0.0,0.25,0.25,0.25,0.0,0.0,0.0,0.0,0.0,11.279447265625
00009.88,0.0,0.0,0.0,0.0,0.25,0.25,0.375,0.0,0.0,0.0,0.0,0.0,11.44279150390625
000009.9,0.0,0.0,0.0,0.0,0.25,0.25,0.375,0.0,0.0,0.0,0.0,0.0,11.51818115234375
00009.92,0.0,0.0,0.0,0.0,0.375,0.25,0.375,0.0,0.0,0.0,0.0,0.0,11.568440917968749
00009.94,0.0,0.0,0.0,0.0,0.375,0.25,0.375,0.0,0.0,0.0,0.0,0.0,11.637548095703124
00009.96,0.125,0.0,0.0,0.0,0.375,0.25,0.375,0.0,0.0,0.0,0.0,0.0,11.662677978515624
00009.98,0.0,0.0,0.0,0.125,0.375,0.25,0.375,0.0,0.0,0.0,0.0,0.0,11.6563955078125
00010.02,0.0,0.0,0.125,0.125,0.375,0.25,0.375,0.0,0.0,0.0,0.0,0.0,11.69409033203125
00010.04,0.0,0.0,0.125,0.125,0.375,0.375,0.375,0.0,0.0,0.0,0.0,0.0,11.7066552734375
00010.06,0.125,0.0,0.125,0.125,0.375,0.375,0.375,0.0,0.0,0.0,0.0,0.0,11.712937744140625
00010.06,0.125,0.0,0.125,0.125,0.375,0.375,0.375,0.0,0.0,0.0,0.0,0.0,11.71922021484375
00010.08,0.125,0.0,0.125,0.125,0.375,0.375,0.375,0.0,0.0,0.0,0.0,0.0,11.725502685546875
00010.12,0.125,0.0,0.125,0.125,0.375,0.375,0.375,0.0,0.0,0.0,0.0,0.0,11.725502685546875
00010.14,0.125,0.0,0.125,0.0,0.375,0.25,0.375,0.0,0.0,0.0,0.0,0.0,11.951671630859375
00010.16,0.0,0.0,0.0,0.0,0.375,0.25,0.375,0.0,0.0,0.0,0.0,0.0,12.001931396484375
00010.18,0.0,0.0,0.0,0.0,0.375,0.25,0.375,0.0,0.0,0.0,0.0,0.0,12.014496337890625
000010.2,0.0,0.0,0.0,0.0,0.375,0.25,0.375,0.25,0.0,0.0,0.0,0.0,12.039626220703125
00010.22,0.0,0.0,0.0,0.0,0.375,0.25,0.375,0.25,0.0,0.0,0.0,0.0,12.039626220703125
00010.24,0.0,0.0,0.0,0.0,0.375,0.25,0.375,0.25,0.0,0.0,0.0,0.0,12.0584736328125
00010.26,0.0,0.0,0.0,0.0,0.375,0.25,0.25,0.25,0.0,0.0,0.0,0.0,12.0584736328125
00010.28,0.0,0.0,0.0,0.0,0.25,0.25,0.375,0.25,0.0,0.0,0.0,0.0,12.0584736328125
000010.3,0.0,0.0,0.0,0.0,0.25,0.25,0.375,0.25,0.0,0.0,0.0,0.0,12.052191162109375
00010.32,0.0,0.0,0.0,0.0,0.375,0.25,0.375,0.0,0.0,0.0,0.0,0.0,12.039626220703125
00010.34,0.0,0.0,0.0,0.0,0.25,0.25,0.375,0.0,0.0,0.0,0.0,0.0,10.092060302734374
00010.36,0.0,0.0,0.0,0.0,0.25,0.25,0.375,0.0,0.0,0.0,0.0,0.0,10.72658984375
00010.38,0.0,0.0,0.0,0.0,0.25,0.25,0.25,0.0,0.0,0.0,0.0,0.0,11.046995849609374
000010.4,0.0,0.0,0.0,0.0,0.25,0.25,0.25,0.0,0.0,0.0,0.0,0.0,11.279447265625
00010.42,0.0,0.0,0.0,0.0,0.25,0.125,0.375,0.0,0.0,0.0,0.0,0.0,11.4302265625
00010.44,0.0,0.0,0.0,0.0,0.25,0.125,0.375,0.0,0.0,0.0,0.0,0.0,11.49305126953125
00010.46,0.0,0.0,0.0,0.0,0.25,0.125,0.375,0.0,0.0,0.0,0.0,0.0,11.549593505859374
00010.48,0.0,0.0,0.0,0.0,0.25,0.25,0.375,0.0,0.0,0.0,0.0,0.0,11.574723388671874
000010.5,0.125,0.0,0.0,0.0,0.375,0.25,0.375,0.25,0.0,0.0,0.0,0.0,11.593570800781249
00010.54,0.125,0.0,0.125,0.125,0.5,0.375,0.375,0.25,0.0,0.0,0.0,0.0,11.581005859374999
00010.56,0.375,0.0,0.125,0.125,0.875,0.5,0.375,0.25,0.0,0.0,0.0,0.0,11.593570800781249
00010.58,0.5,0.0,0.375,0.375,0.875,0.625,0.375,0.5,0.0,0.0,0.0,0.0,11.61870068359375
000010.6,0.625,0.0,0.375,0.375,1.0,0.75,0.375,0.5,0.0,0.0,0.0,0.0,11.612418212890624
00010.62,0.625,0.0,0.5,0.5,1.0,0.75,0.375,0.5,0.0,0.0,0.0,0.0,11.64383056640625
00010.64,0.625,0.0,0.375,0.5,1.0,0.625,0.375,0.5,0.0,0.0,0.0,0.0,11.662677978515624
00010.66,0.5,0.0,0.375,0.375,0.875,0.625,0.375,0.5,0.0,0.0,0.0,0.0,11.687807861328125
00010.68,0.5,0.0,0.375,0.375,0.625,0.5,0.375,0.5,0.0,0.0,0.0,0.0,11.913976806640624
000010.7,0.375,0.0,0.375,0.375,0.625,0.5,0.375,0.25,0.0,0.0,0.0,0.0,11.964236572265625
00010.72,0.125,0.0,0.125,0.125,0.5,0.375,0.375,0.25,0.0,0.0,0.0,0.0,11.964236572265625
00010.74,0.125,0.0,0.125,0.125,0.375,0.375,0.375,0.25,0.0,0.0,0.0,0.0,11.97051904296875
00010.76,0.125,0.0,0.125,0.125,0.375,0.375,0.375,0.25,0.0,0.0,0.0,0.0,11.989366455078125
000010.8,0.0,0.0,0.0,0.125,0.375,0.375,0.375,0.25,0.0,0.0,0.0,0.0,11.97051904296875
00010.82,0.0,0.0,0.0,0.125,0.375,0.375,0.375,0.25,0.0,0.0,0.0,0.0,11.983083984375
00010.84,0.125,0.0,0.0,0.125,0.375,0.375,0.375,0.25,0.0,0.0,0.0,0.0,11.983083984375
00010.86,0.125,0.0,0.0,0.125,0.375,0.375,0.375,0.25,0.0,0.0,0.0,0.0,11.983083984375
00010.88,0.125,0.0,0.125,0.125,0.375,0.375,0.375,0.25,0.0,0.0,0.0,0.0,11.964236572265625
000010.9,0.125,0.0,0.125,0.125,0.375,0.375,0.375,0.25,0.0,0.0,0.0,0.0,11.976801513671875
00010.92,0.125,0.0,0.125,0.125,0.375,0.375,0.375,0.25,0.0,0.0,0.0,0.0,11.983083984375
00010.94,0.125,0.0,0.125,0.125,0.375,0.375,0.375,0.25,0.0,0.0,0.0,0.0,11.976801513671875
00010.96,0.125,0.0,0.125,0.125,0.375,0.375,0.375,0.25,0.0,0.0,0.0,0.0,11.976801513671875
00010.98,0.125,0.0,0.125,0.125,0.375,0.375,0.375,0.25,0.0,0.0,0.0,0.0,11.989366455078125
000011.0,0.125,0.0,0.125,0.125,0.375,0.375,0.375,0.25,0.0,0.0,0.0,0.0,12.0082138671875
00011.02,0.125,0.0,0.125,0.125,0.375,0.375,0.375,0.25,0.0,0.0,0.0,0.0,12.0082138671875
00011.04,0.125,0.0,0.125,0.125,0.375,0.375,0.375,0.25,0.0,0.0,0.0,0.0,12.0082138671875
00011.06,0.125,0.0,0.125,0.125,0.375,0.375,0.625,0.25,0.0,0.0,0.0,0.0,11.99564892578125
00011.08,0.125,0.0,0.125,0.125,0.375,0.375,0.625,0.25,0.0,0.0,0.0,0.0,12.014496337890625
00011.12,0.125,0.0,0.125,0.125,0.375,0.375,0.625,0.25,0.0,0.0,0.0,0.0,11.99564892578125
00011.14,0.125,0.0,0.125,0.125,0.375,0.375,0.625,0.25,0.125,0.0,0.0,0.0,11.9579541015625
00011.16,0.125,0.0,0.125,0.125,0.375,0.375,0.375,0.25,0.375,0.25,0.0,0.0,11.92025927734375
00011.18,0.125,0.0,0.125,0.125,0.375,0.375,0.375,0.25,1.0,0.625,0.0,0.0,11.876281982421874
00011.22,0.0,0.0,0.0,0.0,0.375,0.375,0.375,0.25,3.125,2.5,0.0,0.0,11.788327392578125
000011.3,0.0,0.0,0.0,0.0,0.375,0.25,0.375,0.25,3.875,3.25,0.0,0.0,11.813457275390624
00011.32,0.0,0.0,0.0,0.0,0.375,0.25,0.375,0.25,3.625,3.0,0.0,0.0,11.832304687499999
00011.34,0.0,0.0,0.0,0.0,0.375,0.25,0.375,0.25,3.625,3.0,0.0,0.0,11.826022216796874
00011.36,0.0,0.0,0.0,0.0,0.375,0.25,0.375,0.25,3.75,3.125,0.0,0.0,11.838587158203124
00011.38,0.0,0.0,0.0,0.0,0.375,0.25,0.375,0.25,3.875,3.25,0.0,0.0,11.838587158203124
000011.4,0.0,0.0,0.0,0.0,0.375,0.25,0.375,0.25,4.0,3.25,0.0,0.0,11.851152099609374
00011.42,0.0,0.0,0.0,0.0,0.375,0.25,0.375,0.25,3.875,3.25,0.0,0.0,11.838587158203124
00011.44,0.0,0.0,0.0,0.0,0.375,0.25,0.375,0.25,3.75,3.25,0.0,0.0,11.7066552734375
00011.46,0.125,0.0,0.0,0.125,0.5,0.375,0.375,0.25,3.75,3.125,0.0,0.0,11.738067626953125
000011.5,0.375,0.0,0.125,0.125,0.625,0.5,0.375,0.25,3.5,3.125,0.0,0.0,11.775762451171875
00011.52,0.5,0.0,0.375,0.375,0.875,0.5,0.375,0.25,3.375,3.125,0.0,0.0,11.775762451171875
00011.54,0.375,0.0,0.125,0.375,0.625,0.5,0.375,0.25,3.375,3.125,0.0,0.0,11.763197509765625
00011.56,0.125,0.0,0.125,0.125,0.5,0.375,0.375,0.25,3.375,3.0,0.0,0.0,11.800892333984375
00011.58,0.125,0.0,0.125,0.125,0.5,0.375,0.375,0.25,3.375,3.0,0.0,0.0,11.832304687499999
000011.6,0.0,0.0,0.125,0.125,0.375,0.375,0.375,0.25,3.25,3.0,0.0,0.0,11.826022216796874
00011.62,0.0,0.0,0.0,0.0,0.375,0.375,0.375,0.25,3.25,3.0,0.0,0.0,11.838587158203124
00011.64,0.0,0.0,0.0,0.0,0.375,0.25,0.375,0.25,3.25,2.875,0.0,0.0,11.844869628906249
00011.68,0.0,0.0,0.0,0.0,0.375,0.25,0.375,0.0,3.125,2.875,0.0,0.0,11.86999951171875
000011.7,0.0,0.0,0.0,0.0,0.375,0.25,0.375,0.25,3.125,2.875,0.0,0.0,11.851152099609374
00011.72,0.0,0.0,0.0,0.0,0.375,0.25,0.375,0.0,3.125,2.875,0.0,0.0,11.888846923828124
00011.74,0.0,0.0,0.0,0.0,0.25,0.25,0.375,0.0,3.125,2.875,0.0,0.0,11.857434570312499
00011.76,0.0,0.0,0.0,0.0,0.25,0.25,0.375,0.0,3.125,2.875,0.0,0.0,11.832304687499999
00011.78,0.0,0.0,0.0,0.0,0.25,0.25,0.375,0.25,3.25,2.75,0.0,0.0,11.863717041015624
000011.8,0.0,0.0,0.0,0.0,0.25,0.25,0.375,0.0,3.25,2.875,0.0,0.0,11.876281982421874
00011.82,0.0,0.0,0.0,0.0,0.375,0.25,0.375,0.0,3.25,3.0,0.0,0.0,11.876281982421874
00011.84,0.0,0.0,0.0,0.0,0.375,0.25,0.375,0.0,3.375,3.0,0.0,0.0,11.913976806640624
00011.86,0.0,0.0,0.0,0.0,0.25,0.25,0.25,0.0,3.375,3.0,0.0,0.0,11.939106689453125
00011.88,0.0,0.0,0.0,0.0,0.25,0.125,0.25,0.0,3.125,2.75,0.0,0.0,11.951671630859375
000011.9,0.0,0.0,0.0,0.0,0.125,0.125,0.25,0.0,3.0,2.75,0.0,0.0,11.939106689453125
00011.92,0.0,0.0,0.0,0.0,0.125,0.0,0.25,0.0,2.875,2.625,0.0,0.0,11.844869628906249
00011.96,0.0,0.0,0.0,0.0,0.25,0.125,0.25,0.0,3.125,3.875,0.0,0.0,11.51818115234375
00011.98,0.0,0.0,0.0,0.0,0.125,0.125,0.25,0.0,7.0,5.875,0.0,0.0,11.568440917968749
000012.0,0.0,0.0,0.0,0.0,0.125,0.0,0.125,0.0,9.25,7.75,0.0,0.0,11.537028564453125
00012.02,0.0,0.0,0.0,0.0,0.0,0.0,0.125,0.0,10.625,8.75,0.0,0.0,11.51818115234375
00012.04,0.0,0.0,0.0,0.0,0.0,0.0,0.125,0.0,10.5,8.375,0.0,0.0,11.581005859374999
00012.06,0.0,0.0,0.0,0.0,0.0,0.0,0.0,0.0,10.375,8.125,0.0,0.0,11.606135742187499
00012.08,0.0,0.0,0.0,0.0,0.0,0.0,0.0,0.0,9.625,7.875,0.0,0.0,11.662677978515624
000012.1,0.0,0.0,0.0,0.0,0.0,0.0,0.125,0.0,8.625,7.125,0.0,0.0,11.687807861328125
00012.14,0.0,0.0,0.0,0.0,0.0,0.0,0.125,0.0,7.625,6.75,0.0,0.0,11.750632568359375
00012.16,0.0,0.0,0.0,0.0,0.0,0.0,0.125,0.0,6.375,5.375,0.0,0.0,11.637548095703124
00012.18,0.0,0.0,0.125,0.0,0.5,0.0,0.125,0.0,5.875,5.125,0.0,0.0,11.51818115234375
000012.2,1.125,0.0,0.375,0.125,1.125,0.125,0.125,0.25,5.625,4.875,0.0,0.0,11.285729736328125
00012.22,2.25,1.0,1.25,1.875,2.25,1.625,0.5,2.25,5.5,4.5,0.0,0.0,11.210340087890625
00012.24,2.75,1.0,1.875,2.375,3.125,2.375,0.75,2.25,5.25,4.25,0.0,0.0,11.21662255859375
00012.28,3.0,1.125,2.625,2.625,3.875,2.625,0.875,2.75,5.0,4.125,2.875,0.0,11.078408203124999
000012.3,4.125,1.125,3.0,3.0,4.25,2.75,0.875,3.125,5.0,4.375,2.875,0.0,11.134950439453124
00012.32,4.25,1.375,3.125,3.375,4.25,2.875,0.875,3.25,5.0,4.375,4.25,0.0,11.21662255859375
00012.34,4.0,1.0,3.125,3.25,4.125,2.75,0.875,3.25,5.0,4.375,4.25,0.0,11.304577148437499
00012.36,3.5,1.0,3.0,2.875,3.625,2.25,0.75,3.125,5.0,4.375,4.25,0.0,11.36740185546875
00012.38,3.0,0.625,2.25,2.25,3.125,1.75,0.625,2.375,5.0,4.375,3.125,0.0,11.398814208984374
000012.4,2.625,0.625,1.875,1.75,2.5,1.375,0.5,1.875,5.0,4.25,3.125,0.0,11.436509033203125
00012.42,2.25,0.625,1.5,1.25,2.125,1.125,0.5,1.625,5.0,4.25,3.125,0.0,11.480486328125
00012.44,1.75,0.625,1.25,1.25,1.75,1.125,0.25,1.25,4.875,4.0,3.125,0.0,11.631265625
00012.46,1.125,0.375,1.0,0.75,1.125,0.625,0.25,0.75,4.625,3.875,2.125,0.0,11.725502685546875
00012.48,0.625,0.25,0.625,0.5,0.75,0.25,0.125,0.25,4.5,3.875,2.125,0.0,11.92025927734375
000012.5,0.125,0.25,0.5,0.5,0.125,0.0,0.125,0.0,4.375,3.875,2.125,0.0,11.989366455078125
00012.52,0.0,0.0,0.125,0.0,0.0,0.0,0.0,0.0,4.25,4.0,0.0,0.0,11.826022216796874
00012.54,0.0,0.0,0.0,0.0,0.0,0.0,0.0,0.0,4.0,4.125,0.0,0.0,11.9076943359375
00012.56,0.0,0.0,0.0,0.0,0.0,0.0,0.0,0.0,3.375,3.5,0.0,0.0,11.926541748046875
00012.58,0.0,0.0,0.0,0.0,0.0,0.0,0.0,0.0,2.75,2.75,0.0,0.0,11.94538916015625
000012.6,0.0,0.0,0.0,0.0,0.0,0.0,0.125,0.0,2.125,2.125,0.0,0.0,11.9579541015625
00012.62,0.0,0.0,0.0,0.0,0.25,0.0,0.125,0.0,1.875,1.75,0.0,0.0,11.76947998046875
00012.64,0.125,0.0,0.375,0.0,1.0,0.125,0.25,0.5,1.875,1.625,0.0,0.0,11.66896044921875
00012.66,0.75,0.25,0.875,0.625,1.75,0.75,0.25,1.0,1.625,1.375,0.0,0.0,11.53074609375
00012.68,1.5,0.375,0.875,1.375,2.875,1.25,0.625,1.5,1.5,1.375,0.0,0.0,11.21662255859375
00012.68,2.75,1.125,1.75,2.5,2.875,1.875,0.875,1.5,1.5,1.25,0.0,0.0,11.172645263671875
000012.7,3.75,1.25,2.625,3.125,4.25,2.875,1.25,2.5,1.25,1.0,3.375,0.0,11.147515380859375
00012.72,4.625,1.75,3.375,3.75,5.25,3.75,1.625,3.125,0.875,0.875,3.375,0.0,11.21662255859375
00012.74,4.875,1.75,3.875,4.125,5.75,4.125,1.75,3.75,0.625,0.625,3.375,0.0,11.39253173828125
00012.76,4.375,1.25,3.875,3.875,5.25,3.625,1.375,3.625,0.5,0.5,4.375,0.0,11.51818115234375
00012.78,3.75,0.875,3.5,3.375,4.5,3.0,1.125,3.25,0.375,0.375,4.375,0.0,11.606135742187499
000012.8,3.125,0.375,3.0,2.875,3.625,2.25,0.875,2.75,0.375,0.375,4.375,0.0,11.637548095703124
00012.82,2.375,0.25,2.25,2.0,3.0,1.75,0.75,2.625,0.25,0.25,4.375,0.0,11.7066552734375
00012.84,1.875,0.25,1.75,1.75,2.5,1.375,0.75,1.625,0.125,0.125,2.625,0.0,11.738067626953125
00012.86,1.375,0.0,1.375,1.75,2.0,1.125,0.625,1.375,0.0,0.0,2.625,0.0,11.76947998046875
00012.88,1.25,0.0,1.0,1.375,1.75,0.875,0.625,0.875,0.0,0.0,1.875,0.0,11.750632568359375
000012.9,1.125,0.0,0.875,1.0,1.75,0.75,0.625,0.875,0.0,0.0,1.875,0.0,11.782044921875
00012.92,1.0,0.0,0.75,1.0,1.625,0.75,0.625,0.75,0.0,0.0,1.875,0.0,11.79460986328125
00012.94,0.75,0.0,0.75,1.0,1.375,0.75,0.625,0.75,0.0,0.0,1.875,0.0,11.857434570312499
00012.96,0.75,0.0,0.5,0.875,1.125,0.75,0.625,0.75,0.0,0.0,0.0,0.0,11.976801513671875
00012.98,0.5,0.0,0.375,0.875,0.875,0.5,0.375,0.5,0.0,0.0,0.0,0.0,12.102450927734374
000013.0,0.375,0.0,0.125,0.5,0.5,0.25,0.25,0.25,0.0,0.0,0.0,0.0,12.215535400390625
00013.02,0.0,0.0,0.0,0.0,0.125,0.0,0.125,0.0,0.0,0.0,0.0,0.0,12.29720751953125
00013.04,0.0,0.0,0.0,0.0,0.0,0.0,0.125,0.0,0.0,0.0,0.0,0.0,12.228100341796875
00013.06,0.0,0.0,0.0,0.0,0.0,0.0,0.125,0.0,0.0,0.0,0.0,0.0,12.13386328125
00013.08,0.0,0.0,0.0,0.0,0.0,0.0,0.125,0.0,0.0,0.0,0.0,0.0,12.121298339843749
000013.1,0.0,0.0,0.0,0.0,0.0,0.0,0.125,0.0,0.0,0.0,0.0,0.0,12.115015869140624
00013.12,0.0,0.0,0.0,0.0,0.0,0.0,0.125,0.0,0.0,0.0,0.0,0.0,12.115015869140624
00013.14,0.0,0.0,0.0,0.0,0.0,0.0,0.125,0.0,0.0,0.0,0.0,0.0,12.121298339843749
00013.16,0.0,0.0,0.0,0.0,0.0,0.0,0.125,0.0,0.0,0.0,0.0,0.0,12.127580810546874
00013.18,0.0,0.0,0.0,0.0,0.0,0.0,0.125,0.0,0.0,0.0,0.0,0.0,12.121298339843749
000013.2,0.0,0.0,0.0,0.0,0.0,0.0,0.125,0.0,0.0,0.0,0.0,0.0,12.115015869140624
00013.22,0.0,0.0,0.0,0.0,0.0,0.0,0.0,0.0,0.0,0.0,0.0,0.0,12.121298339843749
00013.24,0.0,0.0,0.0,0.0,0.0,0.0,0.0,0.0,0.0,0.0,0.0,0.0,12.121298339843749
00013.26,0.0,0.0,0.0,0.0,0.0,0.0,0.0,0.0,0.0,0.0,0.0,0.0,12.121298339843749
00013.28,0.0,0.0,0.0,0.0,0.0,0.0,0.125,0.0,0.0,0.0,0.0,0.0,12.108733398437499
000013.3,0.0,0.0,0.0,0.0,0.0,0.0,0.125,0.0,0.0,0.0,0.0,0.0,12.13386328125
00013.32,0.0,0.0,0.0,0.0,0.0,0.0,0.125,0.0,0.0,0.0,0.0,0.0,12.127580810546874
00013.34,0.0,0.0,0.0,0.0,0.0,0.0,0.125,0.0,0.0,0.0,0.0,0.0,12.13386328125
00013.36,0.0,0.0,0.0,0.0,0.0,0.0,0.125,0.0,0.0,0.0,0.0,0.0,12.13386328125
00013.36,0.0,0.0,0.0,0.0,0.0,0.0,0.125,0.0,0.0,0.0,0.0,0.0,12.127580810546874
000013.4,0.0,0.0,0.0,0.0,0.0,0.0,0.125,0.0,0.0,0.0,0.0,0.0,12.13386328125
000013.4,0.0,0.0,0.0,0.0,0.0,0.0,0.125,0.0,0.0,0.0,0.0,0.0,12.140145751953124
00013.42,0.0,0.0,0.0,0.0,0.0,0.0,0.125,0.0,0.0,0.0,0.0,0.0,12.152710693359374
00013.44,0.0,0.0,0.0,0.0,0.0,0.0,0.125,0.0,0.0,0.0,0.0,0.0,12.140145751953124
00013.46,0.0,0.0,0.0,0.0,0.0,0.0,0.125,0.0,0.0,0.0,0.0,0.0,12.152710693359374
00013.46,0.0,0.0,0.0,0.0,0.0,0.0,0.125,0.0,0.0,0.0,0.0,0.0,12.14642822265625
00013.48,0.0,0.0,0.0,0.0,0.0,0.0,0.125,0.0,0.0,0.0,0.0,0.0,12.152710693359374
000013.5,0.0,0.0,0.0,0.0,0.0,0.0,0.125,0.0,0.0,0.0,0.0,0.0,12.152710693359374
00013.52,0.0,0.0,0.0,0.0,0.0,0.0,0.125,0.0,0.0,0.0,0.0,0.0,12.152710693359374
00013.54,0.0,0.0,0.0,0.0,0.0,0.0,0.125,0.0,0.0,0.0,0.0,0.0,12.14642822265625
00013.56,0.0,0.0,0.0,0.0,0.0,0.0,0.125,0.0,0.0,0.0,0.0,0.0,12.1589931640625
00013.58,0.0,0.0,0.0,0.0,0.0,0.0,0.125,0.0,0.0,0.0,0.0,0.0,12.14642822265625
000013.6,0.0,0.0,0.0,0.0,0.0,0.0,0.125,0.0,0.0,0.0,0.0,0.0,12.14642822265625
00013.62,0.0,0.0,0.0,0.0,0.0,0.0,0.125,0.0,0.0,0.0,0.0,0.0,12.14642822265625
00013.64,0.0,0.0,0.0,0.0,0.0,0.0,0.125,0.0,0.0,0.0,0.0,0.0,12.152710693359374
00013.66,0.0,0.0,0.0,0.0,0.0,0.0,0.125,0.0,0.0,0.0,0.0,0.0,12.140145751953124
000013.7,0.0,0.0,0.0,0.0,0.0,0.0,0.125,0.0,0.0,0.0,0.0,0.0,12.14642822265625
00013.72,0.0,0.0,0.0,0.0,0.0,0.0,0.0,0.0,0.0,0.0,0.0,0.0,12.1589931640625
00013.74,0.0,0.0,0.0,0.0,0.0,0.0,0.0,0.0,0.0,0.0,0.0,0.0,12.152710693359374
00013.76,0.0,0.0,0.0,0.0,0.0,0.0,0.0,0.0,0.0,0.0,0.0,0.0,12.14642822265625
00013.78,0.0,0.0,0.0,0.0,0.0,0.0,0.0,0.0,0.0,0.0,0.0,0.0,12.152710693359374
000013.8,0.0,0.0,0.0,0.0,0.0,0.0,0.125,0.0,0.0,0.0,0.0,0.0,12.1589931640625
00013.82,0.0,0.0,0.0,0.0,0.0,0.0,0.125,0.0,0.0,0.0,0.0,0.0,12.165275634765624
00013.84,0.0,0.0,0.0,0.0,0.0,0.0,0.125,0.0,0.0,0.0,0.0,0.0,12.152710693359374
00013.86,0.0,0.0,0.0,0.0,0.0,0.0,0.125,0.0,0.0,0.0,0.0,0.0,12.108733398437499
00013.88,0.0,0.0,0.0,0.0,0.0,0.0,0.125,0.0,0.375,0.25,0.0,0.0,12.071038574218749
000013.9,0.0,0.0,0.0,0.0,0.0,0.0,0.125,0.0,1.375,1.0,0.0,0.0,11.964236572265625
00013.92,0.0,0.0,0.0,0.0,0.0,0.0,0.125,0.0,2.375,1.75,0.0,0.0,11.838587158203124
00013.94,0.0,0.0,0.0,0.0,0.0,0.0,0.125,0.0,3.875,2.75,0.0,0.0,11.750632568359375
00013.96,0.0,0.0,0.0,0.0,0.0,0.0,0.125,0.0,5.625,4.125,0.0,0.0,11.593570800781249
00013.98,0.0,0.0,0.0,0.0,0.0,0.0,0.125,0.0,7.875,5.625,0.0,0.0,11.436509033203125
000014.0,0.0,0.0,0.0,0.0,0.0,0.0,0.125,0.0,10.25,7.75,0.0,0.0,11.21662255859375
00014.02,0.0,0.0,0.0,0.0,0.0,0.0,0.125,0.0,13.125,10.375,0.0,0.0,11.24175244140625
00014.04,0.0,0.0,0.0,0.0,0.0,0.0,0.125,0.0,15.5,12.5,0.0,0.0,11.178927734375
00014.06,0.0,0.0,0.0,0.0,0.0,0.0,0.125,0.0,17.25,14.375,0.0,0.0,11.16636279296875
00014.08,0.0,0.0,0.0,0.0,0.0,0.0,0.125,0.0,17.75,14.875,0.0,0.0,11.1537978515625
000014.1,0.0,0.0,0.0,0.0,0.0,0.0,0.125,0.0,17.75,15.0,0.0,0.0,11.14123291015625
00014.12,0.0,0.0,0.0,0.0,0.0,0.0,0.125,0.0,17.625,15.25,0.0,0.0,11.109820556640624
00014.14,0.0,0.0,0.0,0.0,0.0,0.0,0.125,0.0,17.75,15.5,0.0,0.0,11.160080322265625
00014.16,0.0,0.0,0.0,0.0,0.0,0.0,0.125,0.0,17.875,15.625,0.0,0.0,11.134950439453124
00014.18,0.0,0.0,0.0,0.0,0.0,0.0,0.125,0.0,17.875,15.75,0.0,0.0,11.12866796875
000014.2,0.0,0.0,0.0,0.0,0.0,0.0,0.125,0.0,17.875,15.625,0.0,0.0,11.160080322265625
00014.22,0.0,0.0,0.0,0.0,0.0,0.0,0.125,0.0,17.25,15.375,0.0,0.0,11.273164794921875
00014.24,0.0,0.0,0.0,0.0,0.0,0.0,0.0,0.0,16.25,14.625,0.0,0.0,11.273164794921875
00014.26,0.0,0.0,0.0,0.0,0.0,0.0,0.0,0.0,15.25,13.75,0.0,0.0,11.310859619140624
00014.28,0.0,0.0,0.0,0.0,0.0,0.0,0.0,0.0,14.5,13.125,0.0,0.0,11.342271972656249
000014.3,0.0,0.0,0.0,0.0,0.0,0.0,0.125,0.0,13.625,12.5,0.0,0.0,11.474203857421875
00014.32,0.0,0.0,0.0,0.0,0.0,0.0,0.125,0.0,12.25,12.5,0.0,0.0,11.61870068359375
00014.34,0.0,0.0,0.0,0.0,0.0,0.0,0.125,0.0,10.0,8.875,0.0,0.0,11.763197509765625
00014.36,0.0,0.0,0.0,0.0,0.0,0.0,0.125,0.0,7.125,6.5,0.0,0.0,11.86999951171875
00014.38,0.0,0.0,0.0,0.0,0.0,0.0,0.125,0.0,4.5,6.5,0.0,0.0,11.9579541015625
000014.4,0.0,0.0,0.0,0.0,0.0,0.0,0.125,0.0,4.5,4.375,0.0,0.0,12.001931396484375
000014.4,0.0,0.0,0.0,0.0,0.0,0.0,0.125,0.0,2.75,2.75,0.0,0.0,12.039626220703125
00014.42,0.0,0.0,0.0,0.0,0.0,0.0,0.125,0.0,1.375,1.5,0.0,0.0,12.077321044921874
00014.44,0.0,0.0,0.0,0.0,0.0,0.0,0.125,0.0,0.5,0.625,0.0,0.0,12.089885986328124
00014.46,0.0,0.0,0.0,0.0,0.0,0.0,0.125,0.0,0.125,0.125,0.0,0.0,12.083603515624999
00014.48,0.0,0.0,0.0,0.0,0.0,0.0,0.125,0.0,0.0,0.0,0.0,0.0,12.096168457031249
000014.5,0.0,0.0,0.0,0.0,0.0,0.0,0.125,0.0,0.0,0.0,0.0,0.0,12.089885986328124
00014.52,0.0,0.0,0.0,0.0,0.0,0.0,0.125,0.0,0.0,0.0,0.0,0.0,12.096168457031249
00014.54,0.0,0.0,0.0,0.0,0.0,0.0,0.125,0.0,0.0,0.0,0.0,0.0,12.102450927734374
00014.56,0.0,0.0,0.0,0.0,0.0,0.0,0.125,0.0,0.0,0.0,0.0,0.0,12.102450927734374
00014.58,0.0,0.0,0.0,0.0,0.0,0.0,0.125,0.0,0.0,0.0,0.0,0.0,12.127580810546874
000014.6,0.0,0.0,0.0,0.0,0.0,0.0,0.125,0.0,0.0,0.0,0.0,0.0,12.108733398437499
00014.62,0.0,0.0,0.0,0.0,0.0,0.0,0.125,0.0,0.0,0.0,0.0,0.0,12.121298339843749
00014.64,0.0,0.0,0.0,0.0,0.0,0.0,0.125,0.0,0.0,0.0,0.0,0.0,12.121298339843749
00014.66,0.0,0.0,0.0,0.0,0.0,0.0,0.125,0.0,0.0,0.0,0.0,0.0,12.127580810546874
00014.68,0.0,0.0,0.0,0.0,0.0,0.0,0.125,0.0,0.0,0.0,0.0,0.0,12.13386328125
000014.7,0.0,0.0,0.0,0.0,0.0,0.0,0.125,0.0,0.0,0.0,0.0,0.0,12.127580810546874
00014.72,0.0,0.0,0.0,0.0,0.0,0.0,0.125,0.0,0.0,0.0,0.0,0.0,12.13386328125
00014.74,0.0,0.0,0.0,0.0,0.0,0.0,0.125,0.0,0.0,0.0,0.0,0.0,12.14642822265625
00014.76,0.0,0.0,0.0,0.0,0.0,0.0,0.125,0.0,0.0,0.0,0.0,0.0,12.140145751953124
00014.78,0.0,0.0,0.0,0.0,0.0,0.0,0.125,0.0,0.0,0.0,0.0,0.0,12.14642822265625
00014.78,0.0,0.0,0.0,0.0,0.0,0.0,0.125,0.0,0.0,0.0,0.0,0.0,12.121298339843749
000014.8,0.0,0.0,0.0,0.0,0.0,0.0,0.125,0.0,0.0,0.0,0.0,0.0,12.13386328125
00014.82,0.0,0.0,0.0,0.0,0.0,0.0,0.125,0.0,0.0,0.0,0.0,0.0,12.14642822265625
00014.84,0.0,0.0,0.0,0.0,0.0,0.0,0.125,0.0,0.0,0.0,0.0,0.0,12.140145751953124
00014.86,0.0,0.0,0.0,0.0,0.0,0.0,0.125,0.0,0.0,0.0,0.0,0.0,12.140145751953124
00014.88,0.0,0.0,0.0,0.0,0.0,0.0,0.125,0.0,0.0,0.0,0.0,0.0,12.140145751953124
000014.9,0.0,0.0,0.0,0.0,0.0,0.0,0.125,0.0,0.0,0.0,0.0,0.0,12.140145751953124
00014.92,0.0,0.0,0.0,0.0,0.0,0.0,0.125,0.0,0.0,0.0,0.0,0.0,12.13386328125
00014.96,0.0,0.0,0.0,0.0,0.0,0.0,0.125,0.0,0.0,0.0,0.0,0.0,12.14642822265625
00014.98,0.0,0.0,0.0,0.0,0.0,0.0,0.125,0.0,0.0,0.0,0.0,0.0,12.14642822265625
000015.0,0.0,0.0,0.0,0.0,0.0,0.0,0.125,0.0,0.0,0.0,0.0,0.0,12.152710693359374
00015.02,0.0,0.0,0.0,0.0,0.0,0.0,0.125,0.0,0.0,0.0,0.0,0.0,12.1589931640625
00015.04,0.0,0.0,0.0,0.0,0.0,0.0,0.125,0.0,0.0,0.0,0.0,0.0,12.1589931640625
00015.06,0.0,0.0,0.0,0.0,0.0,0.0,0.125,0.0,0.0,0.0,0.0,0.0,12.165275634765624
00015.08,0.0,0.0,0.0,0.0,0.0,0.0,0.125,0.0,0.0,0.0,0.0,0.0,12.1589931640625
000015.1,0.0,0.0,0.0,0.0,0.0,0.0,0.125,0.0,0.0,0.0,0.0,0.0,12.165275634765624
00015.12,0.0,0.0,0.0,0.0,0.0,0.0,0.125,0.0,0.0,0.0,0.0,0.0,12.165275634765624
00015.14,0.0,0.0,0.0,0.0,0.0,0.0,0.125,0.0,0.0,0.0,0.0,0.0,12.1589931640625
00015.16,0.0,0.0,0.0,0.0,0.0,0.0,0.125,0.0,0.0,0.0,0.0,0.0,12.17155810546875
00015.18,0.0,0.0,0.0,0.0,0.0,0.0,0.125,0.0,0.0,0.0,0.0,0.0,12.152710693359374
000015.2,0.0,0.0,0.0,0.0,0.0,0.0,0.125,0.0,0.0,0.0,0.0,0.0,12.1589931640625
00015.22,0.0,0.0,0.0,0.0,0.0,0.0,0.125,0.0,0.0,0.0,0.0,0.0,12.1589931640625
00015.24,0.0,0.0,0.0,0.0,0.0,0.0,0.125,0.0,0.0,0.0,0.0,0.0,12.165275634765624
00015.26,0.0,0.0,0.0,0.0,0.0,0.0,0.125,0.0,0.0,0.0,0.0,0.0,12.1589931640625
00015.28,0.0,0.0,0.0,0.0,0.0,0.0,0.125,0.0,0.0,0.0,0.0,0.0,12.165275634765624
000015.3,0.0,0.0,0.0,0.0,0.0,0.0,0.125,0.0,0.0,0.0,0.0,0.0,12.165275634765624
00015.32,0.0,0.0,0.0,0.0,0.0,0.0,0.125,0.0,0.0,0.0,0.0,0.0,12.1589931640625
00015.34,0.0,0.0,0.0,0.0,0.0,0.0,0.125,0.0,0.0,0.0,0.0,0.0,12.1589931640625
00015.36,0.0,0.0,0.0,0.0,0.0,0.0,0.125,0.0,0.0,0.0,0.0,0.0,12.165275634765624
00015.38,0.0,0.0,0.0,0.0,0.0,0.0,0.125,0.0,0.0,0.0,0.0,0.0,12.184123046875
000015.4,0.0,0.0,0.0,0.0,0.0,0.0,0.125,0.0,0.0,0.0,0.0,0.0,12.17155810546875
00015.42,0.0,0.0,0.0,0.0,0.0,0.0,0.125,0.0,0.0,0.0,0.0,0.0,12.177840576171874
00015.44,0.0,0.0,0.0,0.0,0.0,0.0,0.125,0.0,0.0,0.0,0.0,0.0,12.17155810546875
00015.46,0.0,0.0,0.0,0.0,0.0,0.0,0.125,0.0,0.0,0.0,0.0,0.0,12.17155810546875
