Time, L1-AMPERAGE, L2-AMPERAGE,L3-AMPERAGE,L4-AMPERAGE,R1-AMPERAGE,R2-AMPERAGE,R3-AMPERAGE,R4-AMPERAGE, BATTERY
000000.0,0.0,0.0,0.0,0.0,0.0,0.0,0.125,0.0,12.435421875
00000.14,0.0,0.0,0.0,0.0,0.0,0.0,0.125,0.0,12.42285693359375
00000.16,0.0,0.0,0.0,0.0,0.0,0.0,0.125,0.0,12.435421875
000000.2,0.0,0.0,0.0,0.0,0.0,0.0,0.125,0.0,12.435421875
00000.22,0.0,0.0,0.0,0.0,0.0,0.0,0.125,0.0,12.435421875
00000.24,0.0,0.0,0.0,0.0,0.0,0.0,0.125,0.0,12.44798681640625
00000.26,0.0,0.0,0.0,0.0,0.0,0.0,0.125,0.0,12.44798681640625
00000.28,0.0,0.0,0.0,0.0,0.0,0.0,0.125,0.0,12.441704345703124
000000.3,0.0,0.0,0.0,0.0,0.0,0.0,0.125,0.0,12.435421875
00000.32,0.0,0.0,0.0,0.0,0.0,0.0,0.125,0.0,12.44798681640625
00000.34,0.0,0.0,0.0,0.0,0.0,0.0,0.125,0.0,12.44798681640625
00000.36,0.0,0.0,0.0,0.0,0.0,0.0,0.125,0.0,12.441704345703124
00000.38,0.0,0.0,0.0,0.0,0.0,0.0,0.125,0.0,12.441704345703124
000000.4,0.0,0.0,0.0,0.0,0.0,0.0,0.125,0.0,12.44798681640625
00000.42,0.0,0.0,0.0,0.0,0.0,0.0,0.125,0.0,12.4605517578125
00000.44,0.0,0.0,0.0,0.0,0.0,0.0,0.125,0.0,12.44798681640625
00000.46,0.0,0.0,0.0,0.0,0.0,0.0,0.125,0.0,12.454269287109375
00000.48,0.0,0.0,0.0,0.0,0.0,0.0,0.125,0.0,12.454269287109375
000000.5,0.0,0.0,0.0,0.0,0.0,0.0,0.125,0.0,12.44798681640625
00000.52,0.0,0.0,0.0,0.0,0.0,0.0,0.125,0.0,12.435421875
00000.54,0.0,0.0,0.0,0.0,0.0,0.0,0.125,0.0,12.441704345703124
00000.56,0.0,0.0,0.0,0.0,0.0,0.0,0.125,0.0,12.42285693359375
00000.58,0.0,0.0,0.0,0.0,0.0,0.0,0.125,0.0,12.441704345703124
000000.6,0.0,0.0,0.0,0.0,0.0,0.0,0.125,0.0,12.441704345703124
00000.62,0.0,0.0,0.0,0.0,0.0,0.0,0.125,0.0,12.435421875
00000.64,0.0,0.0,0.0,0.0,0.0,0.0,0.125,0.0,12.454269287109375
00000.68,0.0,0.0,0.0,0.0,0.0,0.0,0.125,0.0,12.454269287109375
000000.7,0.0,0.0,0.0,0.0,0.0,0.0,0.125,0.0,12.441704345703124
00000.72,0.0,0.0,0.0,0.0,0.0,0.0,0.125,0.0,12.441704345703124
00000.74,0.0,0.0,0.0,0.0,0.0,0.0,0.125,0.0,12.435421875
00000.76,0.0,0.0,0.0,0.0,0.0,0.0,0.125,0.0,12.441704345703124
00000.78,0.0,0.0,0.0,0.0,0.0,0.0,0.125,0.0,12.435421875
000000.8,0.0,0.0,0.0,0.0,0.0,0.0,0.125,0.0,12.441704345703124
00000.82,0.0,0.0,0.0,0.0,0.0,0.0,0.125,0.0,12.454269287109375
00000.84,0.0,0.0,0.0,0.0,0.0,0.0,0.125,0.0,12.44798681640625
00000.86,0.0,0.0,0.0,0.0,0.0,0.0,0.125,0.0,12.44798681640625
00000.88,0.0,0.0,0.0,0.0,0.0,0.0,0.125,0.0,12.441704345703124
000000.9,0.0,0.0,0.0,0.0,0.0,0.0,0.125,0.0,12.435421875
00000.92,0.0,0.0,0.0,0.0,0.0,0.0,0.125,0.0,12.4102919921875
00000.96,0.0,0.0,0.0,0.0,0.0,0.0,0.125,0.0,12.404009521484374
00000.98,0.0,0.0,0.0,0.0,0.0,0.0,0.125,0.0,12.378879638671874
000001.0,0.0,0.0,0.0,0.0,0.0,0.0,0.125,0.0,12.372597167968749
00001.02,0.125,0.0,0.0,0.0,0.125,0.0,0.125,0.0,12.385162109374999
00001.04,0.125,0.0,0.0,0.0,0.125,0.0,0.125,0.0,12.385162109374999
00001.06,0.125,0.0,0.0,0.125,0.125,0.0,0.125,0.0,12.378879638671874
000001.1,0.0,0.0,0.0,0.0,0.125,0.0,0.125,0.0,12.378879638671874
00001.12,0.0,0.0,0.0,0.0,0.125,0.0,0.125,0.0,12.385162109374999
00001.14,0.0,0.0,0.0,0.125,0.125,0.0,0.125,0.0,12.372597167968749
00001.16,0.0,0.0,0.0,0.125,0.125,0.0,0.125,0.0,12.391444580078124
00001.18,0.0,0.0,0.0,0.125,0.125,0.0,0.125,0.0,12.391444580078124
000001.2,0.0,0.0,0.0,0.125,0.125,0.0,0.125,0.0,12.378879638671874
00001.22,0.0,0.0,0.0,0.0,0.125,0.0,0.125,0.0,12.385162109374999
00001.24,0.0,0.0,0.0,0.0,0.0,0.0,0.125,0.0,12.391444580078124
00001.26,0.0,0.0,0.0,0.0,0.0,0.0,0.125,0.0,12.372597167968749
00001.28,0.0,0.0,0.0,0.0,0.125,0.0,0.125,0.0,12.353749755859374
000001.3,0.125,0.0,0.0,0.125,0.125,0.0,0.125,0.0,12.303489990234375
00001.34,0.125,0.0,0.125,0.125,0.25,0.125,0.125,0.0,12.3097724609375
00001.36,0.25,0.0,0.375,0.375,0.5,0.25,0.125,0.0,12.115015869140624
00001.38,0.75,0.0,0.625,0.625,0.875,0.5,0.125,0.25,12.1589931640625
000001.4,1.125,0.25,1.0,1.125,1.625,0.875,0.25,0.5,12.190405517578125
00001.42,1.375,0.375,1.125,1.25,1.5,1.0,0.25,0.5,12.215535400390625
00001.44,1.0,0.25,0.75,1.0,1.125,0.75,0.25,0.25,12.2343828125
00001.48,0.875,0.25,0.625,0.625,0.875,0.625,0.25,0.25,12.24694775390625
000001.5,0.75,0.25,0.5,0.625,0.75,0.5,0.25,0.0,12.24694775390625
00001.52,0.625,0.25,0.5,0.375,0.5,0.375,0.125,0.0,12.290925048828125
00001.56,0.5,0.25,0.375,0.375,0.25,0.25,0.125,0.0,12.290925048828125
00001.58,0.25,0.25,0.125,0.125,0.25,0.125,0.125,0.0,12.290925048828125
00001.62,0.5,0.25,0.125,0.125,0.25,0.25,0.125,0.0,12.284642578125
00001.64,0.5,0.25,0.125,0.125,0.25,0.25,0.125,0.0,12.29720751953125
00001.66,0.5,0.25,0.125,0.125,0.25,0.25,0.125,0.0,12.290925048828125
00001.68,0.5,0.25,0.125,0.375,0.25,0.25,0.125,0.0,12.284642578125
000001.7,0.5,0.25,0.125,0.375,0.25,0.25,0.125,0.0,12.278360107421875
00001.72,0.25,0.25,0.375,0.375,0.25,0.125,0.125,0.0,12.284642578125
00001.74,0.5,0.25,0.125,0.375,0.25,0.125,0.125,0.0,12.284642578125
00001.76,0.5,0.25,0.375,0.375,0.25,0.125,0.125,0.0,12.278360107421875
00001.78,0.5,0.25,0.375,0.375,0.25,0.125,0.125,0.0,12.27207763671875
000001.8,0.5,0.25,0.375,0.375,0.25,0.125,0.125,0.0,12.27207763671875
00001.82,0.5,0.25,0.375,0.375,0.25,0.125,0.125,0.0,12.265795166015625
00001.84,0.5,0.25,0.375,0.375,0.25,0.125,0.125,0.0,12.278360107421875
00001.86,0.5,0.25,0.375,0.375,0.25,0.125,0.125,0.0,12.265795166015625
000001.9,0.5,0.25,0.375,0.375,0.25,0.125,0.125,0.0,12.278360107421875
00001.92,0.5,0.25,0.375,0.375,0.25,0.125,0.125,0.0,12.27207763671875
00001.94,0.5,0.25,0.375,0.375,0.25,0.125,0.125,0.0,12.265795166015625
00001.96,0.5,0.25,0.375,0.375,0.25,0.125,0.125,0.0,12.2595126953125
00001.98,0.5,0.25,0.375,0.375,0.25,0.125,0.125,0.0,12.278360107421875
000002.0,0.5,0.25,0.125,0.375,0.25,0.25,0.125,0.0,12.278360107421875
00002.02,0.5,0.25,0.125,0.375,0.25,0.25,0.125,0.0,12.284642578125
00002.04,0.5,0.25,0.375,0.375,0.25,0.25,0.125,0.0,12.290925048828125
00002.08,0.5,0.25,0.375,0.375,0.25,0.25,0.125,0.0,12.284642578125
000002.1,0.5,0.25,0.375,0.375,0.25,0.25,0.125,0.0,12.27207763671875
00002.12,0.5,0.25,0.375,0.375,0.25,0.25,0.125,0.0,12.265795166015625
00002.14,0.5,0.25,0.375,0.375,0.25,0.125,0.125,0.0,12.265795166015625
00002.16,0.5,0.25,0.375,0.375,0.25,0.125,0.125,0.0,12.265795166015625
00002.18,0.5,0.25,0.375,0.375,0.25,0.125,0.125,0.0,12.2595126953125
000002.2,0.5,0.25,0.375,0.375,0.25,0.25,0.125,0.0,12.265795166015625
00002.22,0.5,0.25,0.375,0.375,0.25,0.25,0.125,0.0,12.253230224609375
00002.24,0.5,0.25,0.375,0.375,0.25,0.125,0.125,0.0,12.2595126953125
00002.28,0.5,0.25,0.375,0.375,0.25,0.125,0.125,0.0,12.253230224609375
000002.3,0.5,0.25,0.375,0.375,0.25,0.125,0.125,0.0,12.2595126953125
00002.32,0.5,0.25,0.375,0.375,0.25,0.25,0.125,0.0,12.265795166015625
00002.34,0.5,0.25,0.125,0.375,0.25,0.125,0.125,0.0,12.265795166015625
00002.36,0.5,0.25,0.125,0.375,0.25,0.125,0.125,0.0,12.253230224609375
00002.38,0.5,0.25,0.125,0.375,0.25,0.125,0.125,0.0,12.2595126953125
000002.4,0.5,0.25,0.375,0.375,0.25,0.25,0.125,0.0,12.278360107421875
00002.42,0.5,0.25,0.375,0.375,0.25,0.25,0.125,0.0,12.2595126953125
00002.46,0.5,0.25,0.375,0.375,0.25,0.25,0.125,0.0,12.284642578125
00002.48,0.5,0.25,0.375,0.375,0.25,0.25,0.125,0.0,12.278360107421875
000002.5,0.5,0.25,0.375,0.375,0.25,0.25,0.125,0.0,12.265795166015625
00002.52,0.5,0.25,0.375,0.375,0.25,0.25,0.125,0.0,12.2595126953125
00002.54,0.5,0.25,0.375,0.375,0.25,0.25,0.125,0.0,12.253230224609375
00002.56,0.5,0.25,0.375,0.375,0.25,0.25,0.125,0.0,12.265795166015625
00002.58,0.25,0.25,0.375,0.375,0.25,0.125,0.125,0.0,12.32233740234375
00002.62,0.25,0.25,0.375,0.375,0.25,0.125,0.125,0.0,12.316054931640625
00002.64,0.125,0.25,0.375,0.375,0.0,0.0,0.125,0.0,12.42285693359375
00002.66,0.0,0.0,0.0,0.0,0.0,0.0,0.125,0.0,12.366314697265624
00002.68,0.0,0.0,0.0,0.0,0.0,0.0,0.125,0.0,12.39772705078125
00002.72,0.0,0.0,0.0,0.0,0.0,0.0,0.125,0.0,12.391444580078124
00002.74,0.0,0.0,0.0,0.0,0.0,0.0,0.125,0.0,12.391444580078124
00002.76,0.0,0.0,0.0,0.0,0.0,0.0,0.125,0.0,12.39772705078125
00002.78,0.0,0.0,0.0,0.0,0.0,0.0,0.125,0.0,12.39772705078125
000002.8,0.0,0.0,0.0,0.0,0.0,0.0,0.125,0.0,12.404009521484374
00002.82,0.0,0.0,0.0,0.0,0.0,0.0,0.125,0.0,12.39772705078125
00002.84,0.0,0.0,0.0,0.0,0.0,0.0,0.125,0.0,12.4102919921875
00002.88,0.0,0.0,0.0,0.0,0.0,0.0,0.125,0.0,12.39772705078125
000002.9,0.0,0.0,0.0,0.0,0.0,0.0,0.125,0.0,12.353749755859374
00002.92,0.0,0.0,0.0,0.0,0.25,0.0,0.125,0.0,12.228100341796875
00002.94,0.375,0.0,0.125,0.0,1.25,0.125,0.125,0.0,11.99564892578125
00002.96,1.25,0.0,0.5,1.0,2.0,1.625,0.75,0.875,11.97051904296875
00002.98,2.375,0.25,2.125,1.75,2.75,2.0,0.875,1.625,11.6563955078125
00003.02,4.625,0.625,2.875,2.75,5.5,2.75,1.125,3.0,11.2291875
00003.04,7.375,1.125,3.875,5.375,7.75,5.125,2.125,3.75,10.745437255859375
00003.06,9.75,2.0,7.5,7.375,9.875,6.5,2.875,7.0,10.32451171875
000003.1,12.75,2.625,9.0,9.875,12.5,7.625,3.625,9.0,9.7967841796875
00003.12,15.5,2.625,11.0,12.0,16.5,9.125,4.875,11.75,9.369576171875
00003.14,22.75,3.75,13.75,17.375,22.75,6.75,8.0,15.0,9.72139453125
00003.18,24.5,4.75,17.625,19.25,19.875,3.625,8.75,21.375,9.90986865234375
000003.2,23.25,4.625,17.375,19.5,14.875,0.5,9.25,22.875,10.274251953124999
00003.22,19.5,3.5,15.875,17.625,7.25,0.25,8.5,20.25,10.192579833984375
00003.24,17.0,2.0,13.75,15.75,8.125,0.25,8.125,20.25,10.418748779296875
00003.28,14.875,1.5,10.25,12.5,7.75,0.125,7.125,19.0,10.632352783203125
000003.3,12.25,1.125,9.25,11.375,7.25,0.125,6.875,21.375,10.582093017578124
00003.32,11.5,0.625,8.25,10.75,4.25,0.125,7.75,22.625,10.946476318359375
00003.34,10.5,0.375,7.625,9.5,3.625,0.375,7.75,20.625,10.4501611328125
00003.36,9.75,0.375,5.5,8.75,4.0,0.375,8.0,21.375,10.795697021484374
00003.38,9.5,0.625,5.0,8.75,4.5,0.25,8.5,21.125,10.682612548828125
00003.42,9.25,0.375,4.75,8.125,4.5,0.125,8.5,22.375,10.607222900390624
00003.44,9.25,0.25,4.375,7.875,3.875,0.125,8.125,22.75,10.908781494140625
00003.46,9.375,0.25,3.75,7.75,3.875,0.125,8.125,21.0,10.58837548828125
00003.48,9.125,0.375,3.75,7.25,3.625,0.125,8.375,21.0,10.632352783203125
00003.52,9.125,0.375,3.875,7.25,2.625,0.125,9.25,19.5,10.732872314453125
00003.54,8.875,0.375,4.125,6.75,3.0,0.375,8.5,19.5,10.582093017578124
00003.58,8.875,0.25,3.875,6.375,3.125,0.25,8.5,20.125,10.682612548828125
000003.6,8.5,0.25,3.75,6.25,3.25,0.125,8.75,20.25,11.109820556640624
00003.62,4.75,0.25,3.0,5.875,2.0,0.125,7.5,19.5,11.94538916015625
00003.64,1.75,0.0,1.625,1.75,1.0,0.0,3.75,16.125,12.617613525390624
00003.68,0.0,0.0,0.0,0.0,0.5,0.0,2.125,5.125,13.157906005859374
000003.7,0.0,0.0,0.0,0.0,0.125,0.0,0.625,1.625,13.22701318359375
00003.72,0.25,0.0,0.0,0.0,0.0,0.0,0.0,0.0,12.04590869140625
00003.74,4.125,0.375,0.625,0.0,0.125,0.0,0.0,0.25,10.858521728515624
00003.76,10.0,0.375,3.625,2.25,3.625,1.875,1.125,2.875,9.83447900390625
00003.78,17.25,4.125,7.375,6.5,8.875,4.875,3.25,6.25,9.551767822265624
000003.8,22.875,5.625,11.125,10.5,15.25,8.875,5.25,10.0,9.137124755859375
00003.82,26.25,7.0,14.25,13.875,20.75,11.625,6.75,13.25,8.60311474609375
00003.84,28.75,8.625,16.375,16.0,24.5,13.875,7.75,15.5,8.534007568359375
00003.86,28.875,9.625,18.75,18.375,25.75,13.375,8.875,18.375,9.10571240234375
00003.88,27.125,9.5,19.625,19.875,19.375,11.375,10.125,21.375,9.570615234375
000003.9,23.5,8.75,19.25,19.0,11.75,8.125,9.875,24.625,9.941281005859375
00003.94,19.75,5.75,14.75,16.625,4.875,2.75,9.125,25.0,10.406183837890625
00003.96,17.25,3.875,12.625,14.375,2.375,1.25,9.0,22.875,10.261687011718749
00003.98,15.25,2.25,10.125,12.375,1.5,1.0,10.0,22.375,10.381053955078125
000004.0,13.5,1.5,8.75,10.875,1.625,0.625,10.0,22.75,10.695177490234375
00004.02,12.375,1.125,7.875,9.875,1.5,0.625,9.875,22.75,10.808261962890624
00004.04,11.75,1.0,6.875,8.875,1.5,0.5,9.125,20.875,10.42503125
00004.06,11.125,1.0,6.25,8.125,1.375,0.75,9.625,21.0,10.789414550781249
00004.08,10.625,1.0,5.5,7.875,1.375,0.875,9.625,20.75,10.594657958984374
000004.1,10.0,0.625,5.0,6.875,1.5,0.875,10.5,21.25,10.538115722656249
00004.12,9.5,0.625,4.625,6.125,1.125,0.75,10.5,20.875,10.644917724609375
00004.14,9.0,0.625,4.25,5.375,1.375,0.5,9.625,19.625,10.66376513671875
00004.16,8.875,0.625,4.0,5.375,1.5,0.625,9.5,20.375,10.66376513671875
00004.18,8.75,0.375,3.75,5.25,1.375,0.5,10.125,20.125,10.908781494140625
000004.2,8.75,0.375,3.375,4.75,1.125,0.375,10.125,21.625,10.908781494140625
00004.22,8.5,0.375,3.125,4.75,1.125,0.25,10.125,21.0,10.619787841796875
00004.24,8.5,0.375,2.875,5.0,1.0,0.375,10.5,21.25,10.670047607421875
00004.28,8.5,0.25,2.75,4.625,1.625,0.25,9.625,22.125,10.845956787109374
000004.3,8.5,0.375,2.875,4.75,1.5,0.25,9.5,22.125,10.770567138671874
00004.32,8.5,0.375,2.625,4.625,0.75,0.125,10.125,21.0,10.676330078125
00004.34,8.5,0.375,2.625,5.0,1.125,0.125,10.125,20.125,10.68889501953125
00004.36,8.75,0.375,2.625,5.125,1.5,0.125,9.0,20.875,10.896216552734375
00004.38,8.75,0.375,2.75,4.625,1.125,0.25,9.25,20.375,10.92762890625
00004.42,8.75,0.375,2.875,4.375,1.5,0.375,9.875,21.25,10.795697021484374
00004.44,8.875,0.25,2.75,4.5,1.375,0.375,10.125,21.375,10.984171142578125
00004.46,7.125,0.25,1.875,3.875,1.0,0.5,9.75,19.0,11.66896044921875
00004.48,4.875,0.0,1.25,2.875,0.75,0.25,7.75,15.25,12.360032226562499
000004.5,0.0,0.0,0.125,0.0,0.25,0.0,3.375,10.375,12.956866943359374
00004.52,0.0,0.0,0.0,0.0,0.0,0.0,0.75,5.0,13.208165771484374
00004.54,0.0,0.0,0.0,0.0,0.0,0.0,0.0,2.0,12.79980517578125
00004.56,0.0,0.0,0.0,0.0,0.0,0.0,0.0,0.0,12.253230224609375
000004.6,0.0,0.0,0.0,0.0,0.0,0.0,0.0,0.0,12.202970458984375
00004.62,0.0,0.0,0.0,0.0,0.0,0.0,0.125,0.0,12.190405517578125
00004.64,0.0,0.0,0.0,0.0,0.0,0.0,0.125,0.0,12.184123046875
00004.66,0.0,0.0,0.0,0.0,0.0,0.0,0.125,0.0,12.190405517578125
00004.68,0.0,0.0,0.0,0.0,0.0,0.0,0.125,0.0,12.190405517578125
000004.7,0.0,0.0,0.0,0.0,0.0,0.0,0.125,0.0,12.184123046875
00004.72,0.0,0.0,0.0,0.0,0.0,0.0,0.125,0.0,12.19668798828125
00004.74,0.0,0.0,0.0,0.0,0.0,0.0,0.125,0.0,12.2092529296875
00004.76,0.0,0.0,0.0,0.0,0.0,0.0,0.125,0.0,12.202970458984375
00004.78,0.0,0.0,0.0,0.0,0.0,0.0,0.125,0.0,12.215535400390625
000004.8,0.0,0.0,0.0,0.0,0.0,0.0,0.125,0.0,12.202970458984375
00004.82,0.0,0.0,0.0,0.0,0.0,0.0,0.125,0.0,12.215535400390625
00004.84,0.0,0.0,0.0,0.0,0.0,0.0,0.125,0.0,12.202970458984375
00004.86,0.0,0.0,0.0,0.0,0.125,0.0,0.125,0.0,12.077321044921874
00004.88,0.125,0.0,0.0,0.0,0.625,0.25,0.125,0.0,12.127580810546874
000004.9,0.375,0.0,0.125,0.125,0.75,0.375,0.25,0.25,12.165275634765624
00004.92,0.125,0.0,0.375,0.125,0.75,0.375,0.375,0.25,12.190405517578125
00004.94,0.0,0.0,0.125,0.0,0.375,0.125,0.25,0.25,12.19668798828125
00004.96,0.0,0.0,0.0,0.0,0.25,0.0,0.125,0.0,12.19668798828125
00004.98,0.0,0.0,0.0,0.0,0.125,0.0,0.125,0.0,12.19668798828125
000005.0,0.0,0.0,0.0,0.0,0.125,0.0,0.125,0.0,12.202970458984375
00005.02,0.0,0.0,0.0,0.0,0.125,0.0,0.125,0.0,12.202970458984375
00005.06,0.0,0.0,0.0,0.0,0.125,0.0,0.125,0.0,12.215535400390625
00005.08,0.0,0.0,0.0,0.0,0.125,0.0,0.125,0.0,12.202970458984375
000005.1,0.0,0.0,0.0,0.0,0.125,0.0,0.125,0.0,12.19668798828125
00005.12,0.0,0.0,0.0,0.0,0.125,0.0,0.125,0.0,12.228100341796875
00005.14,0.0,0.0,0.0,0.0,0.125,0.0,0.125,0.0,12.228100341796875
00005.14,0.0,0.0,0.0,0.0,0.125,0.0,0.125,0.0,12.215535400390625
00005.18,0.0,0.0,0.0,0.0,0.125,0.0,0.125,0.0,12.228100341796875
00005.18,0.0,0.0,0.0,0.0,0.125,0.0,0.125,0.0,12.240665283203125
000005.2,0.0,0.0,0.0,0.0,0.125,0.0,0.125,0.0,12.22181787109375
00005.22,0.0,0.0,0.0,0.0,0.125,0.0,0.125,0.0,12.228100341796875
00005.24,0.0,0.0,0.0,0.0,0.125,0.0,0.125,0.0,12.22181787109375
00005.26,0.0,0.0,0.0,0.0,0.125,0.0,0.125,0.0,12.228100341796875
00005.28,0.0,0.0,0.0,0.0,0.125,0.0,0.125,0.0,12.228100341796875
000005.3,0.0,0.0,0.0,0.0,0.125,0.0,0.125,0.0,12.228100341796875
00005.32,0.0,0.0,0.0,0.0,0.125,0.0,0.125,0.0,12.2092529296875
00005.34,0.0,0.0,0.0,0.0,0.125,0.0,0.125,0.0,12.228100341796875
00005.36,0.0,0.0,0.0,0.0,0.125,0.0,0.125,0.0,12.228100341796875
00005.38,0.0,0.0,0.0,0.0,0.125,0.0,0.125,0.0,12.228100341796875
000005.4,0.0,0.0,0.0,0.0,0.125,0.0,0.125,0.0,12.228100341796875
00005.42,0.0,0.0,0.0,0.0,0.125,0.0,0.125,0.0,12.228100341796875
00005.44,0.0,0.0,0.0,0.0,0.125,0.0,0.125,0.0,12.240665283203125
00005.48,0.0,0.0,0.0,0.0,0.125,0.0,0.125,0.0,12.228100341796875
000005.5,0.0,0.0,0.0,0.0,0.125,0.0,0.125,0.0,12.2343828125
00005.52,0.0,0.0,0.0,0.0,0.125,0.0,0.125,0.0,12.240665283203125
00005.54,0.0,0.0,0.0,0.0,0.125,0.0,0.125,0.0,12.24694775390625
00005.56,0.0,0.0,0.0,0.0,0.125,0.0,0.125,0.0,12.24694775390625
00005.58,0.0,0.0,0.0,0.0,0.125,0.0,0.125,0.0,12.24694775390625
000005.6,0.0,0.0,0.0,0.0,0.125,0.0,0.125,0.0,12.2595126953125
00005.62,0.0,0.0,0.0,0.0,0.125,0.0,0.125,0.0,12.24694775390625
00005.64,0.0,0.0,0.0,0.0,0.125,0.0,0.125,0.0,12.253230224609375
00005.66,0.0,0.0,0.0,0.0,0.125,0.0,0.125,0.0,12.24694775390625
000005.7,0.0,0.0,0.0,0.0,0.125,0.0,0.125,0.0,12.240665283203125
00005.72,0.0,0.0,0.0,0.0,0.125,0.0,0.125,0.0,12.2343828125
00005.74,0.0,0.0,0.0,0.0,0.125,0.0,0.125,0.0,12.24694775390625
00005.76,0.0,0.0,0.0,0.0,0.125,0.0,0.125,0.0,12.24694775390625
00005.78,0.0,0.0,0.0,0.0,0.125,0.0,0.125,0.0,12.24694775390625
00005.78,0.0,0.0,0.0,0.0,0.125,0.0,0.125,0.0,12.253230224609375
000005.8,0.0,0.0,0.0,0.0,0.125,0.0,0.125,0.0,12.2343828125
00005.82,0.0,0.0,0.0,0.0,0.125,0.0,0.125,0.0,12.253230224609375
00005.84,0.0,0.0,0.0,0.0,0.125,0.0,0.125,0.0,12.253230224609375
00005.86,0.0,0.0,0.0,0.0,0.125,0.0,0.125,0.0,12.24694775390625
00005.88,0.0,0.0,0.0,0.0,0.125,0.0,0.125,0.0,12.24694775390625
000005.9,0.0,0.0,0.0,0.0,0.125,0.0,0.125,0.0,12.265795166015625
00005.94,0.0,0.0,0.0,0.0,0.125,0.0,0.125,0.0,12.27207763671875
00005.96,0.0,0.0,0.0,0.0,0.125,0.0,0.125,0.0,12.290925048828125
00005.98,0.0,0.0,0.0,0.0,0.125,0.0,0.125,0.0,12.284642578125
000006.0,0.0,0.0,0.0,0.0,0.125,0.0,0.125,0.0,12.29720751953125
00006.02,0.0,0.0,0.0,0.0,0.0,0.0,0.125,0.0,12.284642578125
00006.04,0.0,0.0,0.0,0.0,0.0,0.0,0.125,0.0,12.29720751953125
00006.06,0.0,0.0,0.0,0.0,0.0,0.0,0.125,0.0,12.29720751953125
00006.08,0.0,0.0,0.0,0.0,0.0,0.0,0.125,0.0,12.29720751953125
000006.1,0.0,0.0,0.0,0.0,0.0,0.0,0.125,0.0,12.29720751953125
00006.12,0.0,0.0,0.0,0.0,0.0,0.0,0.125,0.0,12.284642578125
00006.14,0.0,0.0,0.0,0.0,0.0,0.0,0.125,0.0,12.278360107421875
00006.14,0.0,0.0,0.0,0.0,0.0,0.0,0.125,0.0,12.290925048828125
00006.18,0.0,0.0,0.0,0.0,0.0,0.0,0.125,0.0,12.29720751953125
000006.2,0.0,0.0,0.0,0.0,0.0,0.0,0.125,0.0,12.29720751953125
00006.22,0.0,0.0,0.0,0.0,0.0,0.0,0.125,0.0,12.24694775390625
00006.24,0.0,0.0,0.0,0.0,0.0,0.0,0.125,0.0,12.240665283203125
00006.26,0.0,0.0,0.0,0.0,0.0,0.0,0.125,0.0,12.24694775390625
00006.28,0.0,0.0,0.0,0.0,0.125,0.0,0.125,0.0,12.2595126953125
000006.3,0.0,0.0,0.0,0.0,0.125,0.0,0.125,0.0,12.265795166015625
00006.32,0.0,0.0,0.0,0.0,0.0,0.0,0.125,0.0,12.2595126953125
00006.34,0.0,0.0,0.0,0.0,0.0,0.0,0.125,0.0,12.290925048828125
00006.36,0.0,0.0,0.0,0.0,0.0,0.0,0.125,0.0,12.290925048828125
00006.38,0.0,0.0,0.0,0.0,0.0,0.0,0.125,0.0,12.290925048828125
000006.4,0.0,0.0,0.0,0.0,0.0,0.0,0.125,0.0,12.290925048828125
00006.42,0.0,0.0,0.0,0.0,0.0,0.0,0.125,0.0,12.29720751953125
00006.44,0.0,0.0,0.0,0.0,0.0,0.0,0.125,0.0,12.303489990234375
00006.46,0.0,0.0,0.0,0.0,0.0,0.0,0.125,0.0,12.303489990234375
00006.48,0.0,0.0,0.0,0.0,0.0,0.0,0.0,0.0,12.29720751953125
000006.5,0.0,0.0,0.0,0.0,0.0,0.0,0.0,0.0,12.303489990234375
00006.52,0.0,0.0,0.0,0.0,0.0,0.0,0.0,0.0,12.303489990234375
00006.56,0.0,0.0,0.0,0.0,0.0,0.0,0.125,0.0,12.290925048828125
00006.58,0.0,0.0,0.0,0.0,0.0,0.0,0.125,0.0,12.284642578125
000006.6,0.0,0.0,0.0,0.0,0.0,0.0,0.125,0.0,12.27207763671875
00006.62,0.0,0.0,0.0,0.0,0.0,0.0,0.125,0.0,12.284642578125
00006.64,0.0,0.0,0.0,0.0,0.0,0.0,0.125,0.0,12.290925048828125
00006.66,0.0,0.0,0.0,0.0,0.0,0.0,0.125,0.0,12.290925048828125
00006.68,0.0,0.0,0.0,0.0,0.0,0.0,0.125,0.0,12.284642578125
000006.7,0.0,0.0,0.0,0.0,0.0,0.0,0.125,0.0,12.278360107421875
00006.72,0.0,0.0,0.0,0.0,0.0,0.0,0.125,0.0,12.29720751953125
00006.74,0.0,0.0,0.0,0.0,0.0,0.0,0.125,0.0,12.29720751953125
00006.76,0.0,0.0,0.0,0.0,0.0,0.0,0.125,0.0,12.29720751953125
00006.78,0.0,0.0,0.0,0.0,0.0,0.0,0.125,0.0,12.29720751953125
000006.8,0.0,0.0,0.0,0.0,0.0,0.0,0.125,0.0,12.290925048828125
00006.82,0.0,0.0,0.0,0.0,0.0,0.0,0.125,0.0,12.303489990234375
00006.84,0.0,0.0,0.0,0.0,0.0,0.0,0.125,0.0,12.290925048828125
00006.86,0.0,0.0,0.0,0.0,0.0,0.0,0.125,0.0,12.29720751953125
00006.88,0.0,0.0,0.0,0.0,0.0,0.0,0.125,0.0,12.290925048828125
000006.9,0.0,0.0,0.0,0.0,0.0,0.0,0.125,0.0,12.290925048828125
00006.92,0.0,0.0,0.0,0.0,0.0,0.0,0.125,0.0,12.278360107421875
00006.94,0.0,0.0,0.0,0.0,0.0,0.0,0.125,0.0,12.278360107421875
00006.96,0.0,0.0,0.0,0.0,0.0,0.0,0.125,0.0,12.278360107421875
00006.98,0.0,0.0,0.0,0.0,0.0,0.0,0.125,0.0,12.284642578125
000007.0,0.0,0.0,0.0,0.0,0.0,0.0,0.125,0.0,12.290925048828125
00007.02,0.0,0.0,0.0,0.0,0.0,0.0,0.125,0.0,12.290925048828125
00007.04,0.0,0.0,0.0,0.0,0.0,0.0,0.125,0.0,12.290925048828125
00007.06,0.0,0.0,0.0,0.0,0.0,0.0,0.125,0.0,12.290925048828125
00007.08,0.0,0.0,0.0,0.0,0.0,0.0,0.125,0.0,12.29720751953125
000007.1,0.0,0.0,0.0,0.0,0.0,0.0,0.125,0.0,12.290925048828125
00007.12,0.0,0.0,0.0,0.0,0.0,0.0,0.125,0.0,12.29720751953125
00007.14,0.0,0.0,0.0,0.0,0.0,0.0,0.125,0.0,12.29720751953125
00007.16,0.0,0.0,0.0,0.0,0.0,0.0,0.125,0.0,12.303489990234375
000007.2,0.0,0.0,0.0,0.0,0.0,0.0,0.125,0.0,12.3097724609375
000007.2,0.0,0.0,0.0,0.0,0.0,0.0,0.125,0.0,12.303489990234375
00007.24,0.0,0.0,0.0,0.0,0.0,0.0,0.125,0.0,12.3097724609375
00007.24,0.0,0.0,0.0,0.0,0.0,0.0,0.125,0.0,12.3097724609375
00007.28,0.0,0.0,0.0,0.0,0.0,0.0,0.125,0.0,12.29720751953125
000007.3,0.0,0.0,0.0,0.0,0.0,0.0,0.125,0.0,12.3097724609375
00007.32,0.0,0.0,0.0,0.0,0.0,0.0,0.125,0.0,12.290925048828125
00007.34,0.0,0.0,0.0,0.0,0.0,0.0,0.125,0.0,12.290925048828125
00007.36,0.0,0.0,0.0,0.0,0.0,0.0,0.125,0.0,12.29720751953125
00007.38,0.0,0.0,0.0,0.0,0.0,0.0,0.125,0.0,12.290925048828125
000007.4,0.0,0.0,0.0,0.0,0.0,0.0,0.125,0.0,12.290925048828125
00007.42,0.0,0.0,0.0,0.0,0.0,0.0,0.125,0.0,12.29720751953125
00007.44,0.0,0.0,0.0,0.0,0.0,0.0,0.125,0.0,12.29720751953125
00007.46,0.0,0.0,0.0,0.0,0.0,0.0,0.125,0.0,12.290925048828125
000007.5,0.0,0.0,0.0,0.0,0.0,0.0,0.125,0.0,12.29720751953125
00007.52,0.0,0.0,0.0,0.0,0.0,0.0,0.125,0.0,12.303489990234375
00007.54,0.0,0.0,0.0,0.0,0.0,0.0,0.125,0.0,12.3097724609375
00007.56,0.0,0.0,0.0,0.0,0.0,0.0,0.125,0.0,12.3097724609375
00007.58,0.0,0.0,0.0,0.0,0.0,0.0,0.125,0.0,12.3097724609375
000007.6,0.0,0.0,0.0,0.0,0.0,0.0,0.125,0.0,12.316054931640625
00007.62,0.0,0.0,0.0,0.0,0.0,0.0,0.125,0.0,12.32233740234375
00007.66,0.0,0.0,0.0,0.0,0.0,0.0,0.125,0.0,12.334902343749999
00007.68,0.0,0.0,0.0,0.0,0.0,0.0,0.125,0.0,12.265795166015625
000007.7,0.125,0.0,0.125,0.0,0.125,0.0,0.25,0.0,11.888846923828124
00007.72,1.75,0.0,1.375,0.5,1.25,0.625,0.75,1.375,11.122385498046874
00007.74,5.5,0.875,3.875,2.75,4.5,2.5,2.25,3.375,10.274251953124999
00007.76,10.75,3.25,7.375,6.125,9.375,5.375,4.75,6.5,9.63343994140625
00007.78,16.75,5.375,10.75,10.25,14.625,8.5,7.25,9.625,9.111994873046875
000007.8,22.25,7.0,14.125,14.125,20.125,11.125,9.25,9.625,8.584267333984375
00007.82,26.5,8.375,14.125,17.75,24.375,12.625,11.125,12.75,8.860696044921875
00007.82,27.375,9.25,18.875,20.125,25.875,10.0,13.0,15.75,9.38214111328125
00007.86,25.625,9.625,19.25,20.875,21.25,6.0,14.375,21.875,9.815631591796874
00007.88,22.375,9.375,19.25,19.75,15.25,1.25,13.75,23.125,10.431313720703125
000007.9,19.625,8.5,15.625,17.75,8.125,0.25,12.125,22.125,10.06064794921875
000007.9,17.25,5.0,15.625,16.0,6.5,0.25,9.75,21.875,10.31194677734375
00007.94,15.375,2.0,10.625,14.25,6.0,0.25,9.625,22.125,10.46272607421875
00007.94,15.375,1.25,10.625,12.625,5.625,0.0,10.0,22.125,10.355924072265625
00007.98,13.375,1.125,8.75,11.375,3.625,0.0,10.25,23.125,10.56324560546875
000008.0,12.25,0.875,8.25,10.5,2.25,0.0,9.375,23.375,10.531833251953124
00008.02,11.375,0.625,7.25,9.875,2.375,0.125,8.0,24.0,10.475291015625
00008.04,10.625,0.625,6.75,9.5,2.25,0.375,7.125,23.375,10.556963134765624
00008.06,9.75,0.375,5.625,9.125,2.875,0.25,7.5,22.625,10.431313720703125
00008.08,9.625,0.375,5.25,9.125,2.75,0.25,8.0,21.75,10.42503125
000008.1,9.5,0.375,4.625,8.625,3.875,0.125,8.75,22.25,10.525550781249999
00008.12,9.25,0.375,4.375,8.375,3.875,0.0,9.25,21.875,10.531833251953124
00008.14,8.875,0.375,3.875,7.75,3.625,0.0,9.75,21.5,10.720307373046875
00008.16,8.625,0.375,3.5,7.625,2.375,0.0,9.625,21.5,10.607222900390624
00008.18,8.5,0.375,3.375,7.25,1.875,0.0,9.625,21.0,10.670047607421875
000008.2,8.5,0.25,3.0,7.125,2.875,0.0,9.625,20.25,10.550680664062499
00008.22,8.5,0.25,3.0,6.875,2.75,0.125,9.375,20.25,10.720307373046875
00008.24,8.25,0.375,3.125,6.75,1.875,0.125,9.375,20.625,10.94019384765625
00008.26,8.375,0.25,3.5,6.25,2.375,0.0,9.0,21.375,10.58837548828125
00008.28,8.5,0.25,3.0,6.625,2.5,0.0,9.75,22.5,10.56324560546875
000008.3,8.5,0.25,3.0,6.375,2.5,0.0,8.5,21.25,10.538115722656249
00008.32,8.25,0.25,3.0,6.25,3.75,0.125,9.0,20.25,10.959041259765625
00008.34,8.75,0.375,3.125,6.25,4.125,0.125,8.5,18.0,10.827109375
00008.36,7.75,0.375,3.0,6.125,5.75,0.25,8.5,19.25,11.423944091796875
00008.38,5.375,0.25,1.375,5.125,3.875,0.25,6.125,16.375,11.926541748046875
00008.42,2.25,0.0,0.5,2.5,3.125,0.125,4.625,12.75,12.517093994140625
00008.44,0.0,0.0,0.0,0.375,0.625,0.0,2.0,7.0,12.956866943359374
00008.46,0.0,0.0,0.0,0.0,0.25,0.0,1.0,3.375,13.27727294921875
00008.48,0.0,0.0,0.0,0.0,0.0,0.0,0.25,0.5,12.755827880859375
000008.5,0.0,0.0,0.0,0.0,0.0,0.0,0.0,0.0,11.292012207031249
00008.52,3.125,1.375,2.125,1.125,1.5,0.625,0.25,1.625,10.255404541015624
00008.54,8.5,3.125,5.625,4.0,6.125,3.375,2.125,4.375,9.576897705078125
00008.56,21.75,4.875,9.5,12.0,18.625,7.0,4.375,7.75,9.08058251953125
00008.58,25.375,6.625,13.0,14.875,23.25,10.625,6.25,11.125,8.697351806640624
000008.6,28.375,8.375,15.375,17.125,25.875,13.125,7.625,13.875,8.596832275390625
00008.62,28.625,10.5,17.5,19.125,26.25,14.875,8.5,16.75,9.137124755859375
00008.64,26.75,11.75,19.125,20.375,21.5,10.625,10.75,19.875,9.551767822265624
00008.66,22.875,11.5,19.25,19.875,15.5,6.125,11.75,24.625,9.88473876953125
000008.7,19.125,9.875,16.0,18.0,8.625,2.75,11.75,25.25,10.242839599609376
00008.72,16.75,7.875,13.25,15.375,3.375,1.375,10.75,25.25,10.305664306640624
00008.74,15.5,4.75,11.125,13.0,1.625,0.75,10.5,23.5,10.682612548828125
00008.76,14.375,1.875,9.375,11.25,0.875,0.625,10.75,22.5,10.46272607421875
00008.78,13.0,1.5,8.125,9.875,0.875,0.625,10.5,21.0,10.871086669921874
000008.8,11.875,1.125,7.75,9.5,1.125,0.75,11.25,21.625,10.506703369140626
00008.82,10.5,1.0,6.25,8.75,1.125,0.375,11.125,21.875,10.469008544921875
00008.84,10.0,1.0,6.125,8.25,1.375,0.375,10.875,21.25,10.56324560546875
00008.86,9.625,0.75,5.0,7.5,1.5,0.5,11.375,21.875,10.456443603515625
00008.86,9.5,0.625,4.0,5.875,2.125,1.125,12.25,21.875,10.56324560546875
00008.88,8.875,0.375,4.0,5.75,1.875,1.25,12.0,21.875,10.475291015625
000008.9,8.875,0.375,3.5,5.125,1.625,1.0,12.0,21.625,10.801979492187499
00008.92,7.875,0.375,3.375,4.75,1.5,0.5,10.0,20.875,11.49305126953125
00008.94,5.75,0.375,2.75,3.0,0.25,0.25,7.125,19.125,12.108733398437499
00008.98,0.0,0.0,0.125,1.25,0.25,0.125,4.0,10.125,12.718133056640625
000009.0,0.0,0.0,0.0,0.0,0.125,0.0,2.0,5.125,13.107646240234375
00009.02,0.0,0.0,0.0,0.0,0.0,0.0,0.5,1.625,13.164188476562499
00009.04,0.0,0.0,0.0,0.0,0.0,0.0,0.0,0.0,12.253230224609375
00009.06,2.5,0.0,0.125,0.0,0.375,0.0,0.0,0.75,10.96532373046875
00009.08,7.125,0.25,3.125,2.0,4.5,2.375,1.375,3.375,9.928716064453125
000009.1,13.0,3.25,6.625,5.125,10.25,5.625,3.625,6.875,9.53292041015625
00009.12,18.5,5.875,10.5,8.75,16.75,9.5,5.75,10.5,9.149689697265625
00009.12,18.5,8.875,10.5,12.125,22.375,12.0,7.375,10.5,8.885825927734375
00009.14,22.625,10.0,13.125,14.875,26.0,13.75,8.125,13.75,8.408358154296875
00009.16,26.0,10.625,15.375,17.75,28.875,14.0,9.375,15.75,8.697351806640624
000009.2,27.125,10.75,19.0,20.25,27.75,11.625,10.0,21.0,9.262774169921874
00009.22,26.125,10.625,19.0,21.125,22.0,7.875,10.25,23.5,9.7967841796875
00009.24,23.125,10.0,17.625,20.25,15.375,3.25,9.875,25.0,9.9475634765625
00009.26,19.75,8.75,15.25,18.0,8.25,0.375,9.125,25.0,10.167449951171875
00009.28,17.25,5.25,12.625,15.5,5.75,0.375,8.75,24.125,10.732872314453125
000009.3,13.375,2.875,9.75,13.0,3.25,0.25,8.125,21.0,11.260599853515625
00009.32,8.625,1.75,9.75,9.125,2.5,0.125,6.0,21.0,11.901411865234374
00009.34,4.125,0.875,3.0,5.625,1.25,0.125,4.125,10.75,12.44798681640625
00009.36,0.0,0.0,0.0,1.125,0.375,0.125,1.875,5.625,12.95058447265625
00009.38,0.0,0.0,0.0,0.0,0.125,0.0,0.625,1.75,13.132776123046874
000009.4,0.0,0.0,0.0,0.0,0.0,0.0,0.0,0.0,12.177840576171874
00009.42,0.625,0.0,0.0,0.0,0.125,0.0,0.0,0.0,10.71402490234375
00009.44,4.25,1.75,2.25,4.5,8.5,1.75,1.125,2.75,9.88473876953125
00009.46,14.25,3.375,6.125,8.25,11.25,7.0,3.125,6.0,11.335989501953124
00009.48,12.375,4.625,8.0,9.0,9.625,6.0,2.875,6.875,12.140145751953124
00009.52,7.125,3.375,4.875,6.5,4.875,3.375,1.25,2.375,11.782044921875
00009.54,2.0,0.625,1.75,3.0,2.5,1.375,0.75,1.75,10.720307373046875
00009.56,2.875,1.75,2.25,1.375,11.625,3.0,1.625,4.0,9.928716064453125
00009.58,12.5,3.875,5.25,7.125,17.125,6.0,3.625,7.5,9.225079345703124
000009.6,17.875,6.375,8.875,11.0,22.375,11.625,6.75,10.75,8.860696044921875
00009.64,21.5,8.125,15.25,14.625,26.5,13.625,8.125,17.25,8.427205566406249
00009.66,24.75,11.25,18.375,18.0,28.0,15.125,8.5,19.0,8.860696044921875
00009.68,25.25,11.125,19.25,20.25,25.625,15.75,8.125,18.625,10.022953124999999
000009.7,21.75,9.0,17.875,17.0,13.75,15.0,6.0,16.0,11.461638916015625
00009.72,13.75,6.0,13.5,11.25,7.875,7.0,1.375,6.625,12.5610712890625
00009.76,0.0,0.25,0.0,1.5,0.0,0.125,0.0,3.25,13.170470947265624
00009.78,0.0,0.0,0.0,0.0,0.0,0.0,0.0,0.0,12.649025878906249
000009.8,1.375,0.0,0.0,0.0,0.0,0.0,0.0,0.0,11.26688232421875
00009.84,4.375,0.0,2.5,1.5,3.5,1.125,0.75,2.125,11.317142089843749
00009.86,4.875,1.375,2.625,2.75,4.5,2.75,1.5,2.5,12.071038574218749
00009.88,4.375,1.375,2.75,2.875,4.25,2.75,1.25,2.375,11.555875976562499
000009.9,3.0,1.125,2.25,2.25,3.5,2.375,1.375,2.25,10.6009404296875
00009.92,5.625,2.0,3.25,4.75,9.5,4.625,2.5,3.0,9.803066650390624
00009.94,10.875,4.875,6.625,8.625,15.375,7.75,4.625,5.625,9.275339111328124
00009.96,16.375,6.875,10.625,12.5,21.125,10.875,6.25,9.375,8.810436279296875
00009.98,21.375,8.625,13.875,16.25,25.875,10.875,6.25,12.5,8.72876416015625
000010.0,24.75,10.25,17.125,19.125,27.5,11.875,7.25,15.5,8.961215576171874
00010.02,25.25,11.0,18.5,20.5,23.625,10.75,8.25,18.75,10.06064794921875
00010.04,21.75,9.5,18.75,18.5,15.625,3.5,8.5,21.75,11.1537978515625
00010.06,14.5,7.125,15.125,13.25,6.875,0.75,6.5,21.125,11.844869628906249
00010.08,7.625,3.5,9.875,7.375,1.75,0.375,4.375,16.375,12.385162109374999
000010.1,2.375,0.25,4.625,2.875,0.375,0.25,1.625,9.375,12.82493505859375
00010.12,0.0,0.0,0.875,0.0,0.0,0.0,0.25,3.5,12.875194824218749
00010.14,0.0,0.0,0.0,0.0,0.0,0.0,0.0,0.0,11.913976806640624
00010.18,4.25,0.375,0.625,0.0,2.25,0.5,0.5,1.625,10.18629736328125
000010.2,9.375,2.5,3.5,2.375,6.875,3.5,2.0,4.625,10.4501611328125
00010.22,12.0,3.75,6.75,8.0,10.375,6.375,3.625,6.5,11.7066552734375
00010.24,9.875,3.375,7.5,6.875,6.25,4.625,2.125,5.875,12.140145751953124
00010.26,5.0,2.0,2.625,4.25,2.375,1.875,0.875,3.625,11.49305126953125
000010.3,1.875,0.875,1.375,1.375,4.25,1.625,0.875,2.25,10.607222900390624
00010.32,4.0,3.375,3.625,2.5,9.25,4.25,2.25,5.125,9.891021240234375
00010.34,14.5,5.375,6.875,5.375,15.25,7.625,4.375,8.375,9.338163818359375
00010.36,19.125,7.375,10.625,9.0,20.75,11.0,6.0,11.75,8.81671875
00010.38,23.625,8.875,13.25,15.625,28.5,13.0,8.0,14.5,8.521442626953124
000010.4,26.5,10.5,16.25,19.125,26.875,10.625,7.125,17.0,9.168537109375
00010.44,27.0,11.5,20.125,21.5,22.5,7.25,5.625,19.0,9.752806884765624
00010.46,24.875,11.0,19.875,21.25,16.0,2.625,4.5,17.5,9.972693359375
00010.48,21.625,7.375,17.375,19.625,11.625,0.875,3.625,15.875,10.142320068359375
000010.5,18.625,4.125,14.75,16.5,10.5,0.75,3.5,14.375,10.469008544921875
00010.52,16.5,2.625,11.875,13.25,11.375,0.75,3.25,15.5,10.381053955078125
00010.54,10.75,2.0,10.375,12.375,9.5,1.125,2.875,15.75,11.11610302734375
00010.56,7.0,0.875,6.75,9.5,7.0,1.125,3.0,11.125,11.863717041015624
000010.6,2.875,0.25,3.375,6.5,4.25,0.5,2.125,8.5,12.542223876953125
00010.62,0.0,0.0,0.5,0.0,0.375,0.125,1.625,4.875,13.107646240234375
00010.66,0.0,0.0,0.0,0.0,0.0,0.0,0.125,0.0,12.743262939453125
00010.68,0.625,0.0,0.0,0.0,0.625,0.0,0.125,0.0,11.436509033203125
000010.7,4.375,0.75,1.375,0.125,4.25,1.625,1.125,2.625,10.1988623046875
00010.72,4.375,0.75,1.375,3.125,9.625,4.75,3.25,2.625,9.60831005859375
00010.74,17.25,2.875,8.375,6.625,16.0,8.375,5.25,9.375,9.269056640625
00010.76,22.0,4.75,11.875,10.875,21.25,11.75,7.0,12.375,8.873260986328125
00010.78,24.875,6.875,14.75,13.875,25.125,13.5,8.125,15.125,8.703634277343749
000010.8,27.0,8.375,17.0,16.375,27.875,13.0,9.375,18.125,8.57798486328125
00010.82,27.25,13.125,19.75,19.0,24.75,10.875,9.625,20.5,9.350728759765625
00010.84,25.375,13.125,20.625,20.875,19.125,6.625,10.625,22.875,9.746524414062499
00010.86,21.5,11.625,20.125,21.0,11.25,2.75,11.25,23.25,9.85960888671875
00010.88,18.125,8.75,17.125,19.0,5.0,1.875,12.25,23.25,9.90986865234375
000010.9,15.75,6.125,14.25,16.375,1.125,1.0,12.125,23.375,10.56324560546875
00010.92,14.0,3.875,11.375,11.875,1.0,0.75,10.5,23.125,10.6009404296875
00010.94,12.625,2.5,9.5,10.0,0.75,0.5,10.125,23.375,10.619787841796875
00010.96,11.625,1.75,8.125,9.5,1.0,0.375,10.375,20.375,10.418748779296875
000011.0,11.125,1.0,6.625,8.75,1.375,0.25,10.875,20.75,10.845956787109374
00011.02,10.75,0.75,5.375,8.125,1.125,0.25,10.125,22.375,10.58837548828125
00011.04,10.0,0.625,5.125,7.25,1.375,0.25,10.5,22.5,10.481573486328125
00011.06,9.5,0.625,4.5,6.375,1.0,0.25,10.125,21.375,10.575810546875
00011.08,9.375,0.625,4.625,6.25,1.125,0.25,9.5,20.25,10.6260703125
000011.1,9.375,0.375,4.25,5.75,0.875,0.25,10.5,19.625,10.871086669921874
00011.12,9.0,0.375,4.0,5.125,1.0,0.125,10.875,20.875,10.858521728515624
00011.14,8.625,0.375,3.375,4.5,1.0,0.125,11.875,21.375,11.059560791015624
00011.16,8.5,0.375,3.25,5.125,0.875,0.125,13.125,21.125,10.770567138671874
00011.18,8.625,0.25,3.25,4.625,0.875,0.25,13.625,20.5,10.783132080078124
000011.2,8.75,0.375,2.75,4.75,0.875,0.25,11.875,19.5,10.56324560546875
00011.24,8.75,0.375,2.625,4.375,1.0,0.25,11.625,18.0,10.946476318359375
00011.26,8.75,0.375,2.875,4.75,0.75,0.25,9.25,18.0,10.4501611328125
00011.28,8.75,0.375,2.625,4.625,0.875,0.375,10.625,19.625,11.053278320312499
000011.3,8.5,0.375,2.25,4.625,1.0,0.375,11.375,19.25,11.134950439453124
00011.32,8.375,0.25,1.875,4.5,1.125,0.625,12.5,19.75,10.96532373046875
00011.34,8.625,0.375,2.125,4.5,1.375,0.5,12.125,18.875,10.88993408203125
00011.36,8.25,0.375,1.75,4.125,1.375,0.125,10.875,19.875,10.921346435546875
00011.38,8.25,0.375,2.125,4.375,1.875,0.25,9.625,20.75,10.96532373046875
000011.4,8.25,0.375,2.125,4.0,1.625,0.25,9.75,21.625,10.908781494140625
00011.42,8.625,0.375,2.375,4.0,1.5,0.25,10.125,20.25,10.66376513671875
00011.44,8.75,0.375,2.375,4.0,1.375,0.25,11.25,19.75,10.92762890625
00011.46,8.75,0.375,2.375,4.0,1.0,0.375,11.25,18.375,10.732872314453125
000011.5,8.75,0.25,2.375,4.0,1.5,0.5,10.75,18.0,10.61350537109375
00011.52,7.875,0.25,1.875,3.875,1.0,0.5,9.875,19.0,10.871086669921874
00011.54,5.875,0.25,1.625,3.375,1.0,0.375,8.5,19.375,11.599853271484374
00011.56,3.25,0.0,0.75,2.125,0.625,0.25,6.375,15.25,12.2595126953125
00011.58,0.25,0.0,0.125,0.625,0.25,0.125,4.375,9.625,12.780957763671875
000011.6,0.0,0.0,0.0,0.0,0.0,0.125,1.5,5.0,13.20188330078125
00011.62,0.0,0.0,0.0,0.0,0.0,0.0,0.5,1.75,13.164188476562499
00011.64,0.0,0.0,0.0,0.0,0.0,0.0,0.0,0.0,12.290925048828125
00011.66,0.0,0.0,0.0,0.0,0.0,0.0,0.0,0.0,12.19668798828125
00011.68,0.0,0.0,0.0,0.0,0.0,0.0,0.0,0.0,12.177840576171874
000011.7,0.0,0.0,0.0,0.0,0.0,0.0,0.125,0.0,12.17155810546875
00011.72,0.0,0.0,0.0,0.0,0.0,0.0,0.125,0.0,12.165275634765624
00011.74,0.0,0.0,0.0,0.0,0.0,0.0,0.125,0.0,12.17155810546875
00011.76,0.0,0.0,0.0,0.0,0.0,0.0,0.125,0.0,12.17155810546875
00011.78,0.0,0.0,0.0,0.0,0.0,0.0,0.125,0.0,12.17155810546875
000011.8,0.0,0.0,0.0,0.0,0.0,0.0,0.125,0.0,12.165275634765624
00011.82,0.0,0.0,0.0,0.0,0.0,0.0,0.125,0.0,12.190405517578125
00011.84,0.0,0.0,0.0,0.0,0.0,0.0,0.125,0.0,12.190405517578125
00011.86,0.0,0.0,0.0,0.0,0.0,0.0,0.125,0.0,12.177840576171874
00011.88,0.0,0.0,0.0,0.0,0.0,0.0,0.125,0.0,12.184123046875
000011.9,0.0,0.0,0.0,0.0,0.0,0.0,0.125,0.0,12.190405517578125
00011.92,0.0,0.0,0.0,0.0,0.0,0.0,0.125,0.0,12.202970458984375
00011.94,0.0,0.0,0.0,0.0,0.0,0.0,0.125,0.0,12.190405517578125
00011.96,0.0,0.0,0.0,0.0,0.0,0.0,0.125,0.0,12.2092529296875
00011.98,0.0,0.0,0.0,0.0,0.0,0.0,0.125,0.0,12.2092529296875
000012.0,0.0,0.0,0.0,0.0,0.0,0.0,0.125,0.0,12.202970458984375
00012.02,0.0,0.0,0.0,0.0,0.0,0.0,0.125,0.0,12.2092529296875
00012.04,0.0,0.0,0.0,0.0,0.0,0.0,0.125,0.0,12.215535400390625
00012.06,0.0,0.0,0.0,0.0,0.0,0.0,0.125,0.0,12.215535400390625
00012.08,0.0,0.0,0.0,0.0,0.0,0.0,0.125,0.0,12.215535400390625
000012.1,0.0,0.0,0.0,0.0,0.0,0.0,0.125,0.0,12.202970458984375
00012.12,0.0,0.0,0.0,0.0,0.0,0.0,0.125,0.0,12.215535400390625
00012.14,0.0,0.0,0.0,0.0,0.0,0.0,0.125,0.0,12.2092529296875
00012.16,0.0,0.0,0.0,0.0,0.0,0.0,0.125,0.0,12.2092529296875
00012.16,0.0,0.0,0.0,0.0,0.0,0.0,0.125,0.0,12.2092529296875
00012.18,0.0,0.0,0.0,0.0,0.0,0.0,0.125,0.0,12.228100341796875
000012.2,0.0,0.0,0.0,0.0,0.0,0.0,0.125,0.0,12.215535400390625
00012.22,0.0,0.0,0.0,0.0,0.0,0.0,0.125,0.0,12.22181787109375
00012.26,0.0,0.0,0.0,0.0,0.0,0.0,0.125,0.0,12.22181787109375
00012.26,0.0,0.0,0.0,0.0,0.0,0.0,0.125,0.0,12.228100341796875
00012.28,0.0,0.0,0.0,0.0,0.0,0.0,0.125,0.0,12.215535400390625
000012.3,0.0,0.0,0.0,0.0,0.0,0.0,0.125,0.0,12.215535400390625
00012.32,0.0,0.0,0.0,0.0,0.0,0.0,0.125,0.0,12.240665283203125
00012.34,0.0,0.0,0.0,0.0,0.0,0.0,0.125,0.0,12.240665283203125
00012.36,0.0,0.0,0.0,0.0,0.0,0.0,0.125,0.0,12.24694775390625
00012.38,0.0,0.0,0.0,0.0,0.0,0.0,0.125,0.0,12.2343828125
000012.4,0.0,0.0,0.0,0.0,0.0,0.0,0.125,0.0,12.24694775390625
00012.42,0.0,0.0,0.0,0.0,0.0,0.0,0.125,0.0,12.240665283203125
00012.44,0.0,0.0,0.0,0.0,0.0,0.0,0.125,0.0,12.24694775390625
00012.46,0.0,0.0,0.0,0.0,0.0,0.0,0.125,0.0,12.2343828125
000012.5,0.0,0.0,0.0,0.0,0.0,0.0,0.125,0.0,12.24694775390625
00012.52,0.0,0.0,0.0,0.0,0.0,0.0,0.125,0.0,12.228100341796875
00012.54,0.0,0.0,0.0,0.0,0.0,0.0,0.125,0.0,12.240665283203125
00012.56,0.0,0.0,0.0,0.0,0.0,0.0,0.125,0.0,12.240665283203125
00012.58,0.0,0.0,0.0,0.0,0.0,0.0,0.125,0.0,12.253230224609375
000012.6,0.0,0.0,0.0,0.0,0.0,0.0,0.125,0.0,12.253230224609375
00012.62,0.0,0.0,0.0,0.0,0.0,0.0,0.125,0.0,12.253230224609375
00012.64,0.0,0.0,0.0,0.0,0.0,0.0,0.125,0.0,12.2595126953125
00012.66,0.0,0.0,0.0,0.0,0.0,0.0,0.125,0.0,12.24694775390625
00012.68,0.0,0.0,0.0,0.0,0.0,0.0,0.125,0.0,12.24694775390625
000012.7,0.0,0.0,0.0,0.0,0.0,0.0,0.125,0.0,12.2343828125
00012.72,0.0,0.0,0.0,0.0,0.0,0.0,0.125,0.0,12.24694775390625
00012.74,0.0,0.0,0.0,0.0,0.0,0.0,0.125,0.0,12.265795166015625
00012.76,0.0,0.0,0.0,0.0,0.0,0.0,0.125,0.0,12.2595126953125
00012.78,0.0,0.0,0.0,0.0,0.0,0.0,0.125,0.0,12.253230224609375
000012.8,0.0,0.0,0.0,0.0,0.0,0.0,0.125,0.0,12.2595126953125
00012.82,0.0,0.0,0.0,0.0,0.0,0.0,0.125,0.0,12.265795166015625
00012.84,0.0,0.0,0.0,0.0,0.0,0.0,0.125,0.0,12.265795166015625
00012.86,0.0,0.0,0.0,0.0,0.0,0.0,0.125,0.0,12.27207763671875
00012.88,0.0,0.0,0.0,0.0,0.0,0.0,0.125,0.0,12.27207763671875
000012.9,0.0,0.0,0.0,0.0,0.0,0.0,0.125,0.0,12.265795166015625
00012.92,0.0,0.0,0.0,0.0,0.0,0.0,0.125,0.0,12.265795166015625
00012.94,0.0,0.0,0.0,0.0,0.0,0.0,0.125,0.0,12.265795166015625
00012.94,0.0,0.0,0.0,0.0,0.0,0.0,0.125,0.0,12.27207763671875
00012.96,0.0,0.0,0.0,0.0,0.0,0.0,0.125,0.0,12.253230224609375
00012.98,0.0,0.0,0.0,0.0,0.0,0.0,0.125,0.0,12.265795166015625
000013.0,0.0,0.0,0.0,0.0,0.0,0.0,0.125,0.0,12.27207763671875
00013.02,0.0,0.0,0.0,0.0,0.0,0.0,0.125,0.0,12.253230224609375
00013.04,0.0,0.0,0.0,0.0,0.0,0.0,0.125,0.0,12.2595126953125
00013.06,0.0,0.0,0.0,0.0,0.0,0.0,0.125,0.0,12.27207763671875
000013.1,0.0,0.0,0.0,0.0,0.0,0.0,0.125,0.0,12.27207763671875
000013.1,0.0,0.0,0.0,0.0,0.0,0.0,0.125,0.0,12.27207763671875
00013.12,0.0,0.0,0.0,0.0,0.0,0.0,0.125,0.0,12.284642578125
00013.14,0.0,0.0,0.0,0.0,0.0,0.0,0.125,0.0,12.265795166015625
00013.16,0.0,0.0,0.0,0.0,0.0,0.0,0.125,0.0,12.284642578125
00013.18,0.0,0.0,0.0,0.0,0.0,0.0,0.125,0.0,12.290925048828125
000013.2,0.0,0.0,0.0,0.0,0.0,0.0,0.125,0.0,12.27207763671875
00013.22,0.0,0.0,0.0,0.0,0.0,0.0,0.125,0.0,12.284642578125
00013.24,0.0,0.0,0.0,0.0,0.0,0.0,0.125,0.0,12.290925048828125
00013.26,0.0,0.0,0.0,0.0,0.0,0.0,0.125,0.0,12.284642578125
00013.28,0.0,0.0,0.0,0.0,0.0,0.0,0.125,0.0,12.284642578125
000013.3,0.0,0.0,0.0,0.0,0.0,0.0,0.125,0.0,12.278360107421875
00013.32,0.0,0.0,0.0,0.0,0.0,0.0,0.125,0.0,12.278360107421875
00013.34,0.0,0.0,0.0,0.0,0.0,0.0,0.125,0.0,12.27207763671875
00013.36,0.0,0.0,0.0,0.0,0.0,0.0,0.125,0.0,12.278360107421875
00013.38,0.0,0.0,0.0,0.0,0.0,0.0,0.125,0.0,12.265795166015625
000013.4,0.0,0.0,0.0,0.0,0.0,0.0,0.125,0.0,12.278360107421875
00013.42,0.0,0.0,0.0,0.0,0.0,0.0,0.125,0.0,12.27207763671875
00013.44,0.0,0.0,0.0,0.0,0.0,0.0,0.125,0.0,12.284642578125
00013.46,0.0,0.0,0.0,0.0,0.0,0.0,0.125,0.0,12.278360107421875
00013.48,0.0,0.0,0.0,0.0,0.0,0.0,0.125,0.0,12.265795166015625
000013.5,0.0,0.0,0.0,0.0,0.0,0.0,0.125,0.0,12.278360107421875
00013.52,0.0,0.0,0.0,0.0,0.0,0.0,0.125,0.0,12.284642578125
00013.54,0.0,0.0,0.0,0.0,0.0,0.0,0.125,0.0,12.303489990234375
00013.56,0.0,0.0,0.0,0.0,0.0,0.0,0.125,0.0,12.284642578125
000013.6,0.0,0.0,0.0,0.0,0.0,0.0,0.125,0.0,12.29720751953125
00013.62,0.0,0.0,0.0,0.0,0.0,0.0,0.125,0.0,12.29720751953125
00013.64,0.0,0.0,0.0,0.0,0.0,0.0,0.125,0.0,12.29720751953125
00013.66,0.0,0.0,0.0,0.0,0.0,0.0,0.125,0.0,12.303489990234375
00013.68,0.0,0.0,0.0,0.0,0.0,0.0,0.125,0.0,12.29720751953125
000013.7,0.0,0.0,0.0,0.0,0.0,0.0,0.125,0.0,12.29720751953125
00013.72,0.0,0.0,0.0,0.0,0.0,0.0,0.125,0.0,12.284642578125
00013.74,0.0,0.0,0.0,0.0,0.0,0.0,0.125,0.0,12.278360107421875
00013.76,0.0,0.0,0.0,0.0,0.0,0.0,0.125,0.0,12.284642578125
00013.78,0.0,0.0,0.0,0.0,0.0,0.0,0.125,0.0,12.265795166015625
000013.8,0.0,0.0,0.0,0.0,0.0,0.0,0.125,0.0,12.278360107421875
00013.82,0.0,0.0,0.0,0.0,0.0,0.0,0.125,0.0,12.290925048828125
00013.84,0.0,0.0,0.0,0.0,0.0,0.0,0.125,0.0,12.290925048828125
00013.86,0.0,0.0,0.0,0.0,0.0,0.0,0.125,0.0,12.29720751953125
00013.88,0.0,0.0,0.0,0.0,0.0,0.0,0.125,0.0,12.29720751953125
000013.9,0.0,0.0,0.0,0.0,0.0,0.0,0.125,0.0,12.29720751953125
00013.92,0.0,0.0,0.0,0.0,0.0,0.0,0.125,0.0,12.303489990234375
00013.94,0.0,0.0,0.0,0.0,0.0,0.0,0.125,0.0,12.303489990234375
00013.98,0.0,0.0,0.0,0.0,0.0,0.0,0.125,0.0,12.303489990234375
000014.0,0.0,0.0,0.0,0.0,0.0,0.0,0.125,0.0,12.29720751953125
00014.02,0.0,0.0,0.0,0.0,0.0,0.0,0.125,0.0,12.29720751953125
00014.02,0.0,0.0,0.0,0.0,0.0,0.0,0.125,0.0,12.303489990234375
00014.06,0.0,0.0,0.0,0.0,0.0,0.0,0.125,0.0,12.303489990234375
00014.08,0.0,0.0,0.0,0.0,0.0,0.0,0.125,0.0,12.303489990234375
000014.1,0.0,0.0,0.0,0.0,0.0,0.0,0.125,0.0,12.29720751953125
00014.12,0.0,0.0,0.0,0.0,0.0,0.0,0.125,0.0,12.303489990234375
00014.14,0.0,0.0,0.0,0.0,0.0,0.0,0.125,0.0,12.253230224609375
00014.14,0.0,0.0,0.0,0.0,0.125,0.0,0.125,0.0,12.253230224609375
00014.16,0.0,0.0,0.0,0.0,0.25,0.125,0.125,0.0,12.2343828125
00014.18,0.0,0.0,0.0,0.0,0.25,0.125,0.125,0.0,12.24694775390625
00014.22,0.0,0.0,0.0,0.0,0.25,0.125,0.125,0.0,12.2343828125
00014.24,0.0,0.0,0.0,0.0,0.25,0.125,0.125,0.0,12.24694775390625
00014.26,0.0,0.0,0.0,0.0,0.25,0.125,0.125,0.0,12.24694775390625
00014.28,0.0,0.0,0.0,0.0,0.25,0.125,0.125,0.0,12.24694775390625
000014.3,0.0,0.0,0.0,0.0,0.25,0.125,0.125,0.0,12.265795166015625
00014.32,0.0,0.0,0.0,0.0,0.25,0.125,0.125,0.0,12.27207763671875
00014.34,0.0,0.0,0.0,0.0,0.125,0.0,0.25,0.0,12.27207763671875
00014.34,0.0,0.0,0.0,0.0,0.125,0.0,0.25,0.0,12.27207763671875
00014.36,0.0,0.0,0.0,0.0,0.125,0.0,0.25,0.0,12.27207763671875
000014.4,0.0,0.0,0.0,0.0,0.125,0.0,0.25,0.0,12.265795166015625
00014.42,0.0,0.0,0.0,0.0,0.125,0.0,0.25,0.0,12.278360107421875
00014.44,0.0,0.0,0.0,0.0,0.125,0.0,0.25,0.0,12.2595126953125
00014.46,0.0,0.0,0.0,0.0,0.25,0.125,0.25,0.0,12.27207763671875
00014.48,0.0,0.0,0.0,0.0,0.25,0.125,0.25,0.0,12.2595126953125
000014.5,0.0,0.0,0.0,0.0,0.25,0.125,0.25,0.0,12.265795166015625
00014.52,0.0,0.0,0.0,0.0,0.25,0.125,0.25,0.0,12.253230224609375
00014.54,0.0,0.0,0.0,0.0,0.25,0.125,0.25,0.0,12.24694775390625
00014.56,0.0,0.0,0.0,0.0,0.25,0.125,0.25,0.0,12.228100341796875
00014.58,0.0,0.0,0.0,0.0,0.25,0.125,0.25,0.0,12.228100341796875
000014.6,0.0,0.0,0.0,0.0,0.375,0.25,0.25,0.0,12.22181787109375
00014.62,0.0,0.0,0.0,0.0,0.375,0.25,0.25,0.0,12.2092529296875
00014.64,0.0,0.0,0.0,0.0,0.375,0.25,0.25,0.0,12.228100341796875
00014.66,0.0,0.0,0.0,0.0,0.375,0.25,0.25,0.25,12.190405517578125
00014.68,0.0,0.0,0.125,0.0,0.5,0.25,0.25,0.25,12.202970458984375
000014.7,0.125,0.0,0.125,0.0,0.5,0.25,0.25,0.25,12.177840576171874
00014.72,0.125,0.0,0.125,0.125,0.5,0.375,0.25,0.25,12.19668798828125
00014.74,0.125,0.0,0.125,0.125,0.5,0.375,0.25,0.25,12.2092529296875
00014.76,0.125,0.0,0.125,0.125,0.5,0.375,0.25,0.25,12.215535400390625
00014.78,0.125,0.0,0.125,0.125,0.375,0.375,0.375,0.25,12.22181787109375
000014.8,0.0,0.0,0.125,0.125,0.375,0.25,0.375,0.25,12.228100341796875
00014.82,0.0,0.0,0.0,0.0,0.375,0.25,0.375,0.25,12.22181787109375
00014.84,0.0,0.0,0.0,0.0,0.375,0.25,0.375,0.0,12.202970458984375
00014.86,0.0,0.0,0.0,0.0,0.375,0.25,0.375,0.25,12.202970458984375
00014.88,0.0,0.0,0.0,0.0,0.375,0.25,0.375,0.25,12.202970458984375
000014.9,0.125,0.0,0.125,0.0,0.375,0.25,0.375,0.25,12.202970458984375
00014.92,0.125,0.0,0.125,0.125,0.375,0.375,0.375,0.25,12.202970458984375
00014.94,0.125,0.0,0.125,0.125,0.5,0.375,0.375,0.25,12.17155810546875
00014.98,0.125,0.0,0.125,0.125,0.5,0.375,0.375,0.25,12.17155810546875
000015.0,0.375,0.0,0.125,0.125,0.5,0.375,0.375,0.25,12.121298339843749
00015.02,0.5,0.0,0.375,0.375,0.625,0.375,0.375,0.25,12.13386328125
00015.02,0.5,0.0,0.375,0.375,0.875,0.5,0.375,0.5,12.127580810546874
00015.04,0.5,0.0,0.375,0.375,0.875,0.5,0.375,0.5,12.140145751953124
00015.08,0.5,0.0,0.375,0.375,0.875,0.5,0.375,0.5,12.152710693359374
00015.08,0.375,0.0,0.375,0.375,0.875,0.5,0.375,0.25,12.152710693359374
000015.1,0.375,0.0,0.375,0.375,0.625,0.5,0.375,0.25,12.165275634765624
00015.12,0.375,0.0,0.125,0.125,0.5,0.375,0.375,0.25,12.152710693359374
00015.14,0.375,0.0,0.125,0.125,0.5,0.375,0.375,0.25,12.115015869140624
00015.16,0.375,0.0,0.125,0.375,0.625,0.5,0.375,0.25,12.071038574218749
00015.18,0.75,0.0,0.375,0.5,0.875,0.625,0.375,0.5,12.096168457031249
000015.2,0.75,0.0,0.5,0.625,1.0,0.625,0.375,0.5,12.102450927734374
00015.22,0.75,0.0,0.75,0.625,1.125,0.75,0.625,0.75,12.0584736328125
00015.24,0.75,0.0,0.75,0.625,1.125,0.75,0.625,0.75,12.077321044921874
00015.26,1.0,0.0,0.75,0.625,1.125,0.75,0.625,0.75,12.0584736328125
00015.28,1.0,0.0,0.75,0.875,1.125,0.75,0.625,0.75,12.0584736328125
00015.32,1.0,0.0,0.75,0.625,1.125,0.75,0.625,0.75,12.0584736328125
00015.34,1.0,0.0,0.75,0.875,1.125,0.75,0.625,0.75,12.03334375
00015.36,1.0,0.0,0.875,0.875,1.25,0.75,0.625,0.75,12.064756103515625
00015.38,1.125,0.0,0.875,0.875,1.25,0.75,0.625,0.75,12.014496337890625
000015.4,1.25,0.0,0.875,1.0,1.25,0.75,0.625,0.875,11.9076943359375
00015.42,1.75,0.0,1.25,1.125,1.5,0.875,0.625,1.125,11.819739746093749
00015.44,2.5,0.25,1.75,1.75,2.0,1.25,0.75,1.625,11.775762451171875
00015.46,3.0,0.25,2.125,2.25,2.625,1.625,0.75,2.375,11.819739746093749
00015.48,3.0,0.25,2.125,2.5,2.875,1.875,0.875,2.375,11.86999951171875
000015.5,2.75,0.25,2.125,2.0,2.375,1.625,0.875,2.375,11.9076943359375
00015.52,2.375,0.25,1.625,1.5,2.0,1.125,0.75,1.875,11.9579541015625
00015.54,2.125,0.25,1.25,1.375,1.625,1.0,0.75,1.375,11.983083984375
00015.56,1.375,0.25,0.875,1.0,1.5,0.875,0.75,1.125,11.99564892578125
00015.58,1.25,0.0,0.75,1.0,1.375,0.75,0.75,0.875,11.989366455078125
000015.6,1.25,0.25,0.75,0.875,1.25,0.75,0.625,0.75,11.989366455078125
00015.64,1.125,0.0,0.75,0.875,1.25,0.75,0.625,0.75,12.014496337890625
00015.66,1.125,0.0,0.75,0.875,1.125,0.75,0.625,0.75,11.97051904296875
00015.68,1.375,0.0,0.75,1.0,1.25,0.75,0.625,0.875,11.93282421875
000015.7,1.625,0.0,0.75,1.0,1.375,0.875,0.625,1.125,11.93282421875
00015.72,1.75,0.25,0.875,1.125,1.625,0.875,0.75,1.125,11.89512939453125
00015.74,1.875,0.25,0.875,1.375,1.75,1.0,0.75,1.375,11.800892333984375
00015.76,2.375,0.25,1.0,1.875,2.625,1.125,0.75,1.625,11.675242919921875
00015.78,2.875,0.25,1.625,2.375,3.375,1.875,0.875,2.125,11.631265625
000015.8,3.875,0.25,2.125,3.0,4.0,2.125,0.875,2.625,11.637548095703124
00015.82,4.25,0.375,2.625,3.375,4.125,2.125,0.875,2.75,11.64383056640625
00015.84,4.5,0.375,2.875,3.75,4.0,2.125,1.0,3.0,11.681525390625
00015.86,4.5,0.375,2.625,3.375,4.0,2.125,1.0,2.75,11.675242919921875
00015.88,4.375,0.375,2.25,3.25,3.75,1.875,0.875,2.75,11.725502685546875
000015.9,4.25,0.375,2.125,2.875,3.25,1.875,0.875,2.375,11.74435009765625
00015.92,3.875,0.375,2.0,2.75,3.0,1.75,0.875,2.125,11.782044921875
00015.94,3.625,0.25,1.625,2.375,2.625,1.375,0.75,1.875,11.76947998046875
00015.96,3.0,0.25,1.375,2.25,2.5,1.375,0.75,1.625,11.73178515625
00015.98,3.0,0.25,1.375,2.25,2.5,1.25,0.75,1.625,11.7066552734375
000016.0,3.375,0.25,1.625,2.375,2.75,1.625,0.875,1.875,11.725502685546875
00016.02,3.375,0.375,1.625,2.375,3.125,1.625,0.875,1.875,11.51818115234375
00016.04,3.875,0.25,1.625,2.75,3.875,2.125,1.0,3.25,11.4553564453125
00016.08,5.25,0.625,2.625,3.375,4.375,2.25,1.0,4.0,11.511898681640625
000016.1,5.625,0.625,3.125,4.0,4.75,2.625,1.0,4.25,11.486768798828125
00016.12,5.625,0.625,3.125,4.375,4.625,2.625,1.0,4.25,11.423944091796875
00016.14,5.625,0.375,3.375,4.75,4.75,2.75,1.0,4.5,11.4302265625
00016.18,5.75,0.375,3.375,4.75,4.875,2.75,1.0,4.5,11.4302265625
000016.2,5.875,0.375,3.125,4.875,4.875,2.75,0.875,4.5,11.4302265625
00016.22,6.125,0.375,3.375,4.75,5.125,2.625,0.875,4.5,11.292012207031249
00016.24,6.625,0.375,3.75,5.125,5.5,3.0,1.0,4.875,11.26688232421875
00016.26,6.875,0.375,4.125,5.375,6.0,3.375,1.125,5.125,11.39253173828125
00016.28,6.875,0.375,4.375,5.625,6.125,3.5,1.125,5.625,11.310859619140624
000016.3,7.25,0.375,4.375,5.25,6.125,3.5,1.125,5.625,11.260599853515625
00016.32,7.0,0.375,4.25,5.25,6.0,3.375,1.0,5.625,11.21662255859375
00016.34,7.125,0.25,4.375,5.75,6.25,3.25,0.875,5.875,11.1537978515625
00016.36,7.75,0.25,4.625,6.25,6.75,3.375,1.0,6.25,11.14123291015625
00016.38,7.875,0.375,4.75,6.75,7.0,3.625,1.0,6.375,11.14123291015625
000016.4,8.125,0.375,4.75,6.875,7.125,3.75,1.0,6.375,11.2291875
00016.42,8.0,0.375,4.375,6.875,7.0,3.5,0.875,5.875,11.160080322265625
00016.44,8.125,0.375,4.25,6.75,7.0,3.25,0.75,6.125,11.222905029296875
00016.46,8.125,0.375,3.875,6.375,6.875,3.25,0.75,5.875,11.24175244140625
00016.48,8.25,0.375,3.875,6.375,7.25,3.0,0.75,6.375,11.12866796875
000016.5,8.375,0.375,4.125,6.375,7.5,3.125,0.75,6.375,11.122385498046874
00016.52,8.75,0.375,4.25,6.875,7.875,3.25,0.625,6.625,11.0281484375
00016.54,8.75,0.375,4.375,7.125,7.875,3.125,0.625,7.0,10.971606201171875
00016.56,9.25,0.375,4.625,7.75,8.25,3.5,0.75,7.25,11.0281484375
00016.58,9.25,0.375,5.25,7.75,8.25,3.5,0.75,7.375,10.959041259765625
000016.6,9.5,0.375,6.0,8.0,8.625,3.875,0.875,7.375,10.96532373046875
00016.62,9.625,0.375,6.0,8.125,8.5,3.625,0.75,7.375,10.971606201171875
00016.64,9.75,0.625,5.25,8.125,8.625,3.5,0.75,7.5,10.971606201171875
00016.68,10.0,0.625,5.5,8.375,8.625,3.25,0.75,7.625,10.96532373046875
000016.7,10.0,0.375,5.5,8.5,8.75,3.5,0.75,7.25,10.933911376953125
00016.72,9.75,0.625,5.5,8.75,8.75,3.5,0.75,7.75,10.99045361328125
00016.74,9.75,0.375,5.25,8.625,8.625,3.25,0.75,7.0,10.86480419921875
00016.76,9.875,0.375,5.125,8.75,8.75,3.375,0.875,7.5,10.946476318359375
00016.78,9.75,0.375,5.25,8.75,8.625,3.125,0.875,7.5,10.984171142578125
000016.8,9.75,0.375,5.0,8.75,8.875,3.25,0.875,8.0,10.96532373046875
00016.82,9.625,0.375,4.625,8.625,8.75,3.0,0.75,7.75,11.040713378906249
00016.84,9.5,0.375,4.25,8.375,8.5,2.875,0.625,7.5,11.034430908203124
00016.86,9.375,0.375,3.75,8.25,8.125,2.625,0.75,6.75,11.11610302734375
00016.88,9.125,0.375,3.75,8.125,7.875,2.25,0.625,6.625,11.1035380859375
000016.9,9.0,0.375,3.375,7.75,7.5,2.125,0.625,6.125,11.147515380859375
000016.9,8.75,0.25,3.375,7.625,7.375,2.125,0.625,5.625,11.11610302734375
00016.94,8.625,0.25,2.875,7.625,7.625,2.125,0.625,4.875,11.235469970703125
00016.96,8.375,0.25,2.875,7.25,7.625,2.125,0.625,5.125,11.2040576171875
00016.98,8.375,0.25,2.625,6.75,7.375,2.0,0.375,4.875,11.2040576171875
000017.0,8.25,0.375,2.5,6.25,6.625,1.75,0.625,5.125,11.222905029296875
00017.04,8.375,0.25,2.25,6.625,6.5,1.75,0.625,4.875,11.2040576171875
00017.06,8.125,0.25,2.25,6.625,6.25,1.75,0.625,4.875,11.279447265625
00017.08,8.125,0.25,2.0,6.875,6.5,1.625,0.625,4.875,11.2291875
000017.1,7.5,0.25,2.125,6.875,6.625,1.75,0.375,4.875,11.222905029296875
00017.12,7.125,0.25,2.25,6.875,6.5,1.5,0.625,5.125,11.235469970703125
00017.14,7.375,0.25,2.125,6.375,6.25,1.75,0.625,5.375,11.210340087890625
00017.16,7.875,0.25,2.0,6.25,6.125,1.75,0.375,4.875,11.2291875
00017.18,8.0,0.25,2.0,5.75,6.5,1.75,0.375,4.75,11.21662255859375
000017.2,7.875,0.25,2.0,5.875,6.5,1.75,0.375,4.75,11.260599853515625
00017.22,7.875,0.25,2.625,6.125,6.125,1.5,0.625,4.875,11.235469970703125
00017.24,8.0,0.25,2.625,6.625,6.125,1.75,0.375,4.5,11.172645263671875
00017.26,7.875,0.25,2.125,6.75,5.875,1.75,0.375,4.25,11.222905029296875
00017.28,7.625,0.25,2.0,6.875,5.75,1.25,0.375,4.25,11.2040576171875
000017.3,7.875,0.25,2.125,6.625,5.875,1.375,0.375,4.5,11.197775146484375
00017.34,7.625,0.25,2.125,6.375,5.875,1.625,0.375,4.75,11.210340087890625
00017.34,7.875,0.25,2.25,6.375,6.0,1.875,0.625,4.75,11.172645263671875
00017.38,7.875,0.25,2.25,6.625,5.625,1.875,0.625,4.75,11.2291875
000017.4,7.625,0.25,2.25,6.25,5.875,1.625,0.625,4.75,11.210340087890625
00017.42,7.625,0.25,2.125,6.125,6.0,1.625,0.375,4.5,11.19149267578125
00017.44,7.625,0.25,2.0,5.875,6.5,1.5,0.375,4.25,11.335989501953124
00017.46,7.875,0.25,2.0,5.75,6.0,1.625,0.625,4.5,11.2543173828125
00017.48,7.625,0.25,2.25,5.75,5.875,1.625,0.625,4.5,11.19149267578125
000017.5,7.625,0.25,2.25,6.125,5.75,1.75,0.375,4.5,11.2543173828125
00017.52,7.5,0.25,2.25,5.875,6.125,1.75,0.375,4.25,11.26688232421875
00017.54,7.125,0.25,2.25,6.125,5.875,1.625,0.375,4.0,11.285729736328125
00017.58,6.875,0.25,2.125,5.75,6.125,1.625,0.375,4.25,11.260599853515625
000017.6,6.75,0.25,2.125,6.25,6.25,1.75,0.375,4.5,11.26688232421875
00017.62,7.375,0.25,2.0,6.25,6.25,1.875,0.625,4.75,11.2040576171875
00017.64,7.875,0.25,1.75,6.625,6.0,1.75,0.375,4.875,11.2040576171875
00017.66,7.625,0.25,2.0,6.25,5.875,1.875,0.375,4.75,11.285729736328125
00017.68,7.875,0.25,2.25,5.875,5.875,1.625,0.375,4.5,11.235469970703125
000017.7,7.875,0.25,2.125,5.75,5.875,1.75,0.375,4.25,11.260599853515625
00017.74,7.375,0.25,2.125,5.75,5.75,1.75,0.625,4.25,11.335989501953124
00017.76,7.375,0.25,2.125,5.875,5.75,1.875,0.625,4.5,11.248034912109375
00017.78,7.625,0.25,2.125,5.875,5.875,1.875,0.625,4.25,11.342271972656249
000017.8,7.875,0.25,2.125,5.875,5.875,2.0,0.375,4.0,11.210340087890625
00017.82,7.5,0.25,2.0,5.875,5.875,2.0,0.375,4.0,11.24175244140625
00017.84,7.875,0.25,2.125,6.125,6.125,2.0,0.375,4.0,11.292012207031249
00017.86,7.625,0.25,2.125,6.125,6.625,1.875,0.375,3.75,11.222905029296875
00017.88,8.0,0.25,2.25,6.25,6.5,1.75,0.375,4.0,11.248034912109375
000017.9,7.625,0.25,2.25,6.25,6.125,1.625,0.375,4.0,11.304577148437499
00017.92,7.875,0.25,2.125,5.875,5.875,1.25,0.375,4.5,11.235469970703125
00017.94,7.625,0.25,2.125,5.625,5.625,1.75,0.375,4.5,11.19149267578125
00017.96,7.875,0.25,1.75,5.75,5.875,1.75,0.375,4.5,11.248034912109375
00017.98,7.375,0.25,1.75,5.75,6.125,1.625,0.375,4.75,11.36740185546875
000018.0,7.5,0.25,1.75,5.875,6.125,1.25,0.375,4.875,11.248034912109375
00018.04,7.5,0.25,2.25,5.875,5.875,1.125,0.375,4.75,11.304577148437499
00018.06,8.125,0.25,2.25,5.625,6.125,1.375,0.375,4.25,11.172645263671875
00018.08,8.125,0.25,2.25,5.25,6.125,1.75,0.375,4.5,11.235469970703125
000018.1,8.25,0.25,2.125,5.25,6.125,1.875,0.625,4.5,11.2291875
00018.12,8.125,0.25,2.125,5.75,5.875,1.875,0.625,4.75,11.248034912109375
00018.14,7.5,0.25,2.125,6.25,5.75,1.625,0.375,4.25,11.260599853515625
00018.16,7.5,0.25,2.125,6.125,6.0,1.75,0.625,4.25,11.273164794921875
00018.18,7.375,0.25,2.0,5.625,6.0,1.875,0.375,4.25,11.222905029296875
000018.2,7.625,0.25,2.0,5.375,6.0,2.0,0.375,4.5,11.2543173828125
00018.22,7.5,0.25,1.75,5.875,6.125,1.75,0.375,4.5,11.260599853515625
00018.24,7.625,0.25,1.75,6.125,6.125,1.875,0.375,4.25,11.273164794921875
00018.26,7.875,0.25,1.75,5.625,6.0,1.5,0.375,4.5,11.21662255859375
00018.28,7.625,0.25,2.125,5.75,6.125,1.5,0.625,4.0,11.2291875
000018.3,7.5,0.25,2.125,5.625,6.0,1.5,0.625,4.0,11.26688232421875
00018.34,7.375,0.25,2.125,6.125,5.75,1.5,0.625,4.5,11.273164794921875
00018.36,7.625,0.25,2.0,6.125,5.75,1.625,0.625,4.5,11.2543173828125
00018.38,7.625,0.25,2.125,6.125,5.75,1.625,0.375,4.25,11.26688232421875
000018.4,7.625,0.25,2.125,5.75,6.0,1.625,0.375,4.0,11.292012207031249
00018.42,7.375,0.25,2.125,5.75,5.625,1.625,0.375,4.25,11.235469970703125
00018.46,7.375,0.25,2.0,5.875,5.75,1.625,0.375,4.0,11.317142089843749
00018.48,7.375,0.25,2.0,6.125,5.625,1.625,0.375,4.25,11.24175244140625
000018.5,7.625,0.25,2.125,5.875,5.75,1.5,0.375,4.25,11.2543173828125
00018.52,7.5,0.25,2.0,5.875,5.75,1.375,0.625,4.25,11.292012207031249
00018.54,7.5,0.25,1.75,5.75,5.75,1.5,0.375,4.25,11.172645263671875
00018.56,7.375,0.25,1.75,5.75,5.625,2.0,0.375,4.5,11.279447265625
00018.58,7.125,0.25,1.75,5.625,5.25,1.625,0.375,4.5,11.248034912109375
000018.6,7.5,0.25,2.0,5.75,5.375,1.75,0.375,4.75,11.2543173828125
00018.64,7.375,0.25,2.0,5.875,5.5,1.75,0.375,4.25,11.185210205078125
00018.66,7.5,0.25,2.125,5.75,5.5,1.875,0.375,4.25,11.317142089843749
00018.68,7.5,0.25,2.125,5.375,5.5,1.75,0.375,4.5,11.2291875
000018.7,7.625,0.25,2.125,5.625,5.625,1.625,0.375,4.25,11.298294677734374
00018.72,7.625,0.25,2.0,5.75,5.875,1.5,0.375,4.5,11.285729736328125
00018.74,7.625,0.25,2.0,5.875,5.5,1.5,0.375,4.5,11.222905029296875
00018.76,7.5,0.25,2.0,5.875,5.25,1.375,0.625,4.5,11.342271972656249
00018.78,7.375,0.25,2.125,5.75,5.375,1.5,0.625,4.25,11.260599853515625
000018.8,7.375,0.25,2.0,5.75,5.625,1.625,0.625,4.25,11.21662255859375
00018.82,7.375,0.25,2.0,5.75,5.875,1.625,0.375,4.0,11.273164794921875
00018.84,7.5,0.25,1.75,6.25,5.75,2.0,0.375,4.0,11.260599853515625
00018.86,7.5,0.25,1.75,5.875,5.875,2.0,0.375,3.75,11.323424560546874
00018.88,7.875,0.25,1.75,5.75,5.625,1.875,0.375,3.75,11.279447265625
000018.9,7.5,0.25,1.75,5.25,6.0,1.625,0.375,4.0,11.2291875
00018.92,7.125,0.25,1.625,5.25,5.75,1.5,0.375,4.0,11.24175244140625
00018.94,7.125,0.25,2.125,5.625,5.75,1.625,0.375,4.25,11.248034912109375
00018.96,7.5,0.25,2.0,5.875,5.75,1.75,0.375,4.0,11.2291875
00018.98,7.625,0.25,2.125,6.125,5.75,1.75,0.375,4.0,11.260599853515625
000019.0,7.375,0.25,2.125,6.125,5.625,1.75,0.375,4.0,11.317142089843749
00019.02,7.125,0.25,2.0,5.625,5.375,1.75,0.375,4.0,11.273164794921875
00019.04,7.125,0.25,2.0,5.625,5.375,1.75,0.375,4.0,11.292012207031249
00019.06,7.375,0.25,1.75,5.375,5.75,1.75,0.375,4.0,11.26688232421875
00019.08,8.0,0.25,2.0,5.75,5.625,1.625,0.375,4.0,11.222905029296875
000019.1,7.625,0.25,2.0,5.875,5.625,1.5,0.375,4.0,11.248034912109375
00019.12,7.875,0.25,2.0,5.875,5.375,1.5,0.375,4.25,11.2291875
00019.14,7.375,0.25,2.0,5.625,5.75,1.75,0.375,3.75,11.285729736328125
00019.18,7.375,0.25,1.75,5.75,5.875,1.625,0.625,3.75,11.26688232421875
000019.2,7.625,0.25,2.0,5.75,5.875,1.5,0.625,3.75,11.273164794921875
00019.22,7.625,0.25,2.125,5.75,5.875,1.625,0.625,3.75,11.235469970703125
00019.24,7.5,0.25,2.125,5.75,5.875,1.5,0.625,4.0,11.26688232421875
00019.26,7.5,0.25,2.0,5.375,5.75,1.625,0.375,4.0,11.310859619140624
00019.28,7.375,0.25,1.75,5.75,5.625,1.625,0.375,4.0,11.21662255859375
000019.3,7.625,0.25,2.0,5.75,5.625,1.625,0.375,4.0,11.26688232421875
00019.32,7.5,0.25,2.0,6.125,5.75,1.625,0.625,4.25,11.222905029296875
00019.34,7.5,0.25,2.0,6.25,5.75,1.625,0.625,4.25,11.2291875
00019.36,7.625,0.25,1.75,6.125,5.625,1.75,0.625,4.25,11.273164794921875
00019.38,7.875,0.25,1.75,5.875,5.5,1.75,0.375,4.0,11.24175244140625
000019.4,7.625,0.25,1.75,5.75,5.625,1.5,0.375,4.0,11.26688232421875
00019.42,7.375,0.25,1.75,6.125,5.625,1.5,0.375,3.75,11.2543173828125
00019.44,7.125,0.25,1.75,6.125,5.75,1.625,0.375,4.0,11.2543173828125
00019.46,7.125,0.25,1.75,6.125,5.5,1.375,0.375,4.0,11.379966796875
00019.48,6.5,0.25,1.75,6.125,5.125,1.375,0.375,3.5,11.361119384765624
000019.5,6.375,0.25,1.375,5.375,4.5,1.0,0.375,3.25,11.511898681640625
00019.52,5.125,0.0,1.625,4.0,3.75,1.0,0.375,2.75,11.549593505859374
00019.54,4.75,0.0,1.0,3.75,3.25,0.875,0.375,2.625,11.662677978515624
00019.56,3.0,0.0,0.875,2.75,2.25,0.75,0.375,2.125,11.838587158203124
000019.6,2.125,0.0,0.5,2.0,1.375,0.625,0.375,1.125,12.064756103515625
00019.62,1.0,0.0,0.125,1.0,1.0,0.375,0.25,0.75,12.278360107421875
00019.64,0.375,0.0,0.0,0.375,0.25,0.125,0.25,0.25,12.592483642578124
00019.66,0.0,0.0,0.0,0.0,0.0,0.0,0.0,0.0,12.718133056640625
00019.68,0.0,0.0,0.0,0.0,0.0,0.0,0.0,0.0,12.611331054687499
000019.7,0.0,0.0,0.0,0.0,0.0,0.0,0.0,0.0,12.79980517578125
00019.72,0.0,0.0,0.0,0.0,0.0,0.0,0.0,0.0,12.768392822265625
00019.74,0.0,0.0,0.0,0.0,0.0,0.0,0.0,0.0,12.680438232421874
00019.76,0.0,0.0,0.0,0.0,0.0,0.0,0.0,0.0,12.567353759765625
00019.78,0.0,0.0,0.0,0.0,0.0,0.0,0.0,0.0,12.586201171875
000019.8,0.0,0.0,0.0,0.0,0.0,0.0,0.0,0.0,12.529658935546875
00019.82,0.0,0.0,0.0,0.0,0.0,0.0,0.0,0.0,12.44798681640625
00019.84,0.0,0.0,0.0,0.0,0.0,0.0,0.0,0.0,12.366314697265624
00019.86,0.0,0.0,0.0,0.0,0.0,0.0,0.0,0.0,12.278360107421875
00019.88,0.0,0.0,0.0,0.0,0.0,0.0,0.0,0.0,12.265795166015625
000019.9,0.0,0.0,0.0,0.0,0.0,0.0,0.125,0.0,12.2092529296875
00019.92,0.0,0.0,0.0,0.0,0.125,0.0,0.125,0.0,12.22181787109375
00019.94,0.0,0.0,0.0,0.0,0.125,0.0,0.125,0.0,12.2343828125
00019.96,0.0,0.0,0.0,0.0,0.125,0.0,0.125,0.0,12.19668798828125
00019.98,0.0,0.0,0.0,0.0,0.125,0.0,0.25,0.0,12.19668798828125
00020.02,0.0,0.0,0.0,0.0,0.25,0.0,0.25,0.0,12.165275634765624
00020.04,0.0,0.0,0.0,0.0,0.375,0.125,0.25,0.25,12.140145751953124
00020.06,0.125,0.0,0.0,0.0,0.375,0.25,0.375,0.25,12.184123046875
00020.08,0.0,0.0,0.0,0.0,0.375,0.25,0.25,0.25,12.2092529296875
000020.1,0.0,0.0,0.0,0.0,0.25,0.125,0.25,0.25,12.240665283203125
00020.14,0.0,0.0,0.0,0.0,0.125,0.125,0.25,0.25,12.2343828125
00020.16,0.0,0.0,0.0,0.0,0.125,0.0,0.25,0.0,12.278360107421875
00020.18,0.0,0.0,0.0,0.0,0.125,0.0,0.125,0.0,12.334902343749999
000020.2,0.0,0.0,0.0,0.0,0.0,0.0,0.125,0.0,12.39772705078125
00020.22,0.0,0.0,0.0,0.0,0.0,0.0,0.125,0.0,12.372597167968749
00020.24,0.0,0.0,0.0,0.0,0.0,0.0,0.125,0.0,12.328619873046875
00020.26,0.0,0.0,0.0,0.0,0.0,0.0,0.125,0.0,12.32233740234375
00020.26,0.0,0.0,0.0,0.0,0.0,0.0,0.125,0.0,12.303489990234375
00020.28,0.0,0.0,0.0,0.0,0.0,0.0,0.125,0.0,12.27207763671875
000020.3,0.0,0.0,0.0,0.0,0.125,0.0,0.125,0.0,12.265795166015625
00020.32,0.0,0.0,0.0,0.0,0.125,0.0,0.125,0.0,12.265795166015625
00020.34,0.0,0.0,0.0,0.0,0.125,0.0,0.25,0.0,12.278360107421875
00020.38,0.0,0.0,0.0,0.0,0.125,0.0,0.25,0.0,12.265795166015625
000020.4,0.0,0.0,0.0,0.0,0.125,0.125,0.25,0.0,12.27207763671875
00020.42,0.0,0.0,0.0,0.0,0.25,0.125,0.25,0.0,12.27207763671875
00020.44,0.0,0.0,0.0,0.0,0.25,0.125,0.25,0.0,12.265795166015625
00020.46,0.0,0.0,0.0,0.0,0.25,0.125,0.25,0.0,12.27207763671875
00020.48,0.0,0.0,0.0,0.0,0.125,0.0,0.125,0.0,12.265795166015625
000020.5,0.0,0.0,0.0,0.0,0.0,0.0,0.125,0.0,12.278360107421875
00020.52,0.0,0.0,0.0,0.0,0.0,0.0,0.125,0.0,12.278360107421875
00020.54,0.0,0.0,0.0,0.0,0.0,0.0,0.125,0.0,12.253230224609375
00020.56,0.0,0.0,0.0,0.0,0.0,0.0,0.125,0.0,12.2595126953125
00020.58,0.0,0.0,0.0,0.0,0.0,0.0,0.125,0.0,12.265795166015625
000020.6,0.0,0.0,0.0,0.0,0.0,0.0,0.125,0.0,12.253230224609375
00020.62,0.0,0.0,0.0,0.0,0.0,0.0,0.125,0.0,12.2595126953125
00020.62,0.0,0.0,0.0,0.0,0.0,0.0,0.125,0.0,12.27207763671875
00020.64,0.0,0.0,0.0,0.0,0.0,0.0,0.125,0.0,12.27207763671875
00020.66,0.0,0.0,0.0,0.0,0.0,0.0,0.125,0.0,12.265795166015625
