04.26.08.53,L-RPM,R-RPM,L1-AMP,L2-AMP,L3-AMP,L4-AMP,L1-V,L2-V,L3-V,L4-V,R1-AMP,R2-AMP,R3-AMP,R4-AMP,R1-V,R2-V,R3-V,R4-V,Elev_1-AMP,Elev_2-AMP,Elev_1-V,Elev_2-V,Intake_L-AMP,Intake_R-AMP,Climber_1-AMP,Climber_2-AMP,BATTERY
000000.2,0.0,0.0,0.125,0.0,0.0,0.0,0.0,0.0,0.0,0.0,0.0,0.0,0.0,0.125,0.0,0.0,0.0,0.0,0.0,0.0,0.0,0.0,0.0,0.0,0.0,0.0,12.42285693359375
000000.3,0.0,0.0,0.125,0.0,0.0,0.0,0.0,0.0,0.0,0.0,0.0,0.0,0.0,0.125,0.0,0.0,0.0,0.0,0.0,0.0,0.0,0.0,0.0,0.0,0.0,0.0,12.416574462890624
00000.35,0.0,0.0,0.125,0.0,0.0,0.0,0.0,0.0,0.0,0.0,0.0,0.0,0.0,0.125,0.0,0.0,0.0,0.0,0.0,0.0,0.0,0.0,0.0,0.0,0.0,0.0,12.416574462890624
000000.4,0.0,0.0,0.125,0.0,0.0,0.0,0.0,0.0,0.0,0.0,0.0,0.0,0.0,0.125,0.0,0.0,0.0,0.0,0.0,0.0,0.0,0.0,0.0,0.0,0.0,0.0,12.42285693359375
00000.45,0.0,0.0,0.125,0.0,0.0,0.0,0.0,0.0,0.0,0.0,0.0,0.0,0.0,0.125,0.0,0.0,0.0,0.0,0.0,0.0,0.0,0.0,0.0,0.0,0.0,0.0,12.416574462890624
000000.5,0.0,0.0,0.125,0.0,0.0,0.0,0.0,0.0,0.0,0.0,0.0,0.0,0.0,0.125,0.0,0.0,0.0,0.0,0.0,0.0,0.0,0.0,0.0,0.0,0.0,0.0,12.429139404296874
00000.55,0.0,0.0,0.125,0.0,0.0,0.0,0.0,0.0,0.0,0.0,0.0,0.0,0.0,0.125,0.0,0.0,0.0,0.0,0.0,0.0,0.0,0.0,0.0,0.0,0.0,0.0,12.4102919921875
000000.6,0.0,0.0,0.125,0.0,0.0,0.0,0.0,0.0,0.0,0.0,0.0,0.0,0.0,0.125,0.0,0.0,0.0,0.0,0.0,0.0,0.0,0.0,0.0,0.0,0.0,0.0,12.404009521484374
00000.65,0.0,0.0,0.125,0.0,0.0,0.0,0.0,0.0,0.0,0.0,0.0,0.0,0.0,0.125,0.0,0.0,0.0,0.0,0.0,0.0,0.0,0.0,0.0,0.0,0.0,0.0,12.42285693359375
000000.7,0.0,0.0,0.125,0.0,0.0,0.0,0.0,0.0,0.0,0.0,0.0,0.0,0.0,0.125,-0.7741935483870968,0.0,0.0,0.0,0.0,0.0,0.0,0.0,0.0,0.0,0.0,0.0,12.334902343749999
00000.75,0.0,0.0,0.375,0.125,0.0,0.0,1.9260508308895408,1.1272727272727274,1.3265395894428154,1.0303030303030303,0.0,0.125,0.125,0.125,-2.666666666666667,-2.197165200391007,-2.0750733137829913,-2.4667644183773216,0.0,0.0,0.0,0.0,0.0,0.0,0.0,0.0,11.461638916015625
000000.8,0.0,0.00244140625,6.75,4.0,4.125,4.0,4.051906158357771,4.084848484848485,4.068377321603128,4.035434995112414,6.125,5.875,5.25,5.5,-3.1454056695992185,-4.068377321603128,-4.018963831867058,-4.035434995112414,0.0,0.0,0.0,0.0,0.0,0.0,0.0,0.0,10.820826904296874
00000.85,0.00634765625,0.010986328125,6.875,6.0,5.75,5.75,3.6070381231671558,3.6363636363636367,3.621700879765396,3.5923753665689153,6.375,7.75,7.75,6.875,-2.6710166177908117,-3.621700879765396,-3.577712609970675,-3.5923753665689153,0.0,0.0,0.0,0.0,0.0,0.0,0.0,0.0,11.474203857421875
000000.9,0.064208984375,0.068359375,4.5,5.625,5.125,4.625,2.597067448680352,2.618181818181818,2.607624633431085,2.5865102639296187,3.25,4.875,4.875,4.5,-1.8047409579667644,-2.607624633431085,-2.575953079178886,-2.5865102639296187,0.0,0.0,0.0,0.0,0.0,0.0,0.0,0.0,11.844869628906249
00000.95,0.10888671875,0.109130859375,7.0,3.125,3.375,3.25,5.386705767350929,4.341642228739003,4.486901270772239,4.760215053763441,0.125,0.875,0.875,0.875,2.0480938416422285,1.3726295210166177,1.253225806451613,1.6494623655913978,0.0,0.0,0.0,0.0,0.0,0.0,0.0,0.0,10.393618896484375
000001.0,0.111328125,0.10791015625,17.125,9.375,9.75,9.875,5.905767350928642,6.615835777126099,6.286217008797654,6.104007820136852,3.375,2.375,2.125,2.5,1.7067448680351907,3.0105571847507333,2.946774193548387,3.0105571847507333,0.0,0.0,0.0,0.0,0.0,0.0,0.0,0.0,10.820826904296874
00001.05,0.154541015625,0.085693359375,8.625,13.0,11.125,11.125,3.8871945259042033,3.8707233626588464,3.837781036168133,3.837781036168133,0.0,1.25,1.5,1.25,-3.2942326490713585,-3.8542521994134895,-3.7883675464320623,-3.8213098729227766,0.0,0.0,0.0,0.0,0.0,0.0,0.0,0.0,11.423944091796875
000001.1,0.212158203125,0.046630859375,5.0,4.75,4.625,4.0,3.8213098729227766,3.804838709677419,3.7883675464320623,3.7883675464320623,3.25,2.75,2.125,2.5,-3.2942326490713585,-3.8542521994134895,-3.7883675464320623,-3.8213098729227766,0.0,0.0,0.0,0.0,0.0,0.0,0.0,0.0,11.335989501953124
00001.15,0.219970703125,0.04638671875,4.625,3.875,3.875,3.375,3.719257086999023,3.7032258064516133,3.687194525904203,3.687194525904203,3.875,4.5,3.875,4.125,-3.1867057673509285,-3.728445747800586,-3.664711632453568,-3.719257086999023,0.0,0.0,0.0,0.0,0.0,0.0,0.0,0.0,11.147515380859375
000001.2,0.231689453125,0.1015625,4.0,3.375,3.625,3.125,3.719257086999023,3.7032258064516133,3.687194525904203,3.687194525904203,4.875,5.375,5.25,4.875,-1.4271749755620724,-2.8020527859237534,-2.754154447702835,-2.573998044965787,0.0,0.0,0.0,0.0,0.0,0.0,0.0,0.0,11.725502685546875
00001.25,0.23828125,0.141357421875,4.375,3.75,3.875,3.375,3.767350928641251,3.735288367546432,3.719257086999023,3.7032258064516133,0.0,1.625,1.625,1.375,-0.7452101661779081,-0.9035190615835776,-0.8880742913000977,-0.9035190615835776,0.0,0.0,0.0,0.0,0.0,0.0,0.0,0.0,11.800892333984375
000001.3,0.2421875,0.172119140625,4.25,4.0,4.0,3.5,3.3423753665689153,3.735288367546432,3.537829912023461,3.2854838709677425,0.0,0.0,0.0,0.125,-1.509286412512219,-1.2695014662756599,-1.247800586510264,-1.3609970674486802,0.0,0.0,0.0,0.0,0.0,0.0,0.0,0.0,11.976801513671875
00001.35,0.239013671875,0.170654296875,1.0,1.625,1.875,1.375,2.4809384164222874,2.4598240469208212,2.4492668621700884,2.438709677419355,0.625,1.0,0.875,1.125,-2.0375366568914957,-2.470381231671554,-2.4281524926686218,-2.470381231671554,0.0,0.0,0.0,0.0,0.0,0.0,0.0,0.0,12.089885986328124
000001.4,0.238037109375,0.172119140625,0.5,0.375,0.375,0.25,2.575953079178886,2.575953079178886,2.554838709677419,2.5442815249266864,0.0,0.875,0.75,0.625,-2.195894428152493,-2.575953079178886,-2.533724340175953,-2.554838709677419,0.0,0.0,0.0,0.0,0.0,0.0,0.0,0.0,12.108733398437499
00001.45,0.240478515625,0.18017578125,0.5,0.375,0.375,0.25,2.575953079178886,2.575953079178886,2.554838709677419,2.5442815249266864,0.0,0.125,0.125,0.25,-2.195894428152493,-2.575953079178886,-2.533724340175953,-2.554838709677419,0.0,0.0,0.0,0.0,0.0,0.0,0.0,0.0,12.13386328125
000001.5,0.241943359375,0.192138671875,0.5,0.5,0.375,0.25,2.575953079178886,2.575953079178886,2.554838709677419,2.5442815249266864,0.0,0.125,0.125,0.25,-2.195894428152493,-2.575953079178886,-2.533724340175953,-2.554838709677419,0.0,0.0,0.0,0.0,0.0,0.0,0.0,0.0,12.115015869140624
00001.55,0.234130859375,0.1943359375,0.5,0.5,0.375,0.25,2.575953079178886,2.575953079178886,2.5653958944281525,2.5442815249266864,0.0,0.375,0.25,0.5,-2.072336265884653,-2.575953079178886,-2.4868035190615836,-2.5178885630498535,0.0,0.0,0.0,0.0,0.0,0.0,0.0,0.0,12.140145751953124
000001.6,0.21240234375,0.1904296875,0.5,0.5,0.375,0.25,2.5865102639296187,2.575953079178886,2.5653958944281525,2.554838709677419,0.0,0.0,0.125,0.25,-1.6422287390029324,-2.0035190615835776,-1.970674486803519,-1.995307917888563,0.0,0.0,0.0,0.0,0.0,0.0,0.0,0.0,12.19668798828125
00001.65,0.20556640625,0.18798828125,0.75,0.5,0.375,0.25,2.5865102639296187,2.575953079178886,2.5653958944281525,2.554838709677419,0.0,0.0,0.0,0.125,-1.6715542521994133,-2.0392961876832847,-2.005865102639296,-2.0309384164222872,0.0,0.0,0.0,0.0,0.0,0.0,0.0,0.0,12.1589931640625
000001.7,0.212158203125,0.19384765625,0.75,0.5,0.375,0.25,2.5865102639296187,2.5865102639296187,2.575953079178886,2.554838709677419,0.0,0.0,0.0,0.25,-2.033822091886608,-2.418866080156403,-2.3793743890518084,-2.4089931573802543,0.0,0.0,0.0,0.0,0.0,0.0,0.0,0.0,12.13386328125
00001.75,0.21533203125,0.201904296875,0.75,0.5,0.375,0.25,2.5865102639296187,2.5865102639296187,2.575953079178886,2.554838709677419,0.0,0.125,0.125,0.25,-1.9834799608993159,-2.418866080156403,-2.3793743890518084,-2.349364613880743,0.0,0.0,0.0,0.0,0.0,0.0,0.0,0.0,12.14642822265625
000001.8,0.211181640625,0.2021484375,1.125,0.625,0.625,0.5,2.6823069403714563,2.6823069403714563,2.6713587487781036,2.649462365591398,0.0,0.0,0.125,0.25,-1.2988269794721408,-1.9758064516129032,-1.9435483870967742,-1.8723362658846532,0.0,0.0,0.0,0.0,0.0,0.0,0.0,0.0,12.152710693359374
00001.85,0.20458984375,0.197509765625,1.375,1.125,1.0,0.75,4.514418377321603,3.640273704789834,3.911632453567938,3.311827956989247,0.0,0.0,0.0,0.125,0.9162267839687196,0.0,0.0,0.0,0.0,0.0,0.0,0.0,0.0,0.0,0.0,0.0,11.51818115234375
000001.9,0.20166015625,0.18798828125,6.25,3.5,3.875,3.5,5.22605083088954,4.5113880742913,4.641348973607038,4.858504398826979,1.375,0.75,1.0,1.125,2.514907135874878,2.1466275659824046,2.1108504398826984,2.212463343108505,0.0,0.0,0.0,0.0,0.0,0.0,0.0,0.0,10.368489013671875
00001.95,0.225830078125,0.16455078125,11.0,8.625,8.125,8.375,5.559139784946237,5.701075268817205,5.630107526881721,5.559139784946237,6.25,5.75,6.0,6.0,2.354594330400782,2.8504398826979473,2.8029325513196484,2.722140762463343,0.0,0.0,0.0,0.0,0.0,0.0,0.0,0.0,10.506703369140626
000002.0,0.246337890625,0.101318359375,10.25,9.75,9.25,9.0,3.8936950146627565,5.606842619745845,5.350928641251222,5.007820136852395,5.75,6.375,6.875,6.75,1.1322091886608014,2.2756598240469206,1.580254154447703,2.1545454545454548,0.0,0.0,0.0,0.0,0.0,0.0,0.0,0.0,11.826022216796874
00002.05,0.26318359375,0.03125,5.0,4.625,6.125,5.875,3.3423753665689153,3.055571847507331,3.234652981427175,3.2854838709677425,0.875,2.625,2.75,2.125,-2.4109970674486805,-1.844868035190616,-2.4511730205278592,-1.944281524926686,0.0,0.0,0.0,0.0,0.0,0.0,0.0,0.0,11.612418212890624
000002.1,0.2783203125,0.008544921875,2.625,2.0,1.875,1.5,3.5491202346041058,3.4585043988269795,3.4585043988269795,3.4887096774193553,2.75,2.125,2.625,2.125,-3.0658357771261,-3.5189149560117303,-3.4585043988269795,-3.5340175953079176,0.0,0.0,0.0,0.0,0.0,0.0,0.0,0.0,11.411379150390625
00002.15,0.27685546875,0.03466796875,2.875,2.375,2.75,2.375,3.5491202346041058,3.4585043988269795,3.4585043988269795,3.4887096774193553,3.5,4.125,3.5,3.75,-2.9765395894428157,-3.41642228739003,-3.3577712609970676,-3.43108504398827,0.0,0.0,0.0,0.0,0.0,0.0,0.0,0.0,11.26688232421875
000002.2,0.25341796875,0.10595703125,2.875,2.5,2.75,2.375,3.328445747800587,3.328445747800587,3.3137829912023467,3.3137829912023467,4.25,5.25,5.0,5.0,-2.7565982404692084,-3.328445747800587,-3.240469208211144,-3.3137829912023467,0.0,0.0,0.0,0.0,0.0,0.0,0.0,0.0,11.4050966796875
00002.25,0.2421875,0.158203125,2.875,2.5,2.75,2.25,3.328445747800587,3.328445747800587,3.3137829912023467,3.3137829912023467,3.125,4.125,4.0,4.0,-2.7565982404692084,-3.328445747800587,-3.240469208211144,-3.3137829912023467,0.0,0.0,0.0,0.0,0.0,0.0,0.0,0.0,11.511898681640625
000002.3,0.239013671875,0.172607421875,2.875,2.375,2.625,2.125,3.328445747800587,3.328445747800587,3.3137829912023467,3.3137829912023467,2.875,3.625,3.5,3.375,-2.7565982404692084,-3.328445747800587,-3.240469208211144,-3.3137829912023467,0.0,0.0,0.0,0.0,0.0,0.0,0.0,0.0,11.587288330078124
00002.35,0.238037109375,0.189453125,2.75,2.375,2.5,2.125,2.884652981427175,3.41642228739003,3.206451612903226,2.935483870967742,2.25,2.75,2.75,2.625,-2.932551319648094,-3.41642228739003,-3.372434017595308,-3.4017595307917894,0.0,0.0,0.0,0.0,0.0,0.0,0.0,0.0,11.800892333984375
000002.4,0.239501953125,0.212646484375,1.0,1.375,1.5,1.125,2.1043988269794722,2.0954056695992183,2.07741935483871,2.07741935483871,2.125,2.75,2.5,2.5,-2.932551319648094,-3.41642228739003,-3.372434017595308,-3.4017595307917894,0.0,0.0,0.0,0.0,0.0,0.0,0.0,0.0,11.901411865234374
00002.45,0.238525390625,0.22509765625,0.375,0.25,0.375,0.125,2.8363636363636364,2.186510263929619,2.3483870967741933,2.6193548387096777,1.75,2.375,2.25,2.375,-2.932551319648094,-3.41642228739003,-3.372434017595308,-3.4017595307917894,0.0,0.0,0.0,0.0,0.0,0.0,0.0,0.0,11.681525390625
000002.5,0.236328125,0.2431640625,2.5,1.25,1.75,1.25,3.43108504398827,3.41642228739003,3.387096774193549,3.387096774193549,1.5,2.25,1.875,1.875,-2.932551319648094,-3.41642228739003,-3.372434017595308,-3.4017595307917894,0.0,0.0,0.0,0.0,0.0,0.0,0.0,0.0,11.800892333984375
00002.55,0.2392578125,0.2509765625,2.125,1.375,1.75,1.125,3.4750733137829917,3.4750733137829917,3.4457478005865103,3.43108504398827,1.375,2.125,1.75,1.875,-2.9450146627565985,-3.4750733137829917,-3.41642228739003,-3.5526881720430112,0.0,0.0,0.0,0.0,0.0,0.0,0.0,0.0,11.700372802734375
000002.6,0.248291015625,0.254638671875,2.75,2.25,2.5,1.5,3.7994134897360707,3.776246334310851,3.767350928641251,3.7513196480938413,1.5,2.125,1.75,1.875,-3.126099706744868,-3.7994134897360707,-3.735288367546432,-3.783382209188661,0.0,0.0,0.0,0.0,0.0,0.0,0.0,0.0,11.624983154296874
00002.65,0.257568359375,0.262939453125,3.0,2.25,2.75,2.25,3.7994134897360707,3.7994134897360707,3.767350928641251,3.7513196480938413,1.875,2.625,2.25,2.125,-3.211876832844575,-3.7994134897360707,-3.735288367546432,-3.875659824046921,0.0,0.0,0.0,0.0,0.0,0.0,0.0,0.0,11.574723388671874
000002.7,0.266357421875,0.26953125,3.125,2.5,2.875,2.375,3.837781036168133,3.8542521994134895,3.8213098729227766,3.804838709677419,2.125,2.625,2.25,2.375,-3.391984359726295,-3.968621700879765,-3.900782013685239,-3.9120234604105573,0.0,0.0,0.0,0.0,0.0,0.0,0.0,0.0,11.53074609375
00002.75,0.27783203125,0.27587890625,3.5,2.75,3.0,2.5,4.179423264907136,3.968621700879765,4.1161290322580655,4.143548387096774,2.5,3.125,2.5,2.625,-3.8807429130009776,-4.197360703812317,-4.125610948191594,-4.252199413489737,0.0,0.0,0.0,0.0,0.0,0.0,0.0,0.0,11.222905029296875
000002.8,0.280517578125,0.28125,4.75,3.75,3.625,3.125,4.885483870967742,4.631964809384164,4.773802541544478,5.091935483870968,4.125,5.125,4.5,4.0,-4.408602150537634,-4.849462365591398,-4.805376344086022,-4.805376344086022,0.0,0.0,0.0,0.0,0.0,0.0,0.0,0.0,10.88993408203125
00002.85,0.291748046875,0.298583984375,6.625,5.375,5.5,5.125,5.448240469208211,4.8715053763440865,4.827419354838709,4.783333333333334,5.125,5.625,5.125,4.625,-3.967741935483871,-4.849462365591398,-4.805376344086022,-4.805376344086022,0.0,0.0,0.0,0.0,0.0,0.0,0.0,0.0,10.682612548828125
000002.9,0.3115234375,0.319091796875,7.75,6.0,6.0,5.75,5.448240469208211,5.497996089931574,5.448240469208211,5.398484848484849,5.625,5.5,5.5,4.75,-4.47800586510264,-5.473118279569892,-5.42336265884653,-5.42336265884653,0.0,0.0,0.0,0.0,0.0,0.0,0.0,0.0,10.519268310546874
00002.95,0.327880859375,0.337158203125,9.125,7.25,7.25,7.0,5.83357771260997,5.886852394916911,5.83357771260997,5.780303030303031,7.25,7.375,6.875,6.25,-4.671554252199414,-5.709677419354838,-5.657771260997068,-5.657771260997068,0.0,0.0,0.0,0.0,0.0,0.0,0.0,0.0,10.707742431640625
000003.0,0.3486328125,0.35693359375,9.5,7.625,7.375,7.375,6.13724340175953,5.75366568914956,5.89516129032258,6.024633431085043,3.75,5.75,5.25,4.5,-1.3636363636363638,-2.280156402737048,-1.4678885630498533,-2.0350928641251222,0.0,0.0,0.0,0.0,0.0,0.0,0.0,0.0,11.178927734375
00003.05,0.3720703125,0.371826171875,10.875,8.875,8.375,8.375,6.13724340175953,6.0809384164222875,6.052785923753665,6.024633431085043,0.0,0.0,0.125,0.125,0.5,0.5860215053763441,0.5725806451612904,0.5860215053763441,0.0,0.0,0.0,0.0,0.0,0.0,0.0,0.0,11.065843261718749
000003.1,0.40283203125,0.8984375,10.0,8.75,8.125,8.0,5.42336265884653,5.3736070381231675,5.800586510263929,5.52258064516129,0.375,0.5,0.625,0.75,-0.9,0.0,0.0,0.0,0.0,0.0,0.0,0.0,0.0,0.0,0.0,0.0,11.61870068359375
00003.15,0.420654296875,1.318603515625,7.75,6.25,6.625,6.375,5.42336265884653,5.746774193548387,5.672140762463343,5.323851417399804,0.0,0.375,0.5,0.625,-4.581818181818182,-4.048093841642229,-4.7917888563049855,-4.290322580645162,0.0,0.0,0.0,0.0,0.0,0.0,0.0,0.0,11.084690673828124
000003.2,0.440673828125,0.7080078125,4.875,3.75,4.375,3.625,5.452101661779081,5.611290322580646,5.4046920821114375,5.4046920821114375,5.625,4.625,3.875,4.25,-4.669843597262953,-5.499511241446727,-5.4046920821114375,-5.475806451612904,0.0,0.0,0.0,0.0,0.0,0.0,0.0,0.0,11.39253173828125
00003.25,0.45263671875,0.248779296875,4.125,3.5,3.75,3.25,5.452101661779081,5.475806451612904,5.4046920821114375,5.4046920821114375,5.25,5.375,4.75,5.25,-4.669843597262953,-5.499511241446727,-5.4046920821114375,-5.475806451612904,0.0,0.0,0.0,0.0,0.0,0.0,0.0,0.0,10.5004208984375
000003.3,0.4501953125,0.33642578125,7.0,5.625,5.5,5.25,5.328445747800586,5.475806451612904,5.282111436950147,5.282111436950147,7.0,8.25,7.875,8.0,-4.563929618768329,-5.374780058651027,-5.282111436950147,-5.351612903225806,0.0,0.0,0.0,0.0,0.0,0.0,0.0,0.0,10.68889501953125
00003.35,0.41943359375,0.34423828125,7.0,6.25,6.375,5.875,4.7172043010752684,4.7612903225806456,4.7172043010752684,4.7172043010752684,5.25,6.375,5.75,5.875,-3.827956989247312,-4.666275659824048,-4.558260019550342,-4.7172043010752684,0.0,0.0,0.0,0.0,0.0,0.0,0.0,0.0,11.0030185546875
000003.4,0.36572265625,0.341552734375,5.625,4.875,4.75,4.25,4.602150537634408,4.645161290322581,4.602150537634408,4.602150537634408,5.25,6.125,5.5,5.25,-3.827956989247312,-4.645161290322581,-4.537634408602151,-4.602150537634408,0.0,0.0,0.0,0.0,0.0,0.0,0.0,0.0,11.021865966796875
00003.45,0.335205078125,0.33154296875,5.875,5.0,4.875,4.625,4.487096774193549,4.645161290322581,4.487096774193549,4.487096774193549,4.625,5.125,4.625,4.375,-3.732258064516129,-4.529032258064516,-4.424193548387097,-4.487096774193549,0.0,0.0,0.0,0.0,0.0,0.0,0.0,0.0,11.160080322265625
000003.5,0.34130859375,0.302490234375,5.625,4.75,4.75,4.625,4.426979472140763,4.505376344086022,4.419354838709677,4.4644183773216035,4.0,4.375,4.125,4.0,-3.748973607038123,-4.407038123167156,-4.327272727272728,-4.407038123167156,0.0,0.0,0.0,0.0,0.0,0.0,0.0,0.0,11.411379150390625
00003.55,0.347900390625,0.337890625,3.375,3.0,3.125,2.625,4.307624633431085,4.268817204301075,4.268817204301075,4.230009775171066,3.125,4.25,3.75,3.75,-3.4641251221896385,-4.28822091886608,-4.210606060606061,-4.28822091886608,0.0,0.0,0.0,0.0,0.0,0.0,0.0,0.0,11.335989501953124
000003.6,0.330810546875,0.3583984375,3.75,3.75,3.875,3.0,3.873607038123168,4.053763440860215,3.967741935483871,3.803812316715543,2.25,3.25,2.875,2.75,-3.280351906158358,-3.8561583577712617,-3.786363636363637,-3.8561583577712617,0.0,0.0,0.0,0.0,0.0,0.0,0.0,0.0,11.46792138671875
00003.65,0.308837890625,0.347900390625,3.75,3.75,3.875,3.375,4.013196480938417,3.9782991202346043,3.9782991202346043,3.943401759530792,2.125,3.0,2.5,2.625,-3.402492668621701,-4.013196480938417,-3.943401759530792,-3.9782991202346043,0.0,0.0,0.0,0.0,0.0,0.0,0.0,0.0,11.54331103515625
000003.7,0.317138671875,0.3232421875,2.25,1.625,2.375,1.75,4.013196480938417,3.9782991202346043,3.9782991202346043,3.943401759530792,2.875,3.25,3.0,3.0,-3.402492668621701,-4.013196480938417,-3.943401759530792,-3.9782991202346043,0.0,0.0,0.0,0.0,0.0,0.0,0.0,0.0,11.555875976562499
00003.75,0.318603515625,0.29931640625,3.0,2.625,3.0,2.375,4.125610948191594,4.089736070381232,4.089736070381232,4.053861192570871,1.375,1.875,1.75,1.75,-3.497800586510264,-4.125610948191594,-4.053861192570871,-4.089736070381232,0.0,0.0,0.0,0.0,0.0,0.0,0.0,0.0,11.581005859374999
000003.8,0.30908203125,0.29052734375,4.0,3.375,3.5,3.125,4.030645161290323,4.048093841642229,4.030645161290323,4.013196480938417,0.625,1.25,1.0,0.875,-1.801564027370479,-2.744086021505377,-2.7859237536656893,-2.4725806451612904,0.0,0.0,0.0,0.0,0.0,0.0,0.0,0.0,11.800892333984375
00003.85,0.30126953125,0.30615234375,3.75,3.25,3.375,2.875,4.245161290322581,4.26353861192571,4.245161290322581,4.226783968719452,0.0,0.5,0.5,0.5,0.0,0.0,0.0,0.0,0.0,0.0,0.0,0.0,0.0,0.0,0.0,0.0,11.97051904296875
000003.9,0.314453125,0.29345703125,2.5,2.0,1.875,1.75,4.030645161290323,4.048093841642229,4.030645161290323,4.013196480938417,0.0,0.0,0.0,0.125,0.0,0.0,0.0,0.0,0.0,0.0,0.0,0.0,0.0,0.0,0.0,0.0,11.9579541015625
00003.95,0.318115234375,0.253662109375,1.75,1.875,1.875,1.375,2.709677419354839,2.7214076246334318,2.709677419354839,2.6979472140762466,0.0,0.375,0.125,0.25,-2.2287390029325516,-2.8152492668621703,-2.7800586510263936,-2.8152492668621703,0.0,0.0,0.0,0.0,0.0,0.0,0.0,0.0,12.077321044921874
000004.0,0.324462890625,0.199462890625,0.625,0.625,0.625,0.5,2.8269794721407626,2.8269794721407626,2.8152492668621703,2.7917888563049855,0.0,0.375,0.125,0.25,-2.41642228739003,-2.8152492668621703,-2.7800586510263936,-2.8152492668621703,0.0,0.0,0.0,0.0,0.0,0.0,0.0,0.0,12.102450927734374
00004.05,0.318603515625,0.205078125,0.5,0.5,0.375,0.25,2.638514173998045,2.732746823069404,2.627565982404692,2.7917888563049855,0.0,0.0,0.0,0.125,-2.255327468230694,-2.627565982404692,-2.594721407624634,-2.627565982404692,0.0,0.0,0.0,0.0,0.0,0.0,0.0,0.0,12.177840576171874
000004.1,0.271728515625,0.24462890625,0.5,0.25,0.375,0.125,2.4500488758553276,2.490713587487781,2.4398826979472137,2.419550342130987,0.0,0.0,0.0,0.125,-2.0942326490713588,-2.4398826979472137,-2.4500488758553276,-2.4398826979472137,0.0,0.0,0.0,0.0,0.0,0.0,0.0,0.0,12.165275634765624
00004.15,0.244384765625,0.240966796875,0.5,0.375,0.375,0.25,2.2272727272727275,2.2272727272727275,2.2181818181818183,2.2,0.0,0.0,0.0,0.125,-1.8272727272727274,-2.2272727272727275,-2.190909090909091,-2.2181818181818183,0.0,0.0,0.0,0.0,0.0,0.0,0.0,0.0,12.2092529296875
000004.2,0.24951171875,0.239501953125,0.5,0.25,0.375,0.125,2.2272727272727275,2.2272727272727275,2.2181818181818183,2.2,0.0,0.0,0.0,0.125,-1.8272727272727274,-2.2272727272727275,-2.190909090909091,-2.2181818181818183,0.0,0.0,0.0,0.0,0.0,0.0,0.0,0.0,12.316054931640625
00004.25,0.254150390625,0.23876953125,0.125,0.125,0.0,0.0,2.1434506353861194,2.1434506353861194,2.134701857282503,2.117204301075269,0.0,0.0,0.0,0.0,-1.7585043988269797,-2.1434506353861194,-2.1084555229716524,-2.134701857282503,0.0,0.0,0.0,0.0,0.0,0.0,0.0,0.0,12.3097724609375
000004.3,0.253662109375,0.23828125,0.125,0.0,0.0,0.0,2.1784457478005868,2.16969696969697,2.16969696969697,2.152199413489736,0.0,0.0,0.0,0.0,-1.8547409579667649,-2.1784457478005868,-2.1434506353861194,-2.160948191593353,0.0,0.0,0.0,0.0,0.0,0.0,0.0,0.0,12.24694775390625
00004.35,0.246337890625,0.240966796875,0.375,0.125,0.25,0.0,2.1784457478005868,2.16969696969697,2.16969696969697,2.152199413489736,0.0,0.0,0.0,0.125,-1.8547409579667649,-2.1784457478005868,-2.1434506353861194,-2.160948191593353,0.0,0.0,0.0,0.0,0.0,0.0,0.0,0.0,12.2092529296875
000004.4,0.219482421875,0.231201171875,0.375,0.125,0.25,0.0,1.8498533724340178,1.8424242424242425,1.878787878787879,1.8275659824046924,0.0,0.0,0.0,0.125,-1.5749755620723365,-1.8498533724340178,-1.820136852394917,-1.8349951124144672,0.0,0.0,0.0,0.0,0.0,0.0,0.0,0.0,12.284642578125
00004.45,0.21240234375,0.21533203125,0.125,0.125,0.25,0.0,1.1636363636363636,1.73841642228739,1.5452590420332355,1.2453567937438905,0.0,0.0,0.0,0.125,-0.7441348973607039,-1.4424242424242424,-1.5145650048875856,-1.1589442815249267,0.0,0.0,0.0,0.0,0.0,0.0,0.0,0.0,12.416574462890624
000004.5,0.21533203125,0.202880859375,0.125,0.0,0.0,0.0,0.8,0.7967741935483871,0.7967741935483871,0.8501955034213098,0.0,0.0,0.0,0.0,0.0,0.0,0.0,0.0,0.0,0.0,0.0,0.0,0.0,0.0,0.0,0.0,12.334902343749999
00004.55,0.20703125,0.199462890625,0.125,0.0,0.0,0.0,0.8,0.7967741935483871,0.7967741935483871,0.7903225806451613,0.0,0.0,0.0,0.125,0.0,0.0,0.0,0.0,0.0,0.0,0.0,0.0,0.0,0.0,0.0,0.0,12.334902343749999
000004.6,0.181396484375,0.189697265625,0.125,0.0,0.0,0.0,0.8640762463343108,0.8,0.8606060606060606,0.8536656891495601,0.0,0.0,0.0,0.125,-0.7212121212121213,0.0,0.0,-0.6787878787878788,0.0,0.0,0.0,0.0,0.0,0.0,0.0,0.0,12.334902343749999
00004.65,0.167236328125,0.18017578125,0.125,0.125,0.0,0.0,0.8032258064516129,0.8,0.8,0.7935483870967742,0.0,0.0,0.0,0.125,-0.7000000000000001,-0.8032258064516129,-0.7903225806451613,-0.8,0.0,0.0,0.0,0.0,0.0,0.0,0.0,0.0,12.290925048828125
000004.7,0.14599609375,0.1484375,0.125,0.125,0.25,0.0,0.9736070381231673,0.9696969696969697,0.9696969696969697,0.9618768328445748,0.0,0.0,0.0,0.125,-0.8484848484848486,-0.9736070381231673,-0.9579667644183774,-0.9696969696969697,0.0,0.0,0.0,0.0,0.0,0.0,0.0,0.0,12.27207763671875
00004.75,0.128662109375,0.11767578125,0.375,0.125,0.25,0.0,0.9736070381231673,0.9657869012707722,0.9696969696969697,0.9618768328445748,0.0,0.0,0.0,0.125,-0.8484848484848486,-0.9696969696969697,-0.9540566959921799,-0.9618768328445748,0.0,0.0,0.0,0.0,0.0,0.0,0.0,0.0,12.2595126953125
000004.8,0.107177734375,0.080322265625,0.375,0.25,0.375,0.125,1.3333333333333335,1.3038123167155424,1.3225806451612905,1.1974584555229717,0.0,0.0,0.0,0.125,-1.1344086021505377,-1.3333333333333335,-1.3118279569892475,-1.3225806451612905,0.0,0.0,0.0,0.0,0.0,0.0,0.0,0.0,12.22181787109375
00004.85,0.097900390625,0.06689453125,0.375,0.125,0.25,0.0,1.3333333333333335,1.3279569892473118,1.3225806451612905,1.3172043010752688,0.0,0.0,0.0,0.125,-1.1344086021505377,-1.3333333333333335,-1.3118279569892475,-1.3225806451612905,0.0,0.0,0.0,0.0,0.0,0.0,0.0,0.0,12.240665283203125
000004.9,0.08837890625,0.0537109375,0.375,0.125,0.25,0.0,1.478787878787879,1.4728250244379277,1.4668621700879767,1.4608993157380255,0.0,0.0,0.0,0.125,-1.2581622678396873,-1.4668621700879767,-1.4430107526881721,-1.4668621700879767,0.0,0.0,0.0,0.0,0.0,0.0,0.0,0.0,12.127580810546874
00004.95,0.083251953125,0.04931640625,0.375,0.25,0.25,0.125,1.5991202346041056,1.6056207233626587,1.5926197458455522,1.586119257086999,0.0,0.875,0.75,1.125,-1.3130987292277616,-1.5991202346041056,-1.5731182795698924,-1.5926197458455522,0.0,0.0,0.0,0.0,0.0,0.0,0.0,0.0,12.064756103515625
000005.0,0.07861328125,0.052734375,1.0,0.5,0.625,0.5,1.7554252199413491,1.7625610948191595,1.7482893450635388,1.7411534701857285,0.25,1.0,1.0,1.25,-1.5006842619745848,-1.7554252199413491,-1.7268817204301077,-1.7482893450635388,0.0,0.0,0.0,0.0,0.0,0.0,0.0,0.0,12.001931396484375
00005.05,0.07861328125,0.05908203125,1.25,1.0,1.25,0.875,1.8275659824046924,1.8349951124144672,1.820136852394917,1.812707722385142,0.5,1.25,1.125,1.25,-1.5006842619745848,-1.8275659824046924,-1.7978494623655914,-1.820136852394917,0.0,0.0,0.0,0.0,0.0,0.0,0.0,0.0,12.02077880859375
000005.1,0.07958984375,0.072265625,1.125,1.0,1.0,0.75,1.88841642228739,1.8806451612903226,1.8728739002932553,1.8651026392961878,0.25,1.25,1.0,1.25,-1.608651026392962,-1.8806451612903226,-1.8495601173020528,-1.8728739002932553,0.0,0.0,0.0,0.0,0.0,0.0,0.0,0.0,12.014496337890625
00005.15,0.080810546875,0.08251953125,1.125,0.875,1.0,0.625,1.88841642228739,1.8806451612903226,1.8728739002932553,1.8651026392961878,0.125,1.0,1.0,1.25,-1.608651026392962,-1.8806451612903226,-1.8495601173020528,-1.8728739002932553,0.0,0.0,0.0,0.0,0.0,0.0,0.0,0.0,11.94538916015625
000005.2,0.09130859375,0.09423828125,1.5,1.125,1.5,1.125,2.1259530791788857,2.0344086021505374,2.1084555229716524,2.099706744868035,0.25,1.25,1.125,1.25,-1.8109970674486806,-2.117204301075269,-2.082209188660802,-2.1084555229716524,0.0,0.0,0.0,0.0,0.0,0.0,0.0,0.0,11.901411865234374
00005.25,0.1015625,0.09765625,1.75,1.5,1.625,1.375,2.099706744868035,2.099706744868035,2.082209188660802,2.082209188660802,0.625,1.625,1.5,1.625,-1.7235092864125126,-2.099706744868035,-2.0559628543499513,-2.0909579667644183,0.0,0.0,0.0,0.0,0.0,0.0,0.0,0.0,11.89512939453125
000005.3,0.111328125,0.097900390625,1.625,1.375,1.625,1.375,2.099706744868035,2.099706744868035,2.082209188660802,2.082209188660802,1.0,1.875,1.75,1.75,-1.7235092864125126,-2.099706744868035,-2.0559628543499513,-2.0909579667644183,0.0,0.0,0.0,0.0,0.0,0.0,0.0,0.0,11.97051904296875
00005.35,0.112548828125,0.09423828125,1.5,1.25,1.5,1.25,2.287390029325513,2.0175953079178885,2.1869012707722386,2.268328445747801,0.75,1.5,1.375,1.625,0.0,-1.2551319648093842,-1.3208699902248289,-0.9812316715542521,0.0,0.0,0.0,0.0,0.0,0.0,0.0,0.0,12.027061279296875
000005.4,0.11328125,0.083251953125,3.125,1.625,1.875,1.5,5.053225806451613,4.116129032258064,4.2875855327468235,3.5861681329423263,0.0,0.25,0.375,0.375,2.6025415444770283,2.3064516129032255,2.175268817204301,2.557184750733138,0.0,0.0,0.0,0.0,0.0,0.0,0.0,0.0,10.18629736328125
00005.45,0.116455078125,0.07373046875,11.0,9.375,8.875,6.5,5.065004887585533,5.843010752688172,5.630400782013686,5.303323558162267,4.5,3.75,3.75,4.25,1.992570869990225,3.749462365591398,2.931378299120235,3.448680351906159,0.0,0.0,0.0,0.0,0.0,0.0,0.0,0.0,11.14123291015625
000005.5,0.14208984375,0.045166015625,5.25,5.875,8.125,8.25,1.9435483870967742,1.9516129032258063,1.9435483870967742,1.9274193548387095,1.625,3.25,2.5,3.625,-1.6774193548387097,-1.8096774193548388,-1.686705767350929,-1.935483870967742,0.0,0.0,0.0,0.0,0.0,0.0,0.0,0.0,11.983083984375
00005.55,0.167724609375,0.00146484375,0.75,0.625,0.625,0.25,1.9435483870967742,1.9435483870967742,1.9435483870967742,1.935483870967742,0.125,0.75,0.625,0.875,-1.6693548387096777,-1.9516129032258063,-1.9193548387096775,-1.9435483870967742,0.0,0.0,0.0,0.0,0.0,0.0,0.0,0.0,12.0584736328125
000005.6,0.171630859375,-0.013427734375,0.625,0.375,0.375,0.25,1.8806451612903226,1.8728739002932553,1.8728739002932553,1.8651026392961878,0.0,0.875,0.75,1.125,-1.608651026392962,-1.8806451612903226,-1.8495601173020528,-1.8728739002932553,0.0,0.0,0.0,0.0,0.0,0.0,0.0,0.0,11.976801513671875
00005.65,0.1572265625,0.02392578125,0.625,0.5,0.375,0.25,1.6559139784946235,1.7786412512218965,1.649071358748778,1.6422287390029324,0.5,1.25,1.25,1.375,-1.4164222873900294,-1.6559139784946235,-1.6285434995112413,-1.649071358748778,0.0,0.0,0.0,0.0,0.0,0.0,0.0,0.0,12.0584736328125
000005.7,0.14501953125,0.069091796875,0.5,0.375,0.625,0.25,0.5913978494623655,1.1974584555229717,0.9894428152492669,0.7038123167155426,0.0,0.125,0.25,0.75,-0.5058651026392963,-0.802297165200391,-0.8834310850439884,-0.5962854349951124,0.0,0.0,0.0,0.0,0.0,0.0,0.0,0.0,12.240665283203125
00005.75,0.134765625,0.088623046875,0.125,0.125,0.125,0.125,0.0,0.0,0.0,0.0,0.0,0.0,0.0,0.125,0.0,0.0,0.0,0.0,0.0,0.0,0.0,0.0,0.0,0.0,0.0,0.0,12.253230224609375
000005.8,0.12060546875,0.098876953125,0.125,0.0,0.0,0.0,0.0,0.0,0.0,0.0,0.0,0.0,0.0,0.125,0.0,0.0,0.0,0.0,0.0,0.0,0.0,0.0,0.0,0.0,0.0,0.0,12.253230224609375
00005.85,0.11376953125,0.10595703125,0.125,0.0,0.0,0.0,0.0,0.0,0.0,0.0,0.0,0.0,0.0,0.125,0.0,0.0,0.0,0.0,0.0,0.0,0.0,0.0,0.0,0.0,0.0,0.0,12.253230224609375
000005.9,0.107177734375,0.105224609375,0.125,0.0,0.0,0.0,0.0,0.0,0.0,0.0,0.0,0.0,0.0,0.125,0.0,0.0,0.0,0.0,0.0,0.0,0.0,0.0,0.0,0.0,0.0,0.0,12.265795166015625
00005.95,0.100341796875,0.10107421875,0.125,0.0,0.0,0.0,0.0,0.0,0.0,0.0,0.0,0.0,0.0,0.125,0.0,0.0,0.0,0.0,0.0,0.0,0.0,0.0,0.0,0.0,0.0,0.0,12.265795166015625
000006.0,0.092041015625,0.095458984375,0.125,0.0,0.0,0.0,0.0,0.0,0.0,0.0,0.0,0.0,0.0,0.125,0.0,0.0,0.0,0.0,0.0,0.0,0.0,0.0,0.0,0.0,0.0,0.0,12.265795166015625
00006.05,0.08740234375,0.09521484375,0.125,0.0,0.0,0.0,0.0,0.0,0.0,0.0,0.0,0.0,0.0,0.125,0.0,0.0,0.0,0.0,0.0,0.0,0.0,0.0,0.0,0.0,0.0,0.0,12.27207763671875
000006.1,0.086669921875,0.088134765625,0.125,0.0,0.0,0.0,0.0,0.0,0.0,0.0,0.0,0.0,0.0,0.125,0.0,0.0,0.0,0.0,0.0,0.0,0.0,0.0,0.0,0.0,0.0,0.0,12.278360107421875
00006.15,0.08349609375,0.079345703125,0.125,0.0,0.0,0.0,0.0,0.0,0.0,0.0,0.0,0.0,0.0,0.125,0.0,0.0,0.0,0.0,0.0,0.0,0.0,0.0,0.0,0.0,0.0,0.0,12.27207763671875
000006.2,0.078125,0.07373046875,0.125,0.0,0.0,0.0,0.0,0.0,0.0,0.0,0.0,0.0,0.0,0.125,0.6979472140762463,0.8242424242424242,0.810948191593353,0.8175953079178886,0.0,0.0,0.0,0.0,0.0,0.0,0.0,0.0,12.215535400390625
00006.25,0.0703125,0.068115234375,0.125,0.0,0.0,0.0,0.0,0.0,0.0,0.0,0.0,0.5,0.5,0.625,0.6979472140762463,0.8242424242424242,0.810948191593353,0.8175953079178886,0.0,0.0,0.0,0.0,0.0,0.0,0.0,0.0,12.2092529296875
000006.3,0.064697265625,0.048095703125,0.125,0.0,0.0,0.0,-0.7272727272727273,-0.7272727272727273,-0.7243401759530792,-0.718475073313783,0.0,0.5,0.625,0.75,0.6979472140762463,0.8242424242424242,0.810948191593353,0.8175953079178886,0.0,0.0,0.0,0.0,0.0,0.0,0.0,0.0,12.17155810546875
00006.35,0.058349609375,0.033935546875,0.375,0.25,0.25,0.125,-0.7065004887585532,-0.7093841642228739,-0.7036168132942326,-0.7036168132942326,0.0,0.5,0.5,0.5,0.6780058651026392,0.8142717497556207,0.8043010752688171,0.8142717497556207,0.0,0.0,0.0,0.0,0.0,0.0,0.0,0.0,12.1589931640625
000006.4,0.037841796875,0.018798828125,0.375,0.25,0.25,0.125,-0.8501955034213098,-0.8536656891495601,-0.8467253176930596,-0.8467253176930596,0.0,0.25,0.375,0.5,0.7178885630498533,0.8621700879765395,0.8516129032258063,0.8621700879765395,0.0,0.0,0.0,0.0,0.0,0.0,0.0,0.0,12.1589931640625
00006.45,0.012451171875,0.009033203125,0.875,0.375,0.5,0.375,-1.2812805474095796,-1.2865102639296189,-1.2760508308895406,-1.2760508308895406,0.0,0.5,0.5,0.875,1.0668621700879766,1.2812805474095796,1.2655913978494624,1.2812805474095796,0.0,0.0,0.0,0.0,0.0,0.0,0.0,0.0,11.964236572265625
000006.5,-9.765625E-4,-0.001953125,1.875,1.5,1.5,1.25,-1.8560606060606062,-1.8030303030303032,-1.7803030303030303,-1.7803030303030303,1.125,1.5,1.75,2.0,1.5454545454545454,1.7954545454545456,1.7727272727272727,1.787878787878788,0.0,0.0,0.0,0.0,0.0,0.0,0.0,0.0,11.851152099609374
00006.55,-0.0146484375,-0.010498046875,2.125,1.75,1.75,1.625,-0.5444281524926687,-0.95386119257087,-0.8499511241446726,-0.5742913000977516,0.75,1.625,2.0,1.875,0.4594330400782014,0.7529325513196482,0.7434017595307917,1.234213098729228,0.0,0.0,0.0,0.0,0.0,0.0,0.0,0.0,12.2343828125
000006.6,-0.031005859375,-0.03369140625,0.375,0.625,0.75,0.5,-0.5444281524926687,-0.5467253176930597,-0.5398338220918866,-0.5398338220918866,0.0,0.625,0.75,0.75,0.4594330400782014,0.5444281524926687,0.5375366568914955,0.5421309872922777,0.0,0.0,0.0,0.0,0.0,0.0,0.0,0.0,12.253230224609375
00006.65,-0.051025390625,-0.04638671875,0.125,0.0,0.0,0.0,-0.47492668621700884,-0.476930596285435,-0.4709188660801564,-0.4709188660801564,0.0,0.0,0.0,0.125,0.40078201368523947,0.47492668621700884,0.46891495601173017,0.47292277614858264,0.0,0.0,0.0,0.0,0.0,0.0,0.0,0.0,12.2595126953125
000006.7,-0.05078125,-0.046630859375,0.125,0.0,0.0,0.0,-0.4727272727272728,-0.47082111436950147,-0.4689149560117302,-0.467008797653959,0.0,0.0,0.0,0.125,0.40029325513196484,0.47082111436950147,0.4651026392961877,0.4689149560117302,0.0,0.0,0.0,0.0,0.0,0.0,0.0,0.0,12.265795166015625
00006.75,-0.04638671875,-0.043212890625,0.125,0.0,0.0,0.0,-0.4727272727272728,-0.47082111436950147,-0.4689149560117302,-0.467008797653959,0.0,0.0,0.0,0.125,0.40029325513196484,0.47082111436950147,0.4651026392961877,0.4689149560117302,0.0,0.0,0.0,0.0,0.0,0.0,0.0,0.0,12.27207763671875
000006.8,-0.04248046875,-0.03857421875,0.125,0.0,0.0,0.0,-0.4727272727272728,-0.47082111436950147,-0.4689149560117302,-0.467008797653959,0.0,0.0,0.0,0.125,0.40029325513196484,0.47082111436950147,0.4651026392961877,0.4689149560117302,0.0,0.0,0.0,0.0,0.0,0.0,0.0,0.0,12.290925048828125
00006.85,-0.043701171875,-0.037841796875,0.125,0.0,0.0,0.0,-0.4727272727272728,-0.4727272727272728,-0.47082111436950147,-0.467008797653959,0.0,0.0,0.0,0.125,0.386950146627566,0.4727272727272728,0.4651026392961877,0.47082111436950147,0.0,0.0,0.0,0.0,0.0,0.0,0.0,0.0,12.3097724609375
000006.9,-0.05029296875,-0.04345703125,0.125,0.0,0.0,0.0,-0.49696969696969695,-0.49696969696969695,-0.49496578690127074,-0.4909579667644184,0.0,0.0,0.0,0.125,0.4266373411534702,0.49696969696969695,0.48895405669599223,0.49496578690127074,0.0,0.0,0.0,0.0,0.0,0.0,0.0,0.0,12.284642578125
00006.95,-0.051513671875,-0.04443359375,0.125,0.0,0.0,0.0,-0.5212121212121212,-0.5212121212121212,-0.51911045943304,-0.5149071358748778,0.0,0.0,0.0,0.125,0.4266373411534702,0.5212121212121212,0.5128054740957967,0.51911045943304,0.0,0.0,0.0,0.0,0.0,0.0,0.0,0.0,12.29720751953125
000007.0,-0.04638671875,-0.0380859375,0.125,0.0,0.0,0.0,-0.5454545454545455,-0.5454545454545455,-0.5432551319648093,-0.5388563049853373,0.0,0.0,0.0,0.125,0.4640762463343109,0.5454545454545455,0.5366568914956013,0.5432551319648093,0.0,0.0,0.0,0.0,0.0,0.0,0.0,0.0,12.284642578125
00007.05,-0.03857421875,-0.030517578125,0.125,0.0,0.0,0.0,-0.5454545454545455,-0.5454545454545455,-0.5432551319648093,-0.5388563049853373,0.0,0.0,0.0,0.125,0.4640762463343109,0.5454545454545455,0.5366568914956013,0.5432551319648093,0.0,0.0,0.0,0.0,0.0,0.0,0.0,0.0,12.284642578125
000007.1,-0.027587890625,-0.02294921875,0.125,0.0,0.0,0.0,-0.7636363636363637,-0.7636363636363637,-0.7605571847507331,-0.7543988269794721,0.0,0.0,0.0,0.125,0.6497067448680353,0.7636363636363637,0.7513196480938417,0.7605571847507331,0.0,0.0,0.0,0.0,0.0,0.0,0.0,0.0,12.27207763671875
00007.15,-0.028076171875,-0.0234375,0.125,0.0,0.0,0.0,-0.9333333333333333,-0.9333333333333333,-0.9258064516129033,-0.9220430107526882,0.0,0.0,0.0,0.25,0.763978494623656,0.9295698924731183,0.9182795698924733,0.9295698924731183,0.0,0.0,0.0,0.0,0.0,0.0,0.0,0.0,12.278360107421875
000007.2,-0.03125,-0.02783203125,0.125,0.0,0.0,0.0,-0.8606060606060606,-0.8606060606060606,-0.8536656891495601,-0.8501955034213098,0.0,0.0,0.125,0.25,0.7044477028347995,0.8571358748778103,0.8467253176930596,0.8571358748778103,0.0,0.0,0.0,0.0,0.0,0.0,0.0,0.0,12.29720751953125
00007.25,-0.033447265625,-0.033203125,0.125,0.0,0.0,0.0,-0.8242424242424242,-0.8242424242424242,-0.8175953079178886,-0.8142717497556207,0.0,0.0,0.125,0.25,0.6746823069403715,0.8209188660801563,0.810948191593353,0.8209188660801563,0.0,0.0,0.0,0.0,0.0,0.0,0.0,0.0,12.278360107421875
000007.3,-0.03173828125,-0.034912109375,0.125,0.0,0.0,0.0,-0.8606060606060606,-0.8571358748778103,-0.8536656891495601,-0.8142717497556207,0.0,0.125,0.25,0.25,0.7044477028347995,0.8571358748778103,0.8432551319648093,0.8536656891495601,0.0,0.0,-0.5987292277614858,0.0,0.0,0.0,0.0,0.0,12.2343828125
00007.35,-0.029541015625,-0.034423828125,0.125,0.0,0.0,0.0,-0.8571358748778103,-0.8571358748778103,-0.8536656891495601,-0.8467253176930596,0.0,0.125,0.25,0.375,0.7322091886608015,0.8571358748778103,0.8432551319648093,0.8536656891495601,0.125,0.0,-1.556695992179863,-1.1782991202346043,0.0,0.0,0.0,0.0,12.215535400390625
000007.4,-0.032470703125,-0.033203125,0.125,0.0,0.25,0.0,-0.9899315738025415,-0.9899315738025415,-0.9859237536656892,-0.9779081133919845,0.0,0.125,0.25,0.375,0.8456500488758554,0.9899315738025415,0.9739002932551319,0.9859237536656892,1.875,0.75,-2.993646138807429,-2.3806451612903228,0.0,0.0,0.0,0.0,12.02077880859375
00007.45,-0.036865234375,-0.03662109375,0.125,0.125,0.25,0.0,-1.0261485826001955,-1.0261485826001955,-1.0219941348973607,-1.013685239491691,0.0,0.125,0.25,0.375,0.8765884652981427,1.0261485826001955,1.0095307917888563,1.0219941348973607,4.25,2.75,-3.9516129032258065,-3.5829912023460415,0.0,0.0,0.0,0.0,11.844869628906249
000007.5,-0.04248046875,-0.04296875,0.375,0.125,0.25,0.0,-0.9970674486803519,-0.9970674486803519,-0.992913000977517,-0.9846041055718475,0.0,0.125,0.25,0.375,0.8142717497556208,0.9970674486803519,0.9804496578690127,0.9887585532746823,7.5,5.125,-4.749266862170089,-4.14692082111437,0.0,0.0,0.0,0.0,11.631265625
00007.55,-0.044921875,-0.04541015625,0.125,0.125,0.25,0.0,-0.9970674486803519,-0.9970674486803519,-0.992913000977517,-0.9846041055718475,0.0,0.125,0.25,0.375,0.8142717497556208,0.9970674486803519,0.9804496578690127,0.9887585532746823,14.0,10.625,-5.907624633431086,-5.536950146627566,0.0,0.0,0.0,0.0,11.222905029296875
000007.6,-0.048583984375,-0.049072265625,0.125,0.0,0.25,0.0,-0.8680351906158359,-0.903225806451613,-0.8644183773216031,-0.857184750733138,0.0,0.0,0.125,0.25,0.7088954056695993,0.8680351906158359,0.8535679374389052,0.8608015640273705,20.0,14.375,-6.834310850439884,-6.695307917888565,0.0,0.0,0.0,0.0,10.946476318359375
00007.65,-0.052490234375,-0.052978515625,0.125,0.0,0.0,0.0,0.0,0.0,0.0,0.0,0.0,0.0,0.0,0.125,0.0,0.0,0.0,0.0,27.375,21.75,-7.183284457478007,-7.164222873900293,0.0,0.0,0.0,0.0,10.406183837890625
000007.7,-0.052978515625,-0.052001953125,0.125,0.0,0.0,0.0,0.0,0.0,0.0,0.0,0.0,0.0,0.0,0.125,0.0,0.0,0.0,0.0,32.0,26.75,-8.195014662756599,-7.9853372434017595,0.0,0.0,0.0,0.0,10.36220654296875
00007.75,-0.052734375,-0.050048828125,0.125,0.0,0.0,0.0,0.0,0.0,0.0,0.0,0.0,0.0,0.0,0.125,0.0,0.0,0.0,0.0,36.625,30.125,-9.20674486803519,-9.011730205278592,0.0,0.0,0.0,0.0,10.644917724609375
000007.8,-0.050048828125,-0.049560546875,0.125,0.0,0.0,0.0,0.0,0.0,0.0,0.0,0.0,0.0,0.0,0.125,0.0,0.0,0.0,0.0,43.75,26.5,-9.181818181818183,-9.36891495601173,0.0,0.0,0.0,0.0,9.677417236328125
00007.85,-0.043701171875,-0.04345703125,0.125,0.0,0.0,0.0,0.0,0.0,0.0,0.0,0.0,0.0,0.0,0.125,0.0,0.0,0.0,0.0,45.75,36.75,-9.3,-9.8,0.0,0.0,0.0,0.0,9.978975830078125
000007.9,-0.040771484375,-0.034423828125,0.125,0.0,0.0,0.0,0.0,0.0,0.0,0.0,0.0,0.0,0.0,0.125,0.0,0.0,0.0,0.0,46.0,34.0,-9.3,-9.8,0.0,0.0,0.0,0.0,9.828196533203124
00007.95,-0.037841796875,-0.02783203125,0.125,0.0,0.0,0.0,0.0,0.0,0.0,0.0,0.0,0.0,0.0,0.125,0.0,0.0,0.0,0.0,43.875,31.875,-9.3,-9.75,0.0,0.0,0.0,0.0,10.08577783203125
000008.0,-0.028564453125,-0.026611328125,0.125,0.0,0.0,0.0,0.0,0.0,0.0,0.0,0.0,0.0,0.0,0.125,0.0,0.0,0.0,0.0,41.875,23.875,-9.4,-9.75,0.0,0.0,0.0,0.0,10.066930419921874
00008.05,-0.0205078125,-0.022705078125,0.125,0.0,0.0,0.0,0.0,0.0,0.0,0.0,0.0,0.0,0.0,0.125,0.0,0.0,0.0,0.0,40.125,20.875,-9.4,-9.75,0.0,0.0,0.0,0.0,10.374771484375
000008.1,-0.017578125,-0.01806640625,0.125,0.0,0.0,0.0,0.0,0.0,0.0,0.0,0.0,0.0,0.0,0.125,0.0,0.0,0.0,0.0,41.375,21.125,-9.4,-9.75,0.0,0.0,0.0,0.0,10.5004208984375
00008.15,-0.015380859375,-0.014404296875,0.125,0.0,0.0,0.0,0.0,0.0,0.0,0.0,0.0,0.0,0.0,0.125,0.0,0.0,0.0,0.0,39.625,22.125,-9.75,-9.9,0.0,0.0,0.0,0.0,10.42503125
000008.2,-0.0107421875,-0.01025390625,0.125,0.0,0.0,0.0,0.0,0.0,0.0,0.0,0.0,0.0,0.0,0.125,0.0,0.0,0.0,0.0,41.625,24.125,-9.75,-9.9,0.0,0.0,0.0,0.0,10.469008544921875
00008.25,-0.005615234375,-0.00732421875,0.125,0.0,0.0,0.0,0.0,0.0,0.0,0.0,0.0,0.0,0.0,0.125,0.0,0.0,0.0,0.0,40.375,23.0,-9.75,-9.9,0.0,0.0,0.0,0.0,10.31194677734375
000008.3,-0.002685546875,-0.0029296875,0.125,0.0,0.0,0.0,0.0,0.0,0.0,0.0,0.0,0.0,0.0,0.125,0.0,0.0,0.0,0.0,42.25,23.125,-9.75,-10.100000000000001,0.0,0.0,0.0,0.0,10.469008544921875
00008.35,-4.8828125E-4,-7.32421875E-4,0.125,0.0,0.0,0.0,0.0,0.0,0.0,0.0,0.0,0.0,0.0,0.125,0.0,0.0,0.0,0.0,40.125,21.375,-9.75,-10.100000000000001,0.0,0.0,0.0,0.0,10.066930419921874
000008.4,0.00146484375,9.765625E-4,0.125,0.0,0.0,0.0,0.0,0.0,0.0,0.0,0.0,0.0,0.0,0.125,0.0,0.0,0.0,0.0,40.125,22.0,-9.75,-10.100000000000001,0.0,5.75,6.625,6.75,10.31194677734375
00008.45,0.002197265625,0.001708984375,0.125,0.0,0.0,0.0,0.0,0.0,0.0,0.0,0.0,0.0,0.0,0.125,0.0,0.0,0.0,0.0,40.875,23.375,-9.75,-10.100000000000001,0.0,0.0,0.0,0.0,10.280534423828124
000008.5,0.002197265625,0.002197265625,0.125,0.0,0.0,0.0,0.0,0.0,0.0,0.0,0.0,0.0,0.0,0.125,0.0,0.0,0.0,0.0,40.25,28.5,-9.65,-10.100000000000001,0.0,0.0,0.0,0.0,10.41246630859375
00008.55,0.001953125,0.001953125,0.125,0.0,0.0,0.0,0.0,0.0,0.0,0.0,0.0,0.0,0.0,0.125,0.0,0.0,0.0,0.0,37.25,23.25,-8.989687194525905,-9.76432062561095,0.0,0.0,0.0,0.0,10.820826904296874
000008.6,0.002197265625,0.001953125,0.125,0.0,0.0,0.0,0.0,0.0,0.0,0.0,0.0,0.0,0.0,0.125,0.0,0.0,0.0,0.0,35.0,21.125,-8.423704789833822,-9.23709677419355,0.0,0.0,0.0,0.0,10.858521728515624
00008.65,0.002197265625,0.001953125,0.125,0.0,0.0,0.0,0.0,0.0,0.0,0.0,0.0,0.0,0.0,0.125,0.0,0.0,0.0,0.0,29.25,19.875,-7.782893450635386,-8.063489736070382,0.0,0.0,0.0,0.0,10.91506396484375
000008.7,0.001708984375,0.001708984375,0.125,0.0,0.0,0.0,0.0,0.0,0.0,0.0,0.0,0.0,0.0,0.125,0.0,0.0,0.0,0.0,24.0,18.125,-6.97741935483871,-7.254105571847509,0.0,0.0,0.0,0.0,11.2040576171875
00008.75,0.001708984375,0.00146484375,0.125,0.0,0.0,0.0,0.0,0.0,0.0,0.0,0.0,0.0,0.0,0.125,0.0,0.0,0.0,0.0,16.25,13.375,-5.769208211143694,-6.536070381231672,0.0,0.0,0.0,0.0,11.461638916015625
000008.8,0.001708984375,0.001708984375,0.125,0.0,0.0,0.0,0.0,0.0,0.0,0.0,0.0,0.0,0.0,0.125,0.0,0.0,0.0,0.0,12.375,9.125,-6.474486803519063,-5.966764418377321,0.0,0.0,0.0,0.0,11.480486328125
00008.85,0.00146484375,0.00146484375,0.125,0.0,0.0,0.0,0.0,0.0,0.0,0.0,0.0,0.0,0.0,0.125,0.0,0.0,0.0,0.0,13.875,9.25,-7.365982404692082,-6.820723362658846,0.0,0.0,0.0,0.0,10.996736083984375
000008.9,9.765625E-4,9.765625E-4,0.125,0.0,0.0,0.0,0.0,0.0,0.0,0.0,0.0,0.0,0.0,0.125,0.0,0.0,0.0,0.0,18.375,14.125,-7.900879765395895,-7.871749755620724,0.0,0.0,0.0,0.0,10.820826904296874
00008.95,2.44140625E-4,4.8828125E-4,0.125,0.0,0.0,0.0,0.0,0.0,0.0,0.0,0.0,0.0,0.0,0.125,0.0,0.0,0.0,0.0,21.125,20.25,-6.1893939393939394,-6.369794721407625,0.0,0.0,0.0,0.0,11.185210205078125
000009.0,0.0,0.0,0.125,0.0,0.0,0.0,0.0,0.0,0.0,0.0,0.0,0.0,0.0,0.125,0.0,0.0,0.0,0.0,16.5,16.875,-5.348729227761486,-5.533040078201368,0.0,0.0,0.0,0.0,11.44279150390625
00009.05,2.44140625E-4,0.0,0.125,0.0,0.0,0.0,0.0,0.0,0.0,0.0,0.0,0.0,0.0,0.125,0.0,0.0,0.0,0.0,10.0,10.0,-4.087732160312806,-4.277908113391984,0.0,0.0,0.0,0.0,11.7066552734375
000009.1,0.001708984375,9.765625E-4,0.125,0.0,0.0,0.0,0.0,0.0,0.0,0.0,0.0,0.0,0.0,0.125,0.0,0.0,0.0,0.0,6.625,6.5,-3.247067448680352,-3.7305962854349954,0.0,0.0,0.0,0.0,11.976801513671875
00009.15,0.002197265625,0.002197265625,0.125,0.0,0.0,0.0,0.0,0.0,0.0,0.0,0.0,0.0,0.0,0.125,0.0,0.0,0.0,0.0,4.625,2.25,-2.641446725317693,0.0,0.0,0.0,0.0,0.0,12.052191162109375
000009.2,0.001220703125,0.001953125,0.125,0.0,0.0,0.0,0.0,0.0,0.0,0.0,0.0,0.0,0.0,0.125,0.0,0.0,0.0,0.0,2.25,0.0,-1.2572825024437928,0.0,0.0,0.0,0.0,0.0,12.13386328125
00009.25,2.44140625E-4,4.8828125E-4,0.125,0.0,0.0,0.0,0.0,0.0,0.0,0.0,0.0,0.0,0.0,0.125,0.0,0.0,0.0,0.0,0.75,0.0,0.0,0.0,0.0,0.0,0.0,0.0,12.177840576171874
000009.3,0.0,-2.44140625E-4,0.125,0.0,0.0,0.0,-0.5029325513196481,0.0,0.0,-0.49677419354838703,0.0,0.0,0.0,0.125,0.5254154447702835,0.5029325513196481,0.5889540566959922,0.5008797653958944,0.0,0.0,0.0,0.0,0.0,0.0,0.0,0.0,12.152710693359374
00009.35,-7.32421875E-4,-9.765625E-4,0.125,0.0,0.0,0.0,-0.6226783968719453,-0.6226783968719453,-0.6201368523949169,-0.6150537634408602,0.0,0.0,0.0,0.125,0.5464320625610948,0.6226783968719453,0.6125122189638319,0.6201368523949169,0.0,0.0,0.0,0.0,0.0,0.0,0.0,0.0,12.165275634765624
000009.4,-9.765625E-4,-0.001708984375,0.125,0.0,0.0,0.0,-0.634652981427175,-0.634652981427175,-0.634652981427175,-0.6294721407624634,0.0,0.0,0.125,0.25,0.5413978494623656,0.634652981427175,0.6242913000977518,0.6320625610948193,0.0,0.0,0.0,0.0,0.0,0.0,0.0,0.0,12.165275634765624
00009.45,-0.001708984375,-0.001953125,0.125,0.0,0.25,0.0,-0.6825513196480938,-0.6825513196480938,-0.6825513196480938,-0.6769794721407625,0.0,0.0,0.0,0.125,0.6435483870967742,0.7543988269794721,0.7420821114369502,0.6797653958944282,0.0,0.0,0.0,0.0,0.0,0.0,0.0,0.0,12.140145751953124
000009.5,-0.0048828125,-0.0029296875,0.375,0.125,0.25,0.0,-0.7903225806451613,-0.7903225806451613,-0.7903225806451613,-0.7838709677419354,0.0,0.0,0.125,0.25,0.6741935483870967,0.7903225806451613,0.7774193548387097,0.7870967741935484,0.0,0.0,0.0,0.0,0.0,0.0,0.0,0.0,12.14642822265625
00009.55,-0.007080078125,-0.0078125,0.375,0.125,0.25,0.125,-0.7903225806451613,-0.7903225806451613,-0.7870967741935484,-0.7806451612903226,0.0,0.125,0.25,0.375,0.6483870967741936,0.7903225806451613,0.7774193548387097,0.7870967741935484,0.0,0.0,0.0,0.0,0.0,0.0,0.0,0.0,12.14642822265625
000009.6,-0.01171875,-0.01953125,0.375,0.125,0.25,0.0,-0.7903225806451613,-0.7903225806451613,-0.7870967741935484,-0.7806451612903226,0.0,0.125,0.25,0.375,0.6483870967741936,0.7903225806451613,0.7774193548387097,0.7870967741935484,0.0,0.0,0.0,0.0,0.0,0.0,0.0,0.0,12.17155810546875
00009.65,-0.01708984375,-0.0234375,0.125,0.0,0.25,0.0,-0.7903225806451613,-0.7903225806451613,-0.7870967741935484,-0.7806451612903226,0.0,0.0,0.25,0.25,0.6483870967741936,0.7903225806451613,0.7774193548387097,0.7870967741935484,0.0,0.0,0.0,0.0,0.0,0.0,0.0,0.0,12.184123046875
000009.7,-0.025146484375,-0.026123046875,0.125,0.0,0.0,0.0,-0.7903225806451613,-0.7903225806451613,-0.7870967741935484,-0.7806451612903226,0.0,0.0,0.25,0.25,0.6483870967741936,0.7903225806451613,0.7806451612903226,0.7870967741935484,0.0,0.0,0.0,0.0,0.0,0.0,0.0,0.0,12.184123046875
00009.75,-0.029296875,-0.028076171875,0.125,0.0,0.0,0.0,-0.7935483870967742,-0.7903225806451613,-0.7870967741935484,-0.7838709677419354,0.0,0.0,0.125,0.25,0.6741935483870967,0.7903225806451613,0.7806451612903226,0.7870967741935484,0.0,0.0,0.0,0.0,0.0,0.0,0.0,0.0,12.202970458984375
000009.8,-0.03369140625,-0.031494140625,0.125,0.0,0.0,0.0,-0.7935483870967742,-0.7903225806451613,-0.7870967741935484,-0.7838709677419354,0.0,0.0,0.125,0.25,0.6741935483870967,0.7903225806451613,0.7806451612903226,0.7870967741935484,0.0,0.0,0.0,0.0,0.0,0.0,0.0,0.0,12.202970458984375
00009.85,-0.03662109375,-0.035888671875,0.125,0.0,0.0,0.0,-0.7935483870967742,-0.7903225806451613,-0.7870967741935484,-0.7838709677419354,0.0,0.0,0.125,0.25,0.6741935483870967,0.7903225806451613,0.7806451612903226,0.7870967741935484,0.0,0.0,0.0,0.0,0.0,0.0,0.0,0.0,12.202970458984375
000009.9,-0.03857421875,-0.03857421875,0.125,0.0,0.0,0.0,-0.7935483870967742,-0.7935483870967742,-0.7903225806451613,-0.7870967741935484,0.0,0.0,0.125,0.25,0.6516129032258066,0.7935483870967742,0.7806451612903226,0.7903225806451613,0.0,0.0,0.0,0.0,0.0,0.0,0.0,0.0,12.2092529296875
00009.95,-0.04052734375,-0.0400390625,0.125,0.0,0.0,0.0,-0.7935483870967742,-0.7935483870967742,-0.7903225806451613,-0.7870967741935484,0.0,0.0,0.125,0.25,0.6516129032258066,0.7935483870967742,0.7806451612903226,0.7903225806451613,0.0,0.0,0.0,0.0,0.0,0.0,0.0,0.0,12.22181787109375
000010.0,-0.04248046875,-0.041748046875,0.125,0.0,0.0,0.0,-0.7935483870967742,-0.7935483870967742,-0.7903225806451613,-0.7870967741935484,0.0,0.0,0.125,0.25,0.6516129032258066,0.7935483870967742,0.7806451612903226,0.7903225806451613,0.0,0.0,0.0,0.0,0.0,0.0,0.0,0.0,12.240665283203125
00010.05,-0.043701171875,-0.044189453125,0.125,0.0,0.0,0.0,-0.7967741935483871,-0.7967741935483871,-0.7903225806451613,-0.7870967741935484,0.0,0.0,0.125,0.25,0.6774193548387096,0.7967741935483871,0.7838709677419354,0.7903225806451613,0.0,0.0,0.0,0.0,0.0,0.0,0.0,0.0,12.22181787109375
000010.1,-0.044677734375,-0.044921875,0.125,0.0,0.0,0.0,-0.7967741935483871,-0.7967741935483871,-0.7903225806451613,-0.7870967741935484,0.0,0.0,0.125,0.25,0.6774193548387096,0.7967741935483871,0.7838709677419354,0.7903225806451613,0.0,0.0,0.0,0.0,0.0,0.0,0.0,0.0,12.2343828125
00010.15,-0.04541015625,-0.045654296875,0.125,0.0,0.0,0.0,-0.7605571847507331,-0.7605571847507331,-0.7543988269794721,-0.7513196480938417,0.0,0.0,0.125,0.25,0.626099706744868,0.7364125122189639,0.7244868035190616,0.7304496578690127,0.0,0.0,0.0,0.0,0.0,0.0,0.0,0.0,12.240665283203125
000010.2,-0.046142578125,-0.04638671875,0.125,0.0,0.0,0.0,-0.6519061583577712,-0.6519061583577712,-0.6466275659824047,-0.6439882697947215,0.0,0.0,0.125,0.125,0.5516129032258065,0.6519061583577712,0.6413489736070381,0.649266862170088,0.0,0.0,0.0,0.0,0.0,0.0,0.0,0.0,12.253230224609375
00010.25,-0.0458984375,-0.04638671875,0.125,0.0,0.0,0.0,-0.6519061583577712,-0.6519061583577712,-0.6466275659824047,-0.6439882697947215,0.0,0.0,0.0,0.125,0.5516129032258065,0.6519061583577712,0.6413489736070381,0.649266862170088,0.125,0.0,1.3651026392961876,0.7663734115347018,0.0,0.0,0.0,0.0,12.22181787109375
000010.3,-0.04443359375,-0.0439453125,0.125,0.0,0.0,0.0,-0.6519061583577712,-0.6519061583577712,-0.6466275659824047,-0.6439882697947215,0.0,0.0,0.0,0.125,0.5516129032258065,0.6519061583577712,0.6413489736070381,0.649266862170088,1.875,1.0,2.8020527859237534,2.203323558162268,0.0,0.0,0.0,0.0,12.096168457031249
00010.35,-0.042236328125,-0.041015625,0.125,0.0,0.0,0.0,-0.5605083088954057,-0.6201368523949169,-0.6150537634408602,-0.6125122189638319,0.0,0.0,0.0,0.125,0.4594330400782014,0.6201368523949169,0.6099706744868034,0.6150537634408602,4.875,2.25,3.9995112414467253,3.3313782991202343,0.0,0.0,0.0,0.0,11.888846923828124
000010.4,-0.040283203125,-0.0400390625,0.125,0.0,0.0,0.0,-0.5366568914956013,-0.5366568914956013,-0.532258064516129,-0.5536168132942327,0.0,0.0,0.0,0.125,0.43988269794721413,0.5366568914956013,0.5278592375366569,0.532258064516129,8.25,5.375,4.942424242424242,4.504398826979472,0.0,0.0,0.0,0.0,11.750632568359375
00010.45,-0.038330078125,-0.0380859375,0.125,0.0,0.0,0.0,-0.524731182795699,-0.524731182795699,-0.5204301075268818,-0.5182795698924731,0.0,0.0,0.0,0.125,0.4301075268817205,0.524731182795699,0.5161290322580645,0.5204301075268818,12.25,7.0,6.081231671554252,5.67741935483871,0.0,0.0,0.0,0.0,11.574723388671874
000010.5,-0.0341796875,-0.033203125,0.125,0.0,0.0,0.0,0.0,0.0,0.0,0.0,0.0,0.0,0.0,0.125,0.0,0.0,0.0,0.0,14.875,8.625,6.98088954056696,6.615835777126099,0.0,0.0,0.0,0.0,11.449073974609375
00010.55,-0.03076171875,-0.0302734375,0.125,0.0,0.0,0.0,0.0,0.0,0.0,0.0,0.0,0.0,0.0,0.125,0.0,0.0,0.0,0.0,16.0,10.75,6.98088954056696,6.861045943304008,0.0,0.0,0.0,0.0,11.568440917968749
000010.6,-0.026611328125,-0.0263671875,0.125,0.0,0.0,0.0,0.0,0.0,0.0,0.0,0.0,0.0,0.0,0.125,0.0,0.0,0.0,0.0,13.75,9.0,6.771163245356794,6.861045943304008,0.0,0.0,0.0,0.0,11.593570800781249
00010.65,-0.0283203125,-0.02685546875,0.125,0.0,0.0,0.0,0.0,0.0,0.0,0.0,0.0,0.0,0.0,0.125,0.0,0.0,0.0,0.0,12.375,8.625,6.771163245356794,6.861045943304008,0.0,0.0,0.0,0.0,11.631265625
000010.7,-0.031005859375,-0.0302734375,0.125,0.0,0.0,0.0,0.0,0.0,0.0,0.0,0.0,0.0,0.0,0.125,0.0,0.0,0.0,0.0,11.75,8.125,6.771163245356794,6.950928641251223,0.0,0.0,0.0,0.0,11.593570800781249
00010.75,-0.03125,-0.032470703125,0.125,0.0,0.0,0.0,0.0,0.0,0.0,0.0,0.0,0.0,0.0,0.125,0.0,0.0,0.0,0.0,11.75,8.375,6.891006842619746,6.950928641251223,0.0,0.0,0.0,0.0,11.6563955078125
000010.8,-0.029296875,-0.0322265625,0.125,0.0,0.0,0.0,0.0,0.0,0.0,0.0,0.0,0.0,0.0,0.125,0.0,0.0,0.0,0.0,11.375,8.0,6.891006842619746,6.950928641251223,0.0,0.0,0.0,0.0,11.712937744140625
00010.85,-0.0283203125,-0.030517578125,0.125,0.0,0.0,0.0,0.0,0.0,0.0,0.0,0.0,0.0,0.0,0.125,0.0,0.0,0.0,0.0,11.125,7.5,6.891006842619746,6.950928641251223,0.0,0.0,0.0,0.0,11.687807861328125
000010.9,-0.024658203125,-0.02490234375,0.125,0.0,0.0,0.0,0.0,0.0,0.0,0.0,0.0,0.0,0.0,0.125,0.0,0.0,0.0,0.0,10.875,7.75,6.891006842619746,6.950928641251223,0.0,0.0,0.0,0.0,11.700372802734375
00010.95,-0.02099609375,-0.020751953125,0.125,0.0,0.0,0.0,0.0,0.0,0.0,0.0,0.0,0.0,0.0,0.125,0.0,0.0,0.0,0.0,10.75,7.125,6.891006842619746,6.950928641251223,0.0,0.0,0.0,0.0,11.712937744140625
000011.0,-0.01220703125,-0.0146484375,0.125,0.0,0.0,0.0,0.0,0.0,0.0,0.0,0.0,0.0,0.0,0.125,0.0,0.0,0.0,0.0,10.75,7.25,6.891006842619746,6.950928641251223,0.0,0.0,0.0,0.0,11.750632568359375
00011.05,-0.0068359375,-0.009765625,0.125,0.0,0.0,0.0,0.0,0.0,0.0,0.0,0.0,0.0,0.0,0.125,0.0,0.0,0.0,0.0,10.25,7.375,6.891006842619746,6.950928641251223,0.0,0.0,0.0,0.0,11.763197509765625
000011.1,-0.001708984375,-0.003173828125,0.125,0.0,0.0,0.0,0.0,0.0,0.0,0.0,0.0,0.0,0.0,0.125,0.0,0.0,0.0,0.0,10.5,7.625,6.861045943304008,6.950928641251223,0.0,0.0,0.0,0.0,11.64383056640625
00011.15,0.001220703125,4.8828125E-4,0.125,0.0,0.0,0.0,0.0,0.0,0.0,0.0,0.0,0.0,0.0,0.125,0.0,0.0,0.0,0.0,10.75,6.875,6.861045943304008,6.98088954056696,0.0,0.0,0.0,0.0,11.712937744140625
000011.2,0.00537109375,0.0048828125,0.125,0.0,0.0,0.0,0.0,0.0,0.0,0.0,0.0,0.0,0.0,0.125,0.0,0.0,0.0,0.0,10.5,6.875,6.861045943304008,6.98088954056696,0.0,0.0,0.0,0.0,11.700372802734375
00011.25,0.00732421875,0.006591796875,0.125,0.0,0.0,0.0,0.0,0.0,0.0,0.0,0.0,0.0,0.0,0.125,0.0,0.0,0.0,0.0,10.5,6.75,6.950928641251223,6.98088954056696,0.0,0.0,0.0,0.0,11.8071748046875
000011.3,0.00830078125,0.0068359375,0.125,0.0,0.0,0.0,0.0,0.0,0.0,0.0,0.0,0.0,0.0,0.125,0.0,0.0,0.0,0.0,10.25,6.375,6.950928641251223,6.98088954056696,0.0,0.0,0.0,0.0,11.7066552734375
00011.35,0.00927734375,0.0068359375,0.125,0.0,0.0,0.0,0.0,0.0,0.0,0.0,0.0,0.0,0.0,0.125,0.0,0.0,0.0,0.0,9.875,6.0,6.950928641251223,7.010850439882698,0.0,0.0,0.0,0.0,11.73178515625
000011.4,0.009521484375,0.006103515625,0.125,0.0,0.0,0.0,0.0,0.0,0.0,0.0,0.0,0.0,0.0,0.125,0.0,0.0,0.0,0.0,10.625,6.875,6.950928641251223,7.010850439882698,0.0,0.0,0.0,0.0,11.74435009765625
00011.45,0.005126953125,0.002197265625,0.125,0.0,0.0,0.0,0.0,0.0,0.0,0.0,0.0,0.0,0.0,0.125,0.0,0.0,0.0,0.0,10.5,6.875,6.950928641251223,7.010850439882698,0.0,0.0,0.0,0.0,11.738067626953125
000011.5,0.00146484375,-7.32421875E-4,0.125,0.0,0.0,0.0,0.0,0.0,0.0,0.0,0.0,0.0,0.0,0.125,0.0,0.0,0.0,0.0,10.25,6.75,6.950928641251223,7.010850439882698,0.0,0.0,0.0,0.0,11.813457275390624
00011.55,0.0,-0.001953125,0.125,0.0,0.0,0.0,0.0,0.0,0.0,0.0,0.0,0.0,0.0,0.125,0.0,0.0,0.0,0.0,10.0,6.25,6.520039100684262,6.644868035190616,0.0,0.0,0.0,0.0,11.8071748046875
000011.6,0.001708984375,-9.765625E-4,0.125,0.0,0.0,0.0,0.0,0.0,0.0,0.0,0.0,0.0,0.0,0.125,0.0,0.0,0.0,0.0,7.75,5.375,5.455767350928641,5.615542521994135,0.0,0.0,0.0,0.0,12.001931396484375
00011.65,0.002685546875,-2.44140625E-4,0.125,0.0,0.0,0.0,0.0,0.0,0.0,0.0,0.0,0.0,0.0,0.125,0.0,0.0,0.0,0.0,4.875,3.75,4.536901270772239,4.850733137829913,0.0,0.0,0.0,0.0,12.077321044921874
000011.7,0.002685546875,-4.8828125E-4,0.125,0.0,0.0,0.0,0.0,0.0,0.0,0.0,0.0,0.0,0.0,0.125,0.0,0.0,0.0,0.0,2.5,0.25,3.3883186705767354,0.0,0.0,0.0,0.0,0.0,12.027061279296875
00011.75,9.765625E-4,-0.002197265625,0.125,0.0,0.0,0.0,0.0,0.0,0.0,0.0,0.0,0.0,0.0,0.125,0.0,0.0,0.0,0.0,4.375,0.0,2.4694525904203326,0.0,0.0,0.0,8.875,8.5,12.064756103515625
000011.8,-0.005126953125,-0.007568359375,0.125,0.0,0.0,0.0,0.0,0.0,0.0,0.0,0.0,0.0,0.0,0.125,0.0,0.0,0.0,0.0,4.75,0.0,1.5637829912023462,0.0,0.0,0.0,0.0,0.0,12.14642822265625
00011.85,-0.003173828125,-0.00341796875,0.125,0.0,0.0,0.0,0.0,0.0,0.0,0.0,0.0,0.0,0.0,0.125,0.0,0.0,0.0,0.0,1.75,0.0,0.0,0.0,0.0,0.0,0.0,0.0,12.2092529296875
000011.9,0.013916015625,0.01513671875,0.125,0.0,0.0,0.0,0.0,0.0,0.0,0.0,0.0,0.0,0.0,0.125,0.0,0.0,0.0,0.0,0.125,0.0,0.0,0.0,0.0,0.0,0.0,0.0,12.2343828125
00011.95,0.02001953125,0.020263671875,0.125,0.0,0.0,0.0,0.0,0.0,0.0,0.0,0.0,0.0,0.0,0.125,0.0,0.0,0.0,0.0,0.0,0.0,0.0,0.0,0.0,0.0,0.0,0.0,12.2343828125
000012.0,0.00927734375,0.010009765625,0.125,0.0,0.0,0.0,0.0,0.0,0.0,0.0,0.0,0.0,0.0,0.125,0.0,0.0,0.0,0.0,0.0,0.0,0.0,0.0,0.0,0.0,0.0,0.0,12.240665283203125
00012.05,-0.006103515625,-0.0048828125,0.125,0.0,0.0,0.0,0.0,0.0,0.0,0.0,0.0,0.0,0.0,0.125,0.0,0.0,0.0,0.0,0.0,0.0,0.0,0.0,0.0,0.0,0.0,0.0,12.2595126953125
000012.1,-0.0087890625,-0.008056640625,0.125,0.0,0.0,0.0,0.0,0.0,0.0,0.0,0.0,0.0,0.0,0.125,0.0,0.0,0.0,0.0,0.0,0.0,0.0,0.0,0.0,0.0,0.0,0.0,12.265795166015625
00012.15,-0.00537109375,-0.006103515625,0.125,0.0,0.0,0.0,0.0,0.0,0.0,0.0,0.0,0.0,0.0,0.125,0.0,0.0,0.0,0.0,0.0,0.0,0.0,0.0,0.0,0.0,0.0,0.0,12.253230224609375
000012.2,9.765625E-4,0.004150390625,0.125,0.0,0.0,0.0,0.0,0.0,0.0,0.0,0.0,0.0,0.0,0.125,0.0,0.0,0.0,0.0,0.0,0.0,0.0,0.0,0.0,0.0,0.0,0.0,12.27207763671875
