2018.07.13.15.54,L-RPM,R-RPM,L1-AMP,L2-AMP,L3-AMP,L4-AMP,L1-V,L2-V,L3-V,L4-V,R1-AMP,R2-AMP,R3-AMP,R4-AMP,R1-V,R2-V,R3-V,R4-V,Elev_1-AMP,Elev_2-AMP,Elev_1-V,Elev_2-V,Intake_L-AMP,Intake_R-AMP,Climber_1-AMP,Climber_2-AMP,BATTERY
07.13.15.54.47.738,0.0,0.0,0.0,0.0,0.0,0.0,0.0,0.0,0.0,0.0,0.0,0.0,0.0,0.0,0.0,0.0,0.0,0.0,0.0,0.0,0.0,0.0,0.0,0.0,0.0,0.0,12.686720703125
07.13.15.54.47.863,0.0,0.0,0.0,0.0,0.0,0.0,0.0,0.0,0.0,0.0,0.0,0.0,0.0,0.0,0.0,0.0,0.0,0.0,0.0,0.0,0.0,0.0,0.0,0.0,0.0,0.0,12.67415576171875
07.13.15.54.47.988,0.0,0.0,0.375,0.0,0.0,0.0,2.840273704789834,1.426392961876833,1.5205278592375366,1.6075268817204302,0.0,0.375,0.5,0.625,-3.117204301075269,-2.940371456500489,-3.5225806451612898,-3.5645161290322576,0.0,0.0,-1.1870967741935483,-0.9434995112414468,0.0,0.0,0.0,0.0,12.04590869140625
07.13.15.54.48.113,0.013916015625,0.01953125,5.75,5.75,5.5,6.125,3.5784946236559136,3.5784946236559136,3.5645161290322576,3.536559139784946,4.75,5.75,6.25,5.375,-3.117204301075269,-3.5784946236559136,-3.5225806451612898,-3.5645161290322576,6.25,5.875,-4.154838709677419,-3.5882697947214077,0.0,0.0,0.0,0.0,11.51818115234375
07.13.15.54.48.238,0.1005859375,0.095947265625,2.25,1.75,2.375,1.875,-3.21505376344086,-3.21505376344086,-3.1870967741935483,-3.1731182795698927,3.25,2.25,2.125,2.125,2.6838709677419357,3.243010752688172,3.1591397849462366,3.21505376344086,3.0,2.75,-1.1982404692082114,-1.4709677419354839,0.0,0.0,0.0,0.0,11.4302265625
07.13.15.54.48.363,0.019775390625,0.002685546875,7.25,8.0,7.5,8.5,-3.1870967741935483,-3.1870967741935483,-3.117204301075269,-3.117204301075269,6.125,7.5,8.125,7.75,2.739784946236559,3.1870967741935483,3.117204301075269,3.1311827956989244,0.0,0.0,0.0,0.0,0.0,0.0,0.0,0.0,11.61870068359375
07.13.15.54.48.488,-0.064208984375,-0.06396484375,2.75,1.0,1.0,1.0,4.648973607038124,1.3508797653958946,1.460410557184751,1.4486803519061584,1.0,0.5,0.625,0.75,-1.3363636363636366,-1.5395894428152492,-1.5087976539589443,-1.5272727272727273,0.0,0.0,0.0,0.0,0.0,0.0,0.0,0.0,12.2595126953125
07.13.15.54.48.613,-0.04833984375,-0.044189453125,6.625,6.125,5.75,6.75,3.748387096774194,3.748387096774194,3.748387096774194,3.372043010752688,5.625,7.5,7.375,7.0,-3.6272727272727274,-3.760703812316715,-3.629325513196481,-3.727859237536657,0.0,0.0,0.0,0.0,0.0,0.0,0.0,0.0,11.524463623046875
07.13.15.54.48.738,0.079345703125,0.085693359375,9.0,9.625,8.375,9.75,5.43147605083089,5.025464320625611,5.047996089931574,4.904789833822091,7.625,4.375,4.25,4.25,0.0,-3.98455522971652,-3.845356793743891,-3.9275659824046927,0.0,0.0,0.0,0.0,0.0,0.0,0.0,0.0,10.896216552734375
07.13.15.54.48.863,0.159912109375,0.14306640625,9.375,13.5,12.125,14.0,6.403616813294233,5.112121212121213,4.865102639296188,5.10117302052786,6.5,13.75,13.125,12.25,-4.6430107526881725,-5.084310850439882,-4.991446725317693,-5.231573802541545,0.0,0.0,0.0,0.0,0.0,0.0,0.0,0.0,10.657482666015625
07.13.15.54.48.988,0.27978515625,0.277099609375,11.5,19.625,18.125,20.125,7.334799608993157,7.060117302052785,6.928152492668621,6.763196480938416,2.75,4.75,2.375,2.25,-2.0904203323558166,-2.7872922776148585,-2.4120234604105573,-2.423509286412512,0.0,0.0,0.0,0.0,0.0,0.0,0.0,0.0,10.996736083984375
07.13.15.54.49.113,0.378173828125,0.291015625,14.0,17.0,15.625,17.375,-8.45425219941349,6.97781036168133,6.548387096774194,6.640469208211144,10.75,0.625,0.75,0.875,1.289833822091887,1.1933528836754643,1.4086021505376345,1.5150048875855326,0.0,0.0,0.0,0.0,0.0,0.0,0.0,0.0,11.197775146484375
07.13.15.54.49.238,0.430419921875,0.1005859375,13.75,4.5,4.25,4.125,4.582160312805474,4.2234115347018575,3.93108504398827,3.958944281524927,7.75,6.25,6.625,6.125,2.1615835777126096,2.43049853372434,2.3870967741935485,2.517741935483871,0.0,0.0,0.0,0.0,0.0,0.0,0.0,0.0,11.725502685546875
07.13.15.54.49.363,0.3837890625,-0.013916015625,4.625,0.5,0.625,0.25,-9.16739980449658,1.6328445747800586,1.6258064516129032,1.6046920821114368,2.625,3.375,3.625,3.625,1.7612903225806453,2.131769305962855,2.04594330400782,2.04594330400782,0.0,0.0,0.0,0.0,0.0,0.0,0.0,0.0,11.882564453125
07.13.15.54.49.488,0.2490234375,-0.031005859375,4.25,0.0,0.0,0.0,0.0,-0.8741446725317694,-0.8705767350928643,-0.9580645161290322,1.25,1.5,1.75,1.625,1.3303519061583577,1.5447214076246334,1.5195014662756599,1.5384164222873902,0.0,0.0,0.0,0.0,0.0,0.0,0.0,0.0,12.265795166015625
07.13.15.54.49.613,0.11376953125,-0.02880859375,2.75,1.5,1.5,1.625,-1.3333333333333335,-1.3225806451612905,-1.3118279569892475,-1.3118279569892475,0.0,0.125,0.25,0.375,0.6380254154447703,0.7364125122189639,0.7244868035190616,0.7304496578690127,0.0,0.0,0.0,0.0,0.0,0.0,0.0,0.0,12.328619873046875
07.13.15.54.49.739,-0.0126953125,-0.01708984375,0.125,0.0,0.0,0.0,-0.7151515151515151,-0.723802541544477,-0.7180351906158358,-0.6545454545454545,0.0,0.0,0.0,0.0,0.0,0.0,0.0,0.0,0.0,0.0,0.0,0.0,0.0,0.0,0.0,0.0,12.435421875
07.13.15.54.49.863,-0.0263671875,-0.015625,0.125,0.0,0.0,0.0,0.5888563049853373,0.8955522971652006,0.8884164222873902,0.7878787878787878,0.0,0.0,0.0,0.125,-0.5642228739002932,0.0,0.0,0.0,0.0,0.0,0.0,0.0,0.0,0.0,0.0,0.0,12.39772705078125
07.13.15.54.49.988,-0.01513671875,-0.0126953125,1.75,1.125,1.5,1.25,2.303030303030303,2.1959433040078205,2.1784457478005868,2.16969696969697,0.625,1.875,2.0,1.875,-2.2069403714565006,-1.8524437927663737,-1.4728250244379277,-1.5821114369501468,0.0,0.0,0.0,0.0,0.0,0.0,0.0,0.0,11.983083984375
07.13.15.54.50.113,0.042236328125,0.043701171875,4.75,5.875,5.75,6.5,-0.6349951124144674,3.197067448680352,3.0913000977517107,3.1680351906158353,3.625,4.75,4.875,4.625,-3.465395894428153,-3.7029814271749752,-3.6255131964809384,-3.7487781036168135,0.0,0.0,0.0,0.0,0.0,0.0,0.0,0.0,11.461638916015625
07.13.15.54.50.238,0.121826171875,0.113037109375,6.25,6.75,6.5,7.875,5.045943304007821,4.629032258064516,4.658064516129032,4.508797653958944,4.5,7.25,6.75,6.625,2.7150537634408605,-4.710166177908114,-4.628250244379277,-4.548875855327468,0.0,0.0,0.0,0.0,0.0,0.0,0.0,0.0,10.984171142578125
07.13.15.54.50.363,0.214111328125,0.22265625,7.625,9.625,9.5,10.625,-4.504496578690127,5.4306451612903235,5.360117302052786,5.201612903225806,4.875,8.75,8.75,8.125,4.041055718475073,-4.429130009775171,-4.2637341153470185,-4.169403714565005,0.0,0.0,0.0,0.0,0.0,0.0,0.0,0.0,11.065843261718749
07.13.15.54.50.488,0.296630859375,0.2861328125,8.5,8.375,7.75,8.375,6.370381231671553,5.209872922776149,5.167644183773216,5.433186705767351,6.625,6.125,5.625,5.375,-4.746871945259043,-5.421554252199414,-5.301075268817204,-5.325171065493647,0.0,0.0,0.0,0.0,0.0,0.0,0.0,0.0,10.921346435546875
07.13.15.54.50.613,0.35986328125,0.3427734375,10.5,9.0,9.125,10.625,6.877468230694038,6.78494623655914,6.6615835777126104,6.6615835777126104,7.125,6.125,5.75,5.125,-5.459384164222874,-5.642228739002933,-5.489736070381232,-5.625806451612903,0.0,0.0,-0.426197458455523,0.0,0.0,0.0,0.0,0.0,10.814544433593749
07.13.15.54.50.738,0.396240234375,0.37646484375,12.375,7.625,7.25,7.625,-8.065493646138808,4.704203323558163,4.629032258064516,4.674193548387097,10.5,10.75,11.375,9.625,-5.992668621700879,-6.909579667644184,-6.7785923753665696,-6.788709677419355,36.75,1.375,-8.7683284457478,-2.6607038123167155,0.0,0.0,0.0,0.0,9.68369970703125
07.13.15.54.50.863,0.426025390625,0.431640625,12.375,2.25,2.125,2.125,3.71544477028348,3.1883675464320627,3.5565982404692087,3.5660801564027373,12.375,12.125,13.75,12.625,-6.5053274682306945,-7.401270772238514,-7.371554252199413,-7.32336265884653,77.375,9.125,-8.7683284457478,-4.5516129032258075,0.0,0.0,2.125,1.875,9.6460048828125
07.13.15.54.50.988,0.4130859375,0.4755859375,11.5,0.0,0.0,0.0,1.6860215053763443,1.6319159335288367,1.6234604105571848,1.6150048875855327,13.0,15.875,16.0,12.625,-6.2522971652003925,-6.918377321603129,-6.881964809384164,-6.992570869990225,59.0,19.375,-7.55425219941349,-6.7451612903225815,0.0,0.0,0.0,1.875,10.079495361328124
07.13.15.54.51.113,0.287353515625,0.505859375,7.25,0.0,0.0,0.0,0.48856304985337246,0.496041055718475,0.5035190615835777,0.4935483870967742,9.375,8.75,9.25,7.125,-4.954936461388075,-5.35347018572825,-5.217595307917889,-5.5277614858260025,46.0,39.25,-8.228739002932551,-8.7683284457478,0.0,0.0,0.0,0.0,10.305664306640624
07.13.15.54.51.238,0.19970703125,0.451416015625,3.875,0.25,0.125,0.25,0.0,0.0,0.0,0.0,7.5,5.875,5.875,4.5,-3.967350928641252,-4.446920821114369,-4.403323558162269,-4.446920821114369,23.375,32.625,-4.518817204301075,-7.394721407624634,0.0,0.0,0.0,0.0,11.524463623046875
07.13.15.54.51.363,0.118896484375,0.39892578125,2.625,1.0,1.125,1.0,-1.1129032258064515,-1.0679374389051808,-1.103225806451613,-1.1129032258064515,9.375,1.5,1.75,1.75,-2.661290322580645,-3.0913978494623655,-3.0376344086021505,-3.0779569892473115,0.25,23.0,0.0,-5.412707722385142,0.0,0.0,0.0,0.0,11.7569150390625
07.13.15.54.51.488,0.010009765625,0.29736328125,1.75,1.375,1.625,1.625,-1.4193548387096775,-1.360215053763441,-1.3483870967741935,-1.360215053763441,4.125,0.5,0.625,0.75,4.712903225806452,-2.6056695992179866,-2.5728250244379276,-2.6056695992179866,0.125,9.875,0.0,-3.2938416422287387,0.0,0.0,0.0,0.0,11.9579541015625
07.13.15.54.51.613,0.01318359375,0.20947265625,1.75,1.5,1.625,1.5,-1.3607038123167154,-1.349364613880743,-1.3436950146627566,-1.332355816226784,0.5,0.125,0.125,0.5,-1.8665689149560118,-1.6401759530791788,-1.6195014662756597,-1.6401759530791788,0.0,1.625,0.0,0.0,0.0,0.0,0.0,0.0,12.228100341796875
07.13.15.54.51.738,-0.0244140625,0.125244140625,0.25,0.0,0.25,0.0,0.0,0.0,0.0,0.0,0.875,0.0,0.0,0.0,3.0018572825024434,0.0,0.0,0.0,0.0,0.0,0.0,0.0,0.0,0.0,0.0,0.0,12.385162109374999
07.13.15.54.51.863,-0.014892578125,0.066650390625,3.75,1.75,2.0,1.875,2.834799608993157,2.812121212121212,2.8007820136852395,2.778103616813294,1.875,0.875,1.125,1.25,-2.3812316715542523,-2.812121212121212,-2.755425219941349,-2.8007820136852395,0.0,0.0,0.0,0.0,0.0,0.0,0.0,0.0,12.0584736328125
07.13.15.54.51.988,0.05810546875,0.05224609375,4.0,3.25,3.25,3.375,2.6873900293255133,2.721407624633431,2.698729227761486,2.698729227761486,3.5,3.125,3.375,3.125,-2.3812316715542523,-2.721407624633431,-2.664711632453568,-2.698729227761486,0.0,0.0,0.0,0.0,0.0,0.0,0.0,0.0,11.882564453125
07.13.15.54.52.113,0.12158203125,0.12744140625,3.625,2.875,3.0,3.0,2.732746823069404,2.721407624633431,2.698729227761486,2.698729227761486,2.625,2.875,3.0,2.875,-2.256500488758553,-2.721407624633431,-2.664711632453568,-2.732746823069404,0.0,0.0,0.0,0.0,0.0,0.0,0.0,0.0,11.99564892578125
07.13.15.54.52.238,0.145751953125,0.14306640625,2.875,1.875,2.125,1.875,2.732746823069404,2.7440860215053764,2.721407624633431,2.7100684261974584,1.625,1.875,1.75,1.875,-2.3812316715542523,-2.732746823069404,-2.6873900293255133,-2.732746823069404,0.0,0.0,0.0,0.0,0.0,0.0,0.0,0.0,12.184123046875
07.13.15.54.52.363,0.180419921875,0.185302734375,4.125,2.5,2.75,2.75,3.4247311827956985,3.4247311827956985,3.410752688172043,3.3827956989247308,2.75,2.75,2.625,2.625,-2.7956989247311825,-3.4247311827956985,-3.368817204301075,-3.410752688172043,0.0,0.0,0.0,0.0,0.0,0.0,0.0,0.0,11.97051904296875
07.13.15.54.52.488,0.205322265625,0.203125,5.75,4.625,4.625,5.0,3.3268817204301073,3.2709677419354835,3.256989247311828,3.21505376344086,6.125,6.375,6.875,6.25,-2.7956989247311825,-3.2709677419354835,-3.21505376344086,-3.229032258064516,0.0,0.0,0.0,0.0,0.0,0.0,0.0,0.0,11.568440917968749
07.13.15.54.52.613,0.135009765625,0.08349609375,7.75,6.625,6.375,7.375,3.243010752688172,3.2849462365591395,3.256989247311828,3.229032258064516,3.75,3.75,3.75,3.5,-2.7817204301075265,-3.2709677419354835,-3.21505376344086,-3.243010752688172,0.0,0.0,0.0,0.0,0.0,0.0,0.0,0.0,11.486768798828125
07.13.15.54.52.738,0.076171875,0.1376953125,9.625,8.875,8.25,9.875,3.243010752688172,3.2849462365591395,3.21505376344086,3.229032258064516,5.75,6.25,6.75,6.25,-2.6559139784946235,-3.2709677419354835,-3.21505376344086,-3.243010752688172,0.0,0.0,0.0,0.0,0.0,0.0,0.0,0.0,11.222905029296875
07.13.15.54.52.863,0.02490234375,0.084228515625,8.25,7.375,7.0,7.625,3.1311827956989244,3.1591397849462366,3.089247311827957,3.117204301075269,5.375,5.75,6.0,5.5,-2.753763440860215,-3.1731182795698927,-3.089247311827957,-3.1311827956989244,0.0,0.0,0.0,0.0,0.0,0.0,0.0,0.0,11.373684326171874
07.13.15.54.52.988,0.048583984375,0.046875,8.625,8.0,7.75,8.625,3.1731182795698927,3.1591397849462366,3.1311827956989244,3.075268817204301,6.625,7.25,7.625,7.0,-2.627956989247312,-3.1311827956989244,-3.089247311827957,-3.1311827956989244,0.0,0.0,0.0,0.0,0.0,0.0,0.0,0.0,11.072125732421874
07.13.15.54.53.113,0.016357421875,0.029541015625,8.5,9.0,8.625,10.125,3.117204301075269,3.1311827956989244,3.019354838709677,3.075268817204301,7.875,8.625,9.0,7.75,-2.627956989247312,-3.075268817204301,-3.0333333333333337,-3.0612903225806445,0.0,0.0,0.0,0.0,0.0,0.0,0.0,0.0,10.99045361328125
07.13.15.54.53.238,0.00341796875,0.009765625,0.125,0.125,0.125,0.0,0.0,0.0,0.0,0.0,0.0,0.125,0.125,0.25,0.0,0.0,0.0,0.0,0.0,0.0,0.0,0.0,8.125,8.375,0.0,0.0,12.240665283203125
07.13.15.54.53.363,-0.03271484375,-0.036865234375,0.125,0.0,0.0,0.0,0.0,0.0,0.0,0.0,0.0,0.0,0.0,0.0,0.0,0.0,0.0,0.0,0.0,0.0,0.0,0.0,4.375,4.125,0.0,0.0,12.290925048828125
07.13.15.54.53.488,-0.00927734375,-0.010498046875,0.0,0.0,0.0,0.0,0.0,0.0,0.0,0.0,0.0,0.0,0.0,0.0,0.0,0.0,0.0,0.0,0.0,0.0,0.0,0.0,0.0,0.0,0.0,0.0,12.334902343749999
07.13.15.54.53.613,0.001708984375,0.00341796875,0.125,0.0,0.0,0.0,0.0,0.0,0.0,0.0,0.0,0.0,0.0,0.0,0.0,0.0,0.0,0.0,0.0,0.0,0.0,0.0,0.0,0.0,0.0,0.0,12.366314697265624
07.13.15.54.53.738,7.32421875E-4,7.32421875E-4,0.0,0.0,0.0,0.0,0.0,0.0,0.0,0.0,0.0,0.0,0.0,0.0,0.0,0.0,0.0,0.0,3.875,0.0,1.943646138807429,1.5272727272727273,0.0,0.0,0.0,0.0,12.42285693359375
07.13.15.54.53.863,0.0,0.0,0.625,0.375,0.5,0.375,-2.25752688172043,-2.0567448680351905,-2.1541055718475075,-2.233382209188661,0.25,0.5,0.5,0.75,2.021505376344086,2.297165200391007,2.260410557184751,2.287976539589443,0.0,0.0,0.0,0.0,0.0,0.0,0.0,0.0,12.190405517578125
07.13.15.54.53.988,-0.03271484375,-0.03125,3.625,4.125,4.375,4.75,0.0,-3.6070381231671558,-3.5923753665689153,-3.482306940371457,3.25,4.0,4.25,4.125,3.236314760508309,3.8677908113391983,3.8204301075268816,3.9474095796676445,0.0,0.0,0.0,0.0,0.0,0.0,0.0,0.0,11.687807861328125
07.13.15.54.54.113,-0.1103515625,-0.125244140625,6.0,7.875,7.75,8.25,-5.397458455522972,-4.301466275659824,-4.40464320625611,-4.274780058651027,4.0,10.125,10.125,9.875,-1.8205278592375365,4.76950146627566,4.482649071358749,4.639296187683285,0.0,0.0,0.0,0.0,0.0,0.0,0.0,0.0,11.1537978515625
07.13.15.54.54.238,-0.207275390625,-0.203857421875,7.25,9.0,8.875,9.125,4.838123167155426,-5.37336265884653,-5.21505376344086,-5.071749755620723,5.5,9.875,9.5,9.125,4.703030303030303,5.357575757575758,5.309090909090909,5.357575757575758,0.0,0.0,0.0,0.0,0.0,0.0,0.0,0.0,11.109820556640624
07.13.15.54.54.363,-0.30224609375,-0.30126953125,7.875,9.375,9.375,10.125,-5.887487781036168,-5.89652981427175,-5.731182795698924,-5.679081133919843,6.125,11.625,11.5,10.5,5.0,5.940860215053763,5.887096774193548,5.940860215053763,0.0,0.0,0.0,0.0,0.0,0.0,0.0,0.0,11.273164794921875
07.13.15.54.54.488,-0.361328125,-0.3515625,9.625,9.25,9.125,9.625,8.13088954056696,-6.140909090909092,-6.084310850439883,-6.112609970674487,8.25,11.5,10.625,9.125,5.506598240469208,6.389051808406648,6.44848484848485,6.4782013685239495,0.0,0.0,0.0,0.0,0.0,0.0,0.0,0.0,11.373684326171874
07.13.15.54.54.613,-0.404541015625,-0.399169921875,12.0,11.75,11.125,12.625,-6.967741935483871,-6.052785923753665,-5.912023460410556,-6.051221896383188,8.125,8.375,8.875,7.75,6.175708699902248,7.073313782991202,6.87683284457478,7.007820136852394,0.0,0.0,0.0,0.0,0.0,0.0,0.0,1.875,11.555875976562499
07.13.15.54.54.738,-0.4443359375,-0.437744140625,15.75,7.75,6.875,7.0,9.543695014662758,-4.560703812316716,-4.247507331378299,-4.144672531769307,9.0,9.375,9.5,9.0,4.935483870967743,5.940957966764418,5.82991202346041,5.885434995112415,0.0,0.0,0.0,0.0,0.0,0.0,0.0,2.0,10.129755126953125
07.13.15.54.54.863,-0.44580078125,-0.44921875,20.125,2.5,2.375,2.625,-3.378299120234604,-3.7627565982404687,-3.5503421309872927,-3.6441837732160316,17.625,2.125,2.125,2.0,2.8206256109481918,2.954838709677419,2.9161290322580644,2.8652981427174975,0.0,0.0,0.0,0.0,4.25,3.625,2.375,2.375,10.883651611328125
07.13.15.54.54.988,-0.387939453125,-0.396240234375,18.125,0.0,0.0,0.0,-1.4580645161290322,-1.5325513196480938,-1.4867057673509287,-1.526001955034213,11.625,0.0,0.0,0.0,1.3033235581622677,0.8282502443792766,1.480156402737048,1.5221896383186704,16.25,0.25,5.193548387096774,2.283284457478006,0.0,0.0,0.0,0.0,10.820826904296874
07.13.15.54.55.113,-0.2705078125,-0.265380859375,9.625,0.0,0.0,0.0,5.583675464320625,0.0,0.0,0.0,6.625,0.0,0.0,0.0,0.7391984359726295,0.0,0.0,0.0,15.25,6.125,5.171065493646139,5.034604105571848,0.0,0.0,0.0,0.0,12.0082138671875
07.13.15.54.55.238,-0.156982421875,-0.166748046875,3.375,0.0,0.0,0.0,0.0,0.0,0.0,0.0,0.75,0.0,0.0,0.0,0.0,0.0,0.0,0.0,9.75,8.625,5.2834799608993155,5.373411534701857,0.0,0.0,0.0,0.0,11.89512939453125
07.13.15.54.55.363,-0.09521484375,-0.08251953125,0.5,0.5,0.5,0.5,0.0,0.0,0.0,0.0,0.0,0.0,0.0,0.125,0.0,0.0,0.0,0.0,6.875,6.0,5.2834799608993155,5.440860215053763,0.0,0.0,0.0,0.0,12.202970458984375
07.13.15.54.55.488,-0.0205078125,-0.020263671875,0.0,0.0,0.0,0.0,0.0,0.0,0.0,0.0,0.0,0.0,0.0,0.0,0.0,0.0,0.0,0.0,6.5,6.125,5.440860215053763,5.418377321603129,0.0,0.0,0.0,0.0,12.1589931640625
07.13.15.54.55.613,-0.00830078125,-0.0087890625,0.125,0.0,0.0,0.0,0.0,0.0,0.0,0.0,0.0,0.0,0.0,0.0,0.0,0.0,0.0,0.0,2.5,1.125,0.0,0.0,0.0,0.0,0.0,0.0,12.479399169921875
07.13.15.54.55.738,-7.32421875E-4,0.001708984375,0.125,0.0,0.0,0.0,-0.6774193548387096,-0.6774193548387096,-0.674731182795699,-0.6693548387096775,0.0,0.0,0.0,0.125,0.0,0.0,0.0,0.0,0.0,0.0,0.0,0.0,0.0,0.0,0.0,0.0,12.44798681640625
07.13.15.54.55.863,0.001708984375,0.00537109375,1.0,0.375,0.5,0.125,-2.28494623655914,-2.2940860215053767,-2.2758064516129033,-2.2666666666666666,0.25,0.875,0.75,0.875,-1.703519061583578,-1.9260508308895408,-1.8953567937438904,-1.9107038123167157,0.0,0.0,0.0,0.0,0.0,0.0,0.0,0.0,11.9579541015625
07.13.15.54.55.988,-0.031982421875,0.0205078125,5.5,4.5,4.875,5.125,-4.044477028347996,-3.764662756598241,-3.685239491691105,-3.685239491691105,3.875,2.125,2.125,2.125,-2.923900293255133,-2.826392961876833,-2.778690127077224,-2.699169110459433,0.0,0.0,0.0,0.0,0.0,0.0,0.0,0.0,11.555875976562499
07.13.15.54.56.113,-0.09228515625,0.067626953125,4.25,5.25,5.125,5.375,-3.0370967741935484,-2.6063049853372435,-2.460606060606061,-2.834799608993158,2.375,6.25,6.375,5.875,-2.371309872922776,-2.4209677419354843,-2.3801075268817207,-2.4005376344086025,0.0,0.0,0.0,0.0,0.0,0.0,0.0,0.0,11.926541748046875
07.13.15.54.56.238,-0.139404296875,0.1259765625,1.125,0.625,0.5,0.5,-0.8363636363636363,0.0,0.0,0.0,0.125,0.125,0.25,0.25,0.0,0.0,0.0,0.0,0.0,0.0,0.0,0.0,0.0,0.0,0.0,0.0,12.44798681640625
07.13.15.54.56.363,-0.09619140625,0.08447265625,3.125,2.375,2.5,2.5,2.2181818181818183,2.1019061583577714,2.0750733137829918,2.0661290322580648,1.375,1.0,0.875,1.125,-1.9140762463343108,-2.0929618768328444,-2.057184750733138,-2.0661290322580648,0.0,0.0,0.0,0.0,16.875,14.75,0.0,0.0,11.700372802734375
07.13.15.54.56.488,0.01904296875,0.068603515625,2.875,2.375,2.5,2.5,2.1019061583577714,2.1287390029325515,2.1019061583577714,2.1019061583577714,2.0,2.375,2.375,2.125,-1.8246334310850438,-2.119794721407625,-2.0750733137829918,-2.1108504398826984,0.0,0.0,0.0,0.0,7.375,5.875,0.0,0.0,11.9076943359375
07.13.15.54.56.613,0.090087890625,0.09375,2.125,1.5,1.625,1.5,2.1466275659824046,2.1287390029325515,2.1019061583577714,2.1019061583577714,1.0,1.5,1.5,1.5,-1.806744868035191,-2.164516129032258,-2.1287390029325515,-2.1466275659824046,0.0,0.0,0.0,0.0,6.75,5.375,0.0,0.0,12.027061279296875
07.13.15.54.56.738,0.12939453125,0.126220703125,1.75,1.125,1.25,1.125,2.173460410557185,2.164516129032258,2.1466275659824046,2.1466275659824046,0.75,1.0,1.0,1.125,-1.806744868035191,-2.164516129032258,-2.1287390029325515,-2.1466275659824046,0.0,0.0,0.0,0.0,6.0,4.75,0.0,0.0,12.083603515624999
07.13.15.54.56.863,0.15185546875,0.141845703125,1.375,0.625,0.875,0.625,2.1824046920821116,2.1824046920821116,2.164516129032258,2.1555718475073316,0.125,0.5,0.5,0.625,-1.8782991202346042,-2.1824046920821116,-2.1466275659824046,-2.164516129032258,0.0,0.0,0.0,0.0,5.875,4.5,0.0,0.0,12.127580810546874
07.13.15.54.56.988,0.15673828125,0.157958984375,1.375,0.625,0.875,0.5,2.1824046920821116,2.191348973607038,2.173460410557185,2.164516129032258,0.0,0.375,0.25,0.5,-1.8246334310850438,-2.191348973607038,-2.1555718475073316,-2.1824046920821116,0.0,0.0,0.0,0.0,5.875,4.375,0.0,0.0,12.152710693359374
07.13.15.54.57.113,0.169921875,0.16748046875,1.125,0.375,0.625,0.5,2.191348973607038,2.191348973607038,2.1824046920821116,2.164516129032258,0.0,0.125,0.25,0.5,-1.887243401759531,-2.191348973607038,-2.1555718475073316,-2.1824046920821116,0.0,0.0,0.0,0.0,5.75,4.375,0.0,0.0,12.1589931640625
07.13.15.54.57.238,0.16943359375,0.169921875,1.125,0.375,0.375,0.25,2.191348973607038,2.191348973607038,2.1824046920821116,2.164516129032258,0.0,0.125,0.125,0.25,-1.8246334310850438,-2.191348973607038,-2.1555718475073316,-2.1824046920821116,0.0,0.0,0.0,0.0,5.875,4.375,0.0,0.0,12.190405517578125
07.13.15.54.57.363,0.171875,0.1728515625,1.125,0.375,0.375,0.25,2.200293255131965,2.191348973607038,2.1824046920821116,2.173460410557185,0.0,0.0,0.125,0.25,-1.8246334310850438,-2.191348973607038,-2.1555718475073316,-2.1824046920821116,0.0,0.0,0.0,0.0,5.875,4.375,0.0,0.0,12.184123046875
07.13.15.54.57.488,0.17724609375,0.173583984375,1.0,0.375,0.375,0.25,2.200293255131965,2.200293255131965,2.1824046920821116,2.173460410557185,0.0,0.0,0.125,0.25,-1.8961876832844577,-2.200293255131965,-2.164516129032258,-2.1824046920821116,0.0,0.0,0.0,0.0,5.75,4.375,0.0,0.0,12.19668798828125
07.13.15.54.57.613,0.1728515625,0.173828125,1.0,0.375,0.375,0.25,2.200293255131965,2.200293255131965,2.191348973607038,2.1824046920821116,0.0,0.0,0.125,0.25,-1.8335777126099708,-2.200293255131965,-2.164516129032258,-2.191348973607038,0.0,0.0,0.0,0.0,5.875,4.25,0.0,0.0,12.190405517578125
07.13.15.54.57.738,0.18212890625,0.17529296875,1.125,0.375,0.375,0.25,2.200293255131965,2.200293255131965,2.1824046920821116,2.173460410557185,0.0,0.125,0.125,0.25,-1.8961876832844577,-2.200293255131965,-2.164516129032258,-2.191348973607038,0.0,0.0,0.0,0.0,5.875,4.375,0.0,0.0,12.177840576171874
07.13.15.54.57.863,0.168212890625,0.17236328125,1.0,0.375,0.375,0.25,2.2092375366568917,2.200293255131965,2.1824046920821116,2.173460410557185,0.0,0.125,0.125,0.25,-1.8961876832844577,-2.200293255131965,-2.164516129032258,-2.191348973607038,0.0,0.0,0.0,0.0,5.875,4.25,0.0,0.0,12.202970458984375
07.13.15.54.57.988,0.1796875,0.175048828125,1.125,0.375,0.375,0.25,2.2092375366568917,2.200293255131965,2.1824046920821116,2.173460410557185,0.0,0.0,0.125,0.25,-1.8246334310850438,-2.200293255131965,-2.164516129032258,-2.191348973607038,0.0,0.0,0.0,0.0,5.75,4.25,0.0,0.0,12.215535400390625
07.13.15.54.58.113,0.16943359375,0.17333984375,1.125,0.375,0.375,0.25,2.2092375366568917,2.200293255131965,2.191348973607038,2.1824046920821116,0.0,0.0,0.125,0.25,-1.8961876832844577,-2.200293255131965,-2.164516129032258,-2.191348973607038,0.0,0.0,0.0,0.0,6.0,4.25,0.0,0.0,12.190405517578125
07.13.15.54.58.238,0.177490234375,0.175537109375,1.0,0.375,0.375,0.25,2.2092375366568917,2.200293255131965,2.1824046920821116,2.1824046920821116,0.0,0.0,0.125,0.25,-1.8335777126099708,-2.200293255131965,-2.164516129032258,-2.191348973607038,0.0,0.0,0.0,0.0,5.75,4.375,0.0,0.0,12.190405517578125
07.13.15.54.58.363,0.176025390625,0.173583984375,1.0,0.375,0.375,0.125,2.2092375366568917,2.200293255131965,2.1824046920821116,2.1824046920821116,0.0,0.0,0.125,0.25,-1.887243401759531,-2.200293255131965,-2.164516129032258,-2.1824046920821116,0.0,0.0,0.0,0.0,6.25,4.375,0.0,0.0,12.096168457031249
07.13.15.54.58.488,0.16552734375,0.17529296875,1.5,0.875,0.875,0.625,2.1824046920821116,2.191348973607038,2.1824046920821116,2.164516129032258,0.0,0.0,0.125,0.25,-1.887243401759531,-2.191348973607038,-2.1555718475073316,-2.1824046920821116,0.0,0.0,0.0,0.0,14.125,4.125,0.0,0.0,11.951671630859375
07.13.15.54.58.613,0.14990234375,0.174560546875,1.875,1.25,1.625,1.25,2.137683284457478,2.1555718475073316,2.1466275659824046,2.137683284457478,0.0,0.0,0.125,0.25,-1.8156891495601175,-2.1555718475073316,-2.1287390029325515,-2.1466275659824046,0.0,0.0,0.0,0.0,16.625,4.625,0.0,0.0,11.593570800781249
07.13.15.54.58.738,0.095703125,0.15576171875,3.125,2.5,2.5,2.625,2.137683284457478,2.0482404692082112,2.0392961876832847,2.0392961876832847,1.25,1.375,1.375,1.375,-1.7441348973607038,-2.057184750733138,-2.021407624633431,-2.0392961876832847,0.0,0.0,0.0,0.0,17.125,24.125,0.0,0.0,11.279447265625
07.13.15.54.58.863,0.0341796875,0.08935546875,3.5,2.875,2.875,2.875,2.030351906158358,2.030351906158358,1.994574780058651,1.994574780058651,2.0,2.125,2.25,2.125,-1.7262463343108505,-2.0124633431085046,-1.967741935483871,-2.0035190615835776,0.0,0.0,0.0,0.0,18.125,26.125,0.0,0.0,11.222905029296875
07.13.15.54.58.988,0.02197265625,0.0478515625,0.25,0.875,0.875,0.75,0.0,0.0,0.0,0.0,0.0,0.0,0.0,0.125,0.0,0.0,0.0,0.0,0.0,0.0,0.0,0.0,10.875,10.0,0.0,0.0,12.04590869140625
07.13.15.54.59.113,-0.01708984375,-0.007080078125,0.125,0.0,0.0,0.0,-1.2641251221896386,-1.0926686217008799,-1.0881720430107527,-1.0836754643206257,0.0,0.0,0.125,0.25,1.3178885630498534,1.4846041055718475,1.466275659824047,1.4903225806451612,0.0,0.0,0.0,0.0,10.0,9.75,0.0,0.0,11.976801513671875
07.13.15.54.59.238,-0.0322265625,-0.034423828125,2.625,1.625,1.875,1.375,0.8586510263929619,-2.9573313782991204,-2.932991202346041,-2.8269794721407626,1.625,1.875,1.875,2.125,3.1304985337243405,3.622434017595308,3.5628054740957964,3.592619745845553,0.0,0.0,0.0,0.0,8.25,10.5,0.0,0.0,11.310859619140624
07.13.15.54.59.363,-0.082763671875,-0.08642578125,7.375,9.375,9.25,10.125,-5.249755620723363,-5.044330400782014,-4.884555229716519,-4.884555229716519,7.5,7.625,8.25,8.0,4.646138807429129,5.21505376344086,5.072825024437927,5.244868035190616,0.0,0.0,0.0,0.0,9.25,8.625,0.0,0.0,10.538115722656249
07.13.15.54.59.488,-0.1875,-0.17919921875,7.25,11.625,11.25,12.125,-5.52199413489736,-4.925513196480939,-4.842717497556206,-5.030987292277615,7.625,10.875,11.0,10.25,5.404692082111436,5.048484848484849,4.9321603128054745,5.038709677419355,0.0,0.0,0.0,0.0,8.375,8.0,0.0,0.0,10.66376513671875
07.13.15.54.59.613,-0.281494140625,-0.28857421875,8.25,11.625,11.25,12.25,-5.593841642228739,-5.679765395894428,-5.67375366568915,-5.620478983382209,7.75,13.0,12.875,11.625,-5.316715542521995,5.303030303030304,5.180840664711633,5.288563049853373,0.0,0.0,0.0,0.0,7.375,8.5,0.0,0.0,11.292012207031249
07.13.15.54.59.738,-0.357666015625,-0.3662109375,10.625,4.5,5.25,5.5,7.1822580645161285,-3.857086999022483,-3.8040078201368526,-3.7409579667644186,7.875,11.5,11.875,10.375,-5.871554252199414,6.8183284457478,6.631524926686217,6.6818181818181825,0.0,0.0,0.0,0.0,7.375,0.0,0.0,1.875,11.197775146484375
07.13.15.54.59.863,-0.381591796875,-0.4052734375,11.875,9.625,8.875,9.875,-6.382306940371457,-6.265200391006843,-6.118817204301076,-6.0602639296187695,10.875,14.5,14.5,13.375,6.700000000000001,7.394281524926687,7.184017595307918,7.380645161290323,0.0,0.0,0.0,0.0,0.0,0.0,0.0,1.875,10.657482666015625
07.13.15.54.59.988,-0.43310546875,-0.45849609375,10.5,3.875,3.625,3.625,9.72316715542522,-4.150537634408602,-4.0373411534701855,-4.101759530791789,12.375,17.25,17.375,15.125,6.109090909090909,7.250733137829911,6.980938416422288,6.989736070381231,0.0,0.0,0.0,0.0,0.0,0.0,0.0,0.0,10.896216552734375
07.13.15.55.00.113,-0.42333984375,-0.4951171875,16.5,0.0,0.0,0.0,10.240469208211145,-1.7741935483870968,-1.725806451612903,-1.6344574780058652,11.0,6.875,6.5,6.5,-8.646334310850438,5.086021505376344,4.805718475073315,4.875366568914956,0.0,0.0,0.0,0.0,0.0,3.625,2.625,2.75,12.202970458984375
07.13.15.55.00.238,-0.3046875,-0.473876953125,14.25,0.125,0.125,0.0,0.0,0.0,0.0,0.0,7.5,1.625,1.75,1.625,2.4804496578690127,3.138709677419355,3.1251221896383186,3.0483870967741935,0.0,0.0,0.0,0.0,0.0,0.0,2.125,1.875,11.763197509765625
07.13.15.55.00.363,-0.17919921875,-0.388671875,5.5,0.625,0.75,0.625,5.191593352883675,0.0,0.0,0.0,6.875,0.0,0.0,0.0,1.7660801564027373,2.1704789833822096,2.1437927663734118,2.1227761485826004,0.0,0.0,0.0,0.0,0.0,0.0,0.0,0.0,11.593570800781249
07.13.15.55.00.488,-0.11376953125,-0.2509765625,4.25,1.875,2.25,2.0,1.4668621700879767,1.4067448680351906,1.395307917888563,1.395307917888563,2.75,0.0,0.125,0.25,1.6139784946236557,0.9859237536656892,0.9698924731182795,0.8861192570869991,0.0,0.0,0.0,0.0,0.0,0.0,0.0,0.0,12.184123046875
07.13.15.55.00.613,-0.02783203125,-0.16357421875,2.5,2.125,2.375,2.25,1.4067448680351906,1.4067448680351906,1.395307917888563,1.6457478005865103,0.75,0.25,0.375,0.625,1.852590420332356,2.212316715542522,2.1763440860215053,2.203323558162268,0.0,0.0,0.0,0.0,0.0,0.0,0.0,0.0,12.303489990234375
07.13.15.55.00.738,0.014892578125,-0.083740234375,0.75,0.375,0.75,0.5,1.03822091886608,1.0865102639296187,1.0777126099706746,1.0172043010752687,0.0,0.125,0.125,0.25,0.5648093841642229,0.7484848484848485,0.7363636363636364,0.7454545454545455,0.0,0.0,0.0,0.0,0.0,0.0,0.0,0.0,12.441704345703124
07.13.15.55.00.863,0.0205078125,-0.042236328125,0.375,0.125,0.25,0.125,0.0,0.0,0.0,0.0,0.0,0.0,0.0,0.125,0.0,0.0,0.0,0.0,0.375,0.0,-2.0606060606060606,0.0,0.0,0.0,0.0,0.0,12.328619873046875
07.13.15.55.00.988,0.0068359375,-0.011474609375,0.125,0.0,0.0,0.0,0.0,0.0,0.0,0.0,0.0,0.0,0.0,0.125,0.0,0.0,0.0,0.0,54.375,0.5,-11.016617790811338,-3.368817204301075,0.0,0.0,0.0,0.0,10.871086669921874
07.13.15.55.01.113,-0.001220703125,0.001953125,0.125,0.0,0.0,0.0,0.0,0.0,0.0,0.0,0.0,0.0,0.0,0.0,0.0,0.0,0.0,0.0,80.75,9.375,-8.63343108504399,-5.553079178885631,0.0,0.0,0.0,0.0,10.984171142578125
07.13.15.55.01.238,2.44140625E-4,0.00146484375,0.125,0.0,0.0,0.0,0.0,0.0,0.0,0.0,0.0,0.0,0.0,0.0,0.0,0.0,0.0,0.0,58.125,19.875,-8.993157380254154,-7.875659824046921,0.0,0.0,0.0,0.0,11.0281484375
07.13.15.55.01.363,-0.00146484375,-0.001708984375,0.125,0.0,0.0,0.0,0.0,0.0,0.0,0.0,0.0,0.0,0.0,0.0,0.0,0.0,0.0,0.0,42.5,38.25,-7.086999022482894,-8.972140762463344,0.0,0.0,0.0,0.0,11.53074609375
07.13.15.55.01.488,0.0,7.32421875E-4,0.0,0.0,0.0,0.0,0.0,0.0,0.0,0.0,0.0,0.0,0.0,0.0,0.0,0.0,0.0,0.0,1.625,26.25,1.361876832844575,-6.40175953079179,0.0,0.0,0.0,0.0,11.738067626953125
07.13.15.55.01.613,0.0029296875,0.004638671875,0.125,0.0,0.0,0.0,0.0,0.0,0.0,0.0,0.0,0.0,0.0,0.125,0.0,0.0,0.0,0.0,17.5,21.5,4.031524926686217,-4.770772238514175,0.0,0.0,0.0,0.0,11.681525390625
07.13.15.55.01.738,-0.0029296875,-0.001220703125,0.125,0.0,0.0,0.0,0.0,0.0,0.0,0.0,0.0,0.0,0.0,0.0,0.0,0.0,0.0,0.0,21.625,8.875,3.9290322580645163,-1.9359726295210167,0.0,0.0,0.0,0.0,12.089885986328124
07.13.15.55.01.863,-0.001708984375,-0.00244140625,0.125,0.0,0.0,0.0,0.0,0.0,0.0,0.0,0.0,0.0,0.0,0.0,0.0,0.0,0.0,0.0,6.875,0.25,2.1225806451612903,0.7971652003910068,0.0,0.0,0.0,0.0,12.429139404296874
07.13.15.55.01.988,0.00244140625,0.004638671875,0.125,0.0,0.0,0.0,0.0,0.0,0.0,0.0,0.0,0.0,0.0,0.0,0.0,0.0,0.0,0.0,0.125,0.125,0.09736070381231672,0.0,0.0,0.0,0.0,0.0,12.485681640625
07.13.15.55.02.113,-0.00146484375,-7.32421875E-4,0.125,0.0,0.0,0.0,0.0,0.0,0.0,0.0,0.0,0.0,0.0,0.125,0.0,0.0,0.0,0.0,0.0,0.0,0.0,0.0,0.0,0.0,0.0,0.0,12.504529052734375
07.13.15.55.02.238,-2.44140625E-4,0.0,0.125,0.0,0.0,0.0,0.8408602150537634,0.7172043010752688,0.8342130987292278,0.9286412512218964,0.0,0.0,0.0,0.0,-0.8501466275659825,-0.8252199413489736,-0.949266862170088,-0.8252199413489736,0.0,0.0,0.0,0.0,0.0,0.0,0.0,0.0,12.4102919921875
07.13.15.55.02.363,0.0068359375,0.004638671875,2.25,2.125,2.125,2.125,2.6091397849462368,1.496236559139785,1.607086999022483,1.6984359726295208,1.0,1.0,0.75,0.875,-2.3748778103616814,-2.7835777126099708,-2.7504398826979473,-2.7835777126099708,0.0,0.0,0.0,0.0,0.0,0.0,0.0,0.0,11.976801513671875
07.13.15.55.02.488,0.059326171875,0.056884765625,4.625,4.625,5.0,4.875,4.163440860215054,3.255718475073314,3.3236559139784942,3.427712609970675,2.5,5.375,5.625,5.25,0.49608993157380255,-3.8520039100684267,-3.7888563049853374,-3.8046432062561095,0.0,0.0,0.0,0.0,0.0,0.0,0.0,0.0,11.3548369140625
07.13.15.55.02.613,0.125,0.138916015625,7.25,5.125,5.875,5.25,5.0361681329423265,2.7747800586510265,3.7170087976539588,3.3391984359726297,4.125,7.5,7.625,6.875,2.9467741935483875,-2.852785923753666,-2.8152492668621703,-2.751515151515152,0.0,0.0,0.0,0.0,0.0,0.0,0.0,0.0,11.926541748046875
