04.26.11.08,L-RPM,R-RPM,L1-AMP,L2-AMP,L3-AMP,L4-AMP,L1-V,L2-V,L3-V,L4-V,R1-AMP,R2-AMP,R3-AMP,R4-AMP,R1-V,R2-V,R3-V,R4-V,Elev_1-AMP,Elev_2-AMP,Elev_1-V,Elev_2-V,Intake_L-AMP,Intake_R-AMP,Climber_1-AMP,Climber_2-AMP,BATTERY
00000.15,0.0,0.0,0.125,0.0,0.0,0.0,0.0,0.0,0.0,0.0,0.0,0.0,0.0,0.125,0.0,0.0,0.0,0.0,0.0,0.0,0.0,0.0,0.0,0.0,0.0,0.0,12.8375
000000.2,0.0,0.0,0.125,0.0,0.0,0.0,0.0,0.0,0.0,0.0,0.0,0.0,0.0,0.125,0.0,0.0,0.0,0.0,0.0,0.0,0.0,0.0,0.0,0.0,0.0,0.0,12.831217529296875
00000.25,0.0,0.0,0.125,0.0,0.0,0.0,0.0,0.0,0.0,0.0,0.0,0.0,0.0,0.125,0.0,0.0,0.0,0.0,0.0,0.0,0.0,0.0,0.0,0.0,0.0,0.0,12.831217529296875
000000.3,0.0,0.0,0.125,0.0,0.0,0.0,0.0,0.0,0.0,0.0,0.0,0.0,0.0,0.125,0.0,0.0,0.0,0.0,0.0,0.0,0.0,0.0,0.0,0.0,0.0,0.0,12.843782470703125
00000.35,0.0,0.0,0.125,0.0,0.0,0.0,0.0,0.0,0.0,0.0,0.0,0.0,0.0,0.125,0.0,0.0,0.0,0.0,0.0,0.0,0.0,0.0,0.0,0.0,0.0,0.0,12.8123701171875
000000.4,0.0,0.0,0.375,0.0,0.0,0.0,3.620430107526882,3.0760997067448685,2.3454545454545457,2.4273704789833825,0.0,0.0,0.0,0.125,-3.117204301075269,-2.7722873900293257,-2.7294721407624634,-2.8624633431085043,0.0,0.0,-1.3314760508308896,-0.580058651026393,0.0,0.0,0.0,0.0,11.86999951171875
00000.45,0.002197265625,0.00341796875,6.75,5.5,4.875,5.375,3.620430107526882,3.620430107526882,3.6064516129032254,3.5784946236559136,4.875,4.25,3.875,4.25,-3.117204301075269,-3.620430107526882,-3.5645161290322576,-3.6064516129032254,1.125,0.0,-2.587585532746823,-2.0932551319648094,0.0,0.0,0.0,0.0,11.788327392578125
000000.5,0.01904296875,0.026123046875,7.375,7.25,6.5,6.75,3.620430107526882,3.256989247311828,3.2709677419354835,3.229032258064516,5.125,6.125,6.0,6.25,-3.117204301075269,-3.243010752688172,-3.229032258064516,-3.243010752688172,2.75,0.75,-3.2709677419354835,-2.813489736070381,0.0,0.0,0.0,0.0,11.612418212890624
00000.55,0.09912109375,0.089599609375,5.625,5.75,5.25,5.625,2.5383675464320627,3.0747800586510263,3.2709677419354835,3.229032258064516,4.0,5.625,5.75,6.0,-1.9538123167155423,-2.5966764418377326,-2.585483870967742,-2.5059628543499515,6.625,3.5,-3.7741935483870965,-3.9800586510263924,0.0,0.0,0.0,0.0,12.290925048828125
000000.6,0.12060546875,0.11279296875,2.25,4.375,3.375,3.625,-1.1830400782013684,0.0,0.0,0.0,1.25,3.25,1.875,3.625,1.9061583577712609,0.8277614858260022,0.8241935483870969,0.9184750733137831,6.75,4.625,-2.63049853372434,-2.9049853372434016,0.0,0.0,0.0,0.0,11.926541748046875
00000.65,0.126220703125,0.11767578125,4.5,2.25,2.75,2.5,-3.2849462365591395,-3.4666666666666663,-3.4247311827956985,-3.396774193548387,5.125,2.625,2.375,2.5,2.725806451612903,3.4387096774193546,3.3827956989247308,3.410752688172043,2.875,2.625,-1.4868035190615834,-1.806451612903226,0.0,0.0,0.0,0.0,11.2291875
000000.7,0.103515625,0.099853515625,8.0,6.5,5.625,6.5,-3.2989247311827956,-3.4666666666666663,-3.4247311827956985,-3.396774193548387,7.5,7.875,9.0,7.75,2.739784946236559,3.4387096774193546,3.3827956989247308,3.410752688172043,0.25,0.0,0.0,0.0,0.0,0.0,0.0,0.0,11.511898681640625
00000.75,0.03955078125,0.0068359375,8.75,8.625,7.625,8.25,-3.2989247311827956,-3.4666666666666663,-3.4247311827956985,-3.396774193548387,7.125,8.375,8.75,8.25,2.739784946236559,3.4387096774193546,3.3827956989247308,3.410752688172043,0.0,0.0,0.0,0.0,0.0,0.0,0.0,0.0,11.537028564453125
000000.8,-0.02490234375,-0.043701171875,7.625,7.75,6.625,7.375,-2.549169110459433,-3.243010752688172,-3.0483870967741935,-3.1870967741935483,5.75,7.25,7.875,7.375,1.4177908113391986,2.698729227761486,2.6405669599217987,2.5742913000977516,0.0,0.0,0.0,0.0,0.0,0.0,0.0,0.0,12.385162109374999
00000.85,-0.074951171875,-0.07421875,0.875,1.5,2.5,2.75,1.0526881720430108,0.7937438905180841,1.0048387096774194,0.9917888563049855,0.625,1.25,1.25,1.25,-2.117106549364614,-1.3266862170087979,-2.196774193548387,-2.1358748778103616,0.0,0.0,0.0,0.0,0.0,0.0,0.0,0.0,12.416574462890624
000000.9,-0.080322265625,-0.08251953125,1.25,0.625,0.625,0.25,1.8924731182795698,1.8142717497556209,1.806451612903226,1.782991202346041,1.25,2.125,1.875,0.875,-2.61969696969697,-2.698729227761486,-2.6405669599217987,-2.7653958944281527,0.0,0.0,0.0,0.0,0.0,0.0,0.0,0.0,11.86999951171875
00000.95,-0.054931640625,-0.054443359375,3.125,3.25,3.125,3.125,1.8688172043010753,2.161045943304008,2.1158357771260996,2.0416422287390033,4.125,6.375,6.25,6.125,-2.61969696969697,-2.470381231671554,-2.4175953079178885,-2.6056695992179866,0.0,0.0,0.0,0.0,0.0,0.0,0.0,0.0,11.8071748046875
000001.0,-0.0185546875,-0.009033203125,4.125,3.625,3.375,3.5,2.3675953079178886,2.4881231671554254,2.4360703812316715,2.456891495601173,4.875,6.0,5.875,5.875,-2.9272727272727272,-3.1222873900293253,-3.055571847507331,-3.175659824046921,0.0,0.0,0.0,0.0,0.0,0.0,0.0,0.0,11.826022216796874
00001.05,0.013916015625,0.0302734375,4.875,3.875,3.625,3.875,2.8034213098729226,2.7217497556207233,2.7219941348973604,2.7452590420332355,4.625,6.125,6.0,6.25,-1.809090909090909,-3.1222873900293253,-3.055571847507331,-3.175659824046921,0.0,0.0,0.0,0.0,0.0,0.0,0.0,0.0,12.083603515624999
000001.1,0.031982421875,0.053466796875,4.375,4.0,3.875,4.125,2.8269794721407626,2.850244379276637,2.790615835777126,2.814467253176931,2.875,4.875,5.0,5.0,-2.353763440860215,-2.687683284457478,-2.6302541544477025,-2.6405669599217987,0.0,0.0,0.0,0.0,0.0,0.0,0.0,0.0,12.102450927734374
00001.15,0.070068359375,0.09375,3.25,3.5,3.375,3.375,2.7774193548387096,2.7322580645161287,2.7683284457478003,2.6870967741935483,0.625,2.875,2.75,2.75,-1.9355327468230692,-2.344037145650049,-2.295405669599218,-2.2991202346041053,0.0,0.0,0.0,0.0,0.0,0.0,0.0,0.0,12.404009521484374
000001.2,0.103759765625,0.119384765625,2.5,2.375,2.375,2.375,2.6812316715542526,2.0935483870967744,1.7829912023460412,1.6750733137829912,0.0,1.875,1.875,2.0,-1.7410068426197458,-2.26158357771261,-2.2146627565982406,-2.252199413489736,0.0,0.0,0.0,0.0,0.0,0.0,0.0,0.0,12.366314697265624
00001.25,0.135009765625,0.1337890625,1.875,1.375,1.625,1.5,1.4067448680351906,2.4096774193548387,2.134897360703812,2.0240469208211143,0.0,1.25,1.125,1.25,-0.992375366568915,-2.4682306940371457,-1.5510263929618768,-2.458357771260997,0.0,0.0,0.0,0.0,0.0,0.0,0.0,0.0,12.454269287109375
000001.3,0.140869140625,0.135986328125,2.0,1.25,1.5,1.375,2.7533724340175953,2.6895894428152496,2.786950146627566,2.6679863147605083,0.0,0.875,0.875,1.125,-2.5020527859237536,-2.4804496578690127,-2.4407624633431086,-2.6895894428152496,0.0,0.0,0.0,0.0,0.0,0.0,0.0,0.0,12.284642578125
00001.35,0.1533203125,0.140869140625,2.125,2.0,2.25,2.0,2.8836754643206253,2.872140762463343,2.762609970674487,2.740420332355816,0.25,2.125,2.0,2.25,-1.4780058651026393,-3.262463343108504,-3.2102639296187685,-2.263636363636364,0.0,0.0,0.0,0.0,0.0,0.0,0.0,0.0,12.3097724609375
000001.4,0.16259765625,0.14990234375,2.25,2.125,2.25,2.0,3.0547409579667644,3.0425219941348978,2.9329912023460416,2.9094330400782016,0.75,2.875,3.25,2.875,-1.6612903225806452,-3.763440860215054,-3.7032258064516133,-3.651026392961877,0.0,0.0,0.0,0.0,0.0,0.0,0.0,0.0,12.328619873046875
00001.45,0.185791015625,0.17626953125,2.25,1.875,1.75,1.75,3.225806451612903,2.9457478005865108,3.125366568914956,3.1354838709677417,2.375,3.75,3.875,3.75,-2.114369501466276,-4.382697947214076,-4.34692082111437,-4.364809384164223,0.0,0.0,0.0,0.0,0.0,0.0,0.0,0.0,12.0584736328125
000001.5,0.195556640625,0.183837890625,2.875,2.25,2.5,2.125,3.530009775171066,2.6932551319648095,2.478739002932551,2.268475073313783,3.25,5.375,5.0,5.125,-3.836070381231672,-4.286901270772239,-4.0618768328445745,-4.173998044965787,0.0,0.0,0.0,0.0,0.0,0.0,0.0,0.0,11.851152099609374
00001.55,0.198974609375,0.198486328125,3.0,2.5,2.5,2.25,1.9081133919843598,2.969794721407625,3.1493157380254155,3.2186217008797655,3.375,6.25,5.625,5.875,-3.98514173998045,-4.694037145650049,-4.655718475073314,-4.472140762463344,0.0,0.0,0.0,0.0,0.0,0.0,0.0,0.0,12.04590869140625
000001.6,0.208740234375,0.231689453125,4.125,2.125,2.375,1.75,4.042815249266862,3.6903225806451614,3.831476050830889,3.7223851417399807,2.125,6.75,6.625,6.5,-4.249462365591398,-4.903225806451613,-4.8419354838709685,-4.86236559139785,0.0,0.0,0.0,0.0,0.0,0.0,0.0,0.0,11.913976806640624
00001.65,0.22314453125,0.253173828125,3.5,3.625,3.625,3.25,4.269403714565006,3.4655913978494626,3.224046920821114,3.117497556207234,2.0,6.875,6.75,6.5,-2.124731182795699,-4.422287390029325,-4.1816715542522,-4.397067448680352,0.0,0.0,0.0,0.0,0.0,0.0,0.0,0.0,11.964236572265625
000001.7,0.243408203125,0.2685546875,4.5,4.125,4.0,3.875,4.520674486803519,4.577419354838709,4.520674486803519,4.501759530791789,2.375,6.5,6.125,6.5,-2.17741935483871,-5.3841642228739,-5.316862170087977,-5.339296187683284,0.0,0.0,0.0,0.0,0.0,0.0,0.0,0.0,11.9076943359375
00001.75,0.260498046875,0.2783203125,4.875,4.5,4.25,4.25,4.8127077223851416,4.668181818181819,4.7321603128054734,4.712023460410556,3.0,8.625,7.875,7.75,-2.1483870967741936,-5.639540566959922,-5.519550342130987,-5.591544477028348,0.0,0.0,0.0,0.0,0.0,0.0,0.0,0.0,11.66896044921875
000001.8,0.280517578125,0.29150390625,5.0,4.625,4.375,4.125,4.754301075268817,3.8920821114369506,3.675464320625611,3.5683284457478006,3.125,8.5,8.0,7.625,-4.964516129032258,-4.97336265884653,-5.766862170087976,-4.9196480938416425,0.0,0.0,0.0,0.0,0.0,0.0,0.0,0.0,11.79460986328125
00001.85,0.31298828125,0.328125,4.5,2.875,3.125,3.0,2.177712609970675,4.598680351906159,4.376099706744868,4.265982404692082,2.125,8.625,8.75,8.125,-5.103128054740958,-6.087487781036168,-5.957966764418377,-6.035679374389052,0.0,0.0,0.0,0.0,0.0,0.0,0.0,0.0,11.788327392578125
000001.9,0.3291015625,0.344970703125,4.5,3.375,3.625,3.375,5.340029325513197,3.813294232649071,4.559872922776148,4.4489736070381225,2.125,8.25,8.5,8.125,-5.11275659824047,-6.047067448680352,-5.969208211143695,-6.073020527859237,0.0,0.0,0.0,0.0,0.0,0.0,0.0,0.0,11.700372802734375
00001.95,0.339599609375,0.359130859375,6.0,4.125,4.0,3.75,5.247360703812317,5.329423264907136,5.329423264907136,5.21524926686217,2.375,8.0,8.375,8.125,-5.372727272727273,-6.047067448680352,-5.969208211143695,-6.073020527859237,0.0,0.0,0.0,0.0,0.0,0.0,0.0,0.0,11.574723388671874
000002.0,0.35302734375,0.371826171875,4.875,5.75,5.375,5.375,5.4674486803519065,4.743646138807429,4.548387096774193,4.437536656891496,2.875,8.0,8.375,8.0,-5.35347018572825,-5.955962854349951,-5.879276637341153,-5.890029325513196,0.0,0.0,0.0,0.0,0.0,0.0,0.0,0.0,11.593570800781249
00002.05,0.3818359375,0.396240234375,5.375,4.875,4.5,4.25,5.478299120234603,5.501710654936461,5.501710654936461,4.997947214076246,3.0,8.75,8.875,8.625,-2.579667644183773,-6.111827956989248,-6.032795698924731,-5.870967741935484,0.0,0.0,0.0,0.0,0.0,0.0,0.0,0.0,11.662677978515624
000002.1,0.396240234375,0.408203125,4.125,4.75,4.875,4.625,5.6841642228739,4.74633431085044,4.524340175953079,4.59516129032258,3.0,9.125,9.0,8.375,-2.748338220918866,-6.803519061583579,-6.715542521994135,-6.58225806451613,0.0,0.0,0.0,0.0,0.0,0.0,0.0,0.0,11.39253173828125
00002.15,0.417724609375,0.42041015625,5.875,4.125,4.25,3.625,5.981524926686217,4.940762463343108,4.887194525904204,4.59516129032258,2.875,10.875,10.25,9.875,-5.853861192570871,-7.143695014662757,-7.051319648093841,-7.112903225806452,0.0,0.0,0.0,0.0,0.0,0.0,0.0,0.0,11.624983154296874
000002.2,0.42822265625,0.4404296875,5.5,3.375,4.125,2.75,2.4951612903225806,5.798533724340175,6.021114369501467,5.995161290322581,3.0,10.75,10.0,9.25,-1.9350928641251224,-6.111827956989248,-6.032795698924731,-6.525806451612905,0.0,0.0,0.0,0.0,0.0,0.0,0.0,0.0,11.89512939453125
00002.25,0.44287109375,0.45849609375,7.375,5.875,5.25,5.125,6.3,6.473313782991202,6.445650048875855,6.327272727272727,0.0,5.875,5.0,5.125,-4.492179863147606,-5.788856304985337,-5.665689149560118,-5.764222873900293,0.0,0.0,0.0,0.0,0.0,0.0,0.0,0.0,11.725502685546875
000002.3,0.4609375,0.463134765625,7.125,6.75,6.25,6.125,6.548387096774195,6.370381231671553,6.343157380254154,6.315933528836755,0.0,4.0,3.25,3.375,-0.4344086021505377,-4.801075268817205,-4.698924731182796,-4.872140762463343,0.0,0.0,0.0,0.0,0.0,0.0,0.0,0.0,11.888846923828124
00002.35,0.4794921875,0.461181640625,7.25,7.125,6.75,6.625,2.592375366568915,6.587683284457477,6.5595307917888555,6.5313782991202345,0.0,1.5,1.0,1.25,-3.700488758553275,-3.9970674486803515,-4.09188660801564,-3.9800586510263924,0.0,0.0,0.0,0.0,0.0,0.0,0.0,0.0,12.04590869140625
000002.4,0.494384765625,0.45849609375,5.875,7.125,7.375,7.0,6.7565982404692075,5.795307917888564,5.771260997067449,5.81622678396872,0.0,0.125,0.125,0.5,-3.314173998044966,-3.7021505376344086,-3.792179863147605,-3.8399804496578693,0.0,0.0,0.0,0.0,0.0,0.0,0.0,0.0,11.983083984375
00002.45,0.515625,0.44384765625,7.125,5.375,5.125,4.875,6.428152492668621,6.454936461388074,6.428152492668621,6.374584555229716,0.0,0.0,0.0,0.125,-3.6903225806451614,-3.075268817204301,-2.931378299120235,-3.3570381231671553,0.0,0.0,0.0,0.0,0.0,0.0,0.0,0.0,12.014496337890625
000002.5,0.525146484375,0.425048828125,5.125,6.125,5.375,5.25,6.475073313782991,5.4772727272727275,5.642228739002933,5.688269794721408,0.0,0.0,0.0,0.0,-4.041055718475074,-4.033333333333333,-3.966666666666667,-3.8164222873900293,0.0,0.0,0.0,0.0,0.0,0.0,0.0,0.0,12.077321044921874
00002.55,0.529296875,0.391845703125,5.875,5.625,5.25,4.875,6.165591397849463,6.190860215053763,6.2924731182795695,6.172238514173999,0.0,1.0,0.25,0.25,-4.289736070381232,-4.957478005865102,-4.876539589442816,-4.937243401759531,0.0,0.0,0.0,0.0,0.0,0.0,0.0,0.0,11.99564892578125
000002.6,0.531494140625,0.385009765625,4.0,3.375,3.625,3.125,6.022482893450636,5.400537634408602,5.523655913978494,5.748191593352884,0.0,2.375,2.125,2.625,-5.17047898338221,-5.975317693059629,-5.877761485826002,-5.950928641251222,0.0,0.0,0.0,0.0,0.0,0.0,0.0,0.0,11.92025927734375
00002.65,0.533447265625,0.389404296875,4.375,2.625,2.375,2.5,1.6099706744868036,4.909579667644183,4.636559139784946,4.4524926686217015,0.875,4.875,4.625,5.125,-6.242033235581623,-6.490224828934506,-6.2900293255131965,-6.260997067448681,0.0,0.0,0.0,0.0,0.0,0.0,0.0,0.0,12.140145751953124
000002.7,0.52978515625,0.389404296875,4.75,1.375,0.875,0.75,5.996774193548387,4.909579667644183,5.015053763440861,5.017888563049854,2.875,6.125,5.25,5.75,-6.272531769305964,-7.639784946236559,-7.232355816226785,-7.620527859237537,0.0,0.0,0.0,0.0,0.0,0.0,0.0,0.0,11.486768798828125
00002.75,0.513671875,0.42626953125,4.25,3.125,2.5,2.0,5.949462365591398,5.900293255131965,5.826539589442816,5.801955034213099,3.375,10.875,10.25,10.0,-7.156989247311829,-7.948191593352883,-7.451612903225807,-7.653958944281525,0.0,0.0,0.0,0.0,0.0,0.0,0.0,0.0,11.323424560546874
000002.8,0.50634765625,0.452392578125,3.625,2.75,2.5,2.125,2.058064516129032,5.58357771260997,5.6991202346041065,5.767350928641251,4.5,12.0,11.0,10.125,-6.705767350928641,-7.741446725317693,-7.609677419354838,-7.551906158357772,0.0,0.0,0.0,0.0,0.0,0.0,0.0,0.0,11.342271972656249
00002.85,0.49755859375,0.478271484375,3.625,3.875,3.0,2.625,2.3067448680351905,6.3695014662756595,6.104545454545455,5.9865102639296195,4.125,12.625,12.5,11.625,-6.7350928641251215,-7.302443792766373,-7.20464320625611,-7.148093841642229,0.0,0.0,0.0,0.0,0.0,0.0,0.0,0.0,11.197775146484375
000002.9,0.492431640625,0.4951171875,5.375,4.625,4.375,3.625,6.285043988269795,5.393548387096774,5.16950146627566,5.234604105571847,3.625,10.75,11.125,11.75,-6.275659824046921,-7.225806451612902,-7.129032258064516,-7.170087976539589,0.0,0.0,0.0,0.0,0.0,0.0,0.0,0.0,11.524463623046875
00002.95,0.504150390625,0.5068359375,5.375,4.375,4.75,4.125,6.073313782991202,6.285043988269795,6.22991202346041,6.202346041055718,1.875,9.0,10.375,10.75,-5.92375366568915,-6.744086021505376,-6.6537634408602155,-6.5982404692082115,0.0,0.0,0.0,0.0,0.0,0.0,0.0,0.0,11.857434570312499
000003.0,0.52197265625,0.516845703125,3.375,4.875,4.75,4.25,6.006451612903226,5.672140762463343,5.445650048875856,5.333577712609971,1.375,7.0,8.375,8.375,-1.55772238514174,-6.503225806451613,-6.416129032258065,-6.53225806451613,0.0,0.0,0.0,0.0,0.0,0.0,0.0,0.0,12.096168457031249
00003.05,0.539794921875,0.52587890625,4.0,3.375,3.75,3.125,5.736412512218965,5.983773216031281,5.771260997067449,5.665004887585533,0.25,5.125,4.75,4.75,-1.160850439882698,-6.431378299120235,-5.836559139784947,-5.805620723362659,0.0,0.0,0.0,0.0,0.0,0.0,0.0,0.0,12.3097724609375
000003.1,0.547607421875,0.5205078125,2.375,3.375,2.75,2.75,6.148680351906159,6.136901270772238,6.12316715542522,6.072140762463343,0.0,4.25,3.75,3.75,-5.030351906158358,-5.971994134897361,-5.848093841642229,-5.922434017595307,0.0,0.0,0.0,0.0,0.0,0.0,0.0,0.0,12.24694775390625
00003.15,0.52490234375,0.51123046875,2.5,2.875,2.5,2.125,5.795307917888564,5.983773216031281,5.771260997067449,5.72316715542522,0.0,2.25,1.75,1.875,-4.978690127077224,-5.324144672531769,-5.213685239491691,-5.244916911045943,0.0,0.0,0.0,0.0,0.0,0.0,0.0,0.0,12.071038574218749
000003.2,0.505126953125,0.501708984375,2.5,2.5,2.5,2.125,1.101661779081134,5.508308895405669,5.2733137829912025,5.156989247311828,0.0,2.125,1.75,1.875,-4.76950146627566,-5.2568426197458455,-5.029667644183774,-5.24731182795699,0.0,0.0,0.0,0.0,0.0,0.0,0.0,0.0,12.140145751953124
00003.25,0.5048828125,0.490234375,2.375,1.75,1.25,1.375,5.376588465298143,5.364613880742913,5.3326979472140765,5.310752688172043,0.0,2.375,1.875,2.125,-4.685826001955034,-5.149071358748778,-5.241691104594331,-5.318866080156403,0.0,0.0,0.0,0.0,0.0,0.0,0.0,0.0,12.347467285156249
000003.3,0.501220703125,0.478515625,1.375,1.375,0.875,0.75,5.06524926686217,5.06524926686217,5.023900293255132,5.003225806451613,0.0,1.75,1.5,1.875,-4.295454545454546,-4.789833822091887,-4.6173998044965785,-4.662952101661779,0.0,0.0,0.0,0.0,0.0,0.0,0.0,0.0,12.353749755859374
00003.35,0.488525390625,0.47119140625,1.125,0.875,0.625,0.625,4.557184750733138,4.48435972629521,4.502932551319649,4.484848484848485,0.0,1.0,0.875,1.25,-3.584848484848485,-4.048387096774194,-3.983870967741935,-3.9065982404692083,0.0,0.0,0.0,0.0,0.0,0.0,0.0,0.0,12.485681640625
000003.4,0.480712890625,0.4677734375,0.75,0.625,0.375,0.25,4.0152492668621695,3.983382209188661,4.003958944281525,3.890909090909091,0.0,0.375,0.5,0.625,0.0,-3.3000488758553277,-3.2474584555229713,-3.1642228739002936,0.0,0.0,0.0,0.0,0.0,0.0,0.0,0.0,12.718133056640625
00003.45,0.47412109375,0.4580078125,0.125,0.0,0.25,0.0,3.3131964809384162,2.6515151515151514,3.0425219941348978,2.9333333333333336,0.0,0.0,0.0,0.0,-3.5143695014662755,-3.937976539589443,-3.8752199413489734,-3.6145161290322587,0.0,0.0,0.0,0.0,0.0,0.0,0.0,0.0,12.79980517578125
000003.5,0.456298828125,0.4326171875,0.0,0.0,0.0,0.0,0.0,2.590420332355816,2.7747800586510265,2.8606060606060604,0.0,0.0,0.0,0.0,-3.207820136852395,-3.3000488758553277,-3.1508797653958944,-3.066862170087977,0.0,0.0,0.0,0.0,0.0,0.0,0.0,0.0,12.818652587890625
00003.55,0.411376953125,0.392333984375,0.0,0.0,0.0,0.0,3.05078201368524,3.0516129032258066,2.964418377321603,2.952883675464321,0.0,0.0,0.0,0.0,-3.229716520039101,-3.3038123167155424,-3.6766862170087977,-3.4040566959921796,0.0,0.0,0.0,0.0,0.0,0.0,0.0,0.0,12.718133056640625
000003.6,0.387451171875,0.38037109375,0.0,0.0,0.0,0.0,2.734310850439883,2.648093841642229,2.4368523949169107,2.3272727272727276,0.0,0.0,0.0,0.0,-2.9450635386119255,-3.1777126099706745,-3.1407624633431084,-3.1653958944281526,0.0,0.0,0.0,0.0,0.0,0.0,0.0,0.0,12.793522705078125
00003.65,0.36767578125,0.36376953125,0.0,0.0,0.0,0.0,2.78494623655914,1.8032258064516127,1.9972140762463342,2.0895405669599216,0.0,0.0,0.0,0.0,-2.4087487781036168,-3.1651026392961876,-3.128299120234604,-3.152834799608993,0.0,0.0,0.0,0.0,0.0,0.0,0.0,0.0,12.77467529296875
000003.7,0.333984375,0.341796875,0.0,0.0,0.0,0.0,0.0,2.7257575757575756,2.5149560117302054,2.405425219941349,0.0,0.0,0.0,0.0,-2.550439882697947,-2.7508797653958945,-2.708064516129032,-2.740175953079179,0.0,0.0,0.0,0.0,0.0,0.0,0.0,0.0,12.718133056640625
00003.75,0.3212890625,0.326904296875,0.0,0.0,0.0,0.0,2.698533724340176,2.6880742913000977,2.6776148582600197,2.6671554252199416,0.0,0.0,0.0,0.0,-2.223460410557185,-2.135386119257087,-2.2010752688172044,-2.0144672531769308,0.0,0.0,0.0,0.0,0.0,0.0,0.0,0.0,12.79980517578125
000003.8,0.294921875,0.302734375,0.0,0.0,0.0,0.0,2.4715542521994136,1.7083088954056695,1.901857282502444,1.9941348973607038,0.0,0.0,0.0,0.0,0.0,-2.1605083088954053,-2.1268817204301076,-2.2647116324535683,0.0,0.0,0.0,0.0,0.0,0.0,0.0,0.0,12.74954541015625
00003.85,0.283935546875,0.288818359375,0.125,0.0,0.0,0.0,2.4996578690127076,2.5149560117302054,2.389833822091887,2.371163245356794,0.0,0.0,0.0,0.0,-2.235923753665689,-2.389833822091887,-2.352492668621701,-2.38049853372434,0.0,0.0,0.0,0.0,0.0,0.0,0.0,0.0,12.667873291015624
000003.9,0.266357421875,0.272216796875,0.125,0.125,0.0,0.0,0.0,2.2271749755620727,2.0269794721407624,1.9118279569892476,0.0,0.0,0.0,0.0,-2.0739002932551323,-2.0144672531769308,-1.8844574780058652,-1.7947214076246332,0.0,0.0,0.0,0.0,0.0,0.0,0.0,0.0,12.680438232421874
00003.95,0.2421875,0.24365234375,0.125,0.125,0.0,0.0,0.0,1.9393939393939394,2.1395894428152493,2.1228739002932553,0.0,0.0,0.0,0.0,0.0,-1.601564027370479,-1.5765395894428151,-1.4831378299120235,0.0,0.0,0.0,0.0,0.0,0.0,0.0,0.0,12.73698046875
000004.0,0.233154296875,0.227783203125,0.125,0.0,0.0,0.0,1.9268817204301076,1.8017595307917889,0.9846041055718475,1.2736559139784946,0.0,0.0,0.0,0.0,-1.685043988269795,-1.9519061583577715,-1.921407624633431,-1.8570381231671556,0.0,0.0,0.0,0.0,0.0,0.0,0.0,0.0,12.686720703125
00004.05,0.220458984375,0.2197265625,0.0,0.0,0.0,0.0,0.0,1.6516129032258065,1.5454545454545454,1.3354838709677421,0.0,0.0,0.0,0.0,-1.2745845552297166,-1.6766373411534703,-1.6504398826979472,-1.6700879765395893,0.0,0.0,0.0,0.0,0.0,0.0,0.0,0.0,12.67415576171875
000004.1,0.186279296875,0.182861328125,0.375,0.0,0.0,0.0,0.0,0.0,0.0,0.0,0.0,0.0,0.0,0.0,0.0,-0.7382209188660802,-0.7266862170087977,-0.6231671554252199,0.0,0.0,0.0,0.0,0.0,0.0,0.0,0.0,12.617613525390624
00004.15,0.169921875,0.17431640625,0.625,0.0,0.0,0.0,-0.763245356793744,-1.0095307917888563,-1.0055718475073314,-0.9026881720430109,0.5,0.0,0.125,0.25,1.242179863147605,1.1590909090909092,1.140909090909091,1.3655913978494625,0.0,0.0,0.0,0.0,0.0,0.0,0.0,0.0,12.341184814453124
000004.2,0.160888671875,0.156005859375,1.75,0.75,1.0,1.0,-2.1896383186705766,-2.1686217008797652,-2.160117302052786,-2.1516129032258062,1.75,1.375,1.875,1.875,1.7282502443792767,1.9193548387096775,1.8892473118279571,1.9118279569892476,0.0,0.0,0.0,0.0,0.0,0.0,0.0,0.0,12.03334375
00004.25,0.13623046875,0.12744140625,2.625,2.75,2.75,2.875,-2.177126099706745,-2.1686217008797652,-2.160117302052786,-2.1516129032258062,3.375,2.625,3.375,3.0,1.4906158357771262,1.7199413489736068,1.6929618768328445,1.7131964809384164,0.0,0.0,0.0,0.0,0.0,0.0,0.0,0.0,12.102450927734374
000004.3,0.07373046875,0.060546875,4.5,4.25,3.5,3.875,-2.47741935483871,-2.4089931573802543,-2.4089931573802543,-2.3419354838709676,1.0,1.25,1.5,1.375,0.0,0.0,0.0,0.0,0.0,0.0,0.0,0.0,0.0,0.0,0.0,0.0,12.2092529296875
00004.35,0.02392578125,0.021240234375,5.0,4.375,3.875,4.125,-2.921505376344086,-2.850244379276637,-2.850244379276637,-2.8268817204301073,0.0,0.125,0.25,0.5,-1.9620723362658847,-1.221407624633431,-1.2064516129032257,-1.4072336265884653,0.0,0.0,0.0,0.0,0.0,0.0,0.0,0.0,12.071038574218749
000004.4,-0.01806640625,-0.001220703125,4.75,4.625,3.75,4.125,-2.9697947214076246,-2.1704789833822096,-2.361290322580645,-2.436559139784946,0.875,1.0,1.0,1.375,-3.2023460410557187,-3.604349951124145,-3.560215053763441,-3.685043988269795,0.0,0.0,0.0,0.0,0.0,0.0,0.0,0.0,11.800892333984375
00004.45,-0.071044921875,-0.01171875,3.875,3.5,3.125,3.25,-3.1025904203323558,-2.397067448680352,-2.301661779081134,-2.0935483870967744,6.5,7.0,7.375,7.375,-3.085679374389052,-3.975562072336266,-3.9268817204301074,-3.8520039100684267,0.0,0.0,0.0,0.0,0.0,0.0,0.0,0.0,11.480486328125
000004.5,-0.087646484375,0.024169921875,3.5,3.25,3.0,2.875,-3.2112414467253174,-1.9616813294232651,-2.133870967741936,-2.2145650048875853,9.375,10.125,10.875,10.625,-3.5023949169110464,-4.564027370478983,-4.484652981427175,-4.4351906158357775,0.0,0.0,0.0,0.0,0.0,0.0,0.0,0.0,11.323424560546874
00004.55,-0.12060546875,0.08251953125,5.125,3.75,3.375,3.625,-2.607869012707722,-3.4357771260997074,-3.4209677419354843,-3.406158357771261,10.375,12.125,12.875,12.375,-3.4130987292277615,-4.53030303030303,-4.451515151515151,-4.580058651026393,0.0,0.0,0.0,0.0,0.0,0.0,0.0,0.0,11.310859619140624
000004.6,-0.12548828125,0.1279296875,7.5,5.125,4.375,4.5,-4.062903225806451,-3.1409579667644185,-3.3080645161290327,-3.473607038123167,10.625,11.125,11.5,11.125,-4.67316715542522,-4.934995112414468,-4.849169110459433,-4.802932551319649,0.0,0.0,0.0,0.0,0.0,0.0,0.0,0.0,10.99045361328125
00004.65,-0.12451171875,0.163818359375,10.125,7.5,6.0,6.875,-4.600146627565982,-2.866177908113392,-2.8530303030303035,-2.924340175953079,8.25,12.625,12.875,12.25,-3.472727272727273,-4.195894428152492,-4.1000977517106545,-4.13841642228739,0.0,0.0,0.0,0.0,0.0,0.0,0.0,0.0,11.21662255859375
000004.7,-0.130126953125,0.188720703125,11.125,7.875,7.25,7.75,-4.880938416422287,-4.677517106549365,-4.656060606060607,-4.634604105571848,3.875,8.75,8.25,8.25,-2.2090909090909094,-3.0398826979472138,-2.980938416422287,-3.0087976539589443,0.0,0.0,0.0,0.0,0.0,0.0,0.0,0.0,11.524463623046875
00004.75,-0.17333984375,0.21533203125,11.0,11.0,9.375,10.25,-4.947800586510264,-4.741446725317693,-4.70909090909091,-4.687390029325513,0.0,1.5,1.375,1.375,-0.9818181818181819,-1.2951612903225806,-1.2655913978494624,-1.2774193548387098,0.0,0.0,0.0,0.0,0.0,0.0,0.0,0.0,11.763197509765625
000004.8,-0.21240234375,0.2099609375,10.75,9.75,8.75,9.125,-4.914369501466276,-5.112316715542522,-5.068621700879766,-5.068621700879766,0.0,0.0,0.0,0.125,0.0,0.0,0.0,0.0,0.0,0.0,0.0,0.0,0.0,0.0,0.0,0.0,11.763197509765625
00004.85,-0.26025390625,0.172119140625,9.0,9.375,8.25,8.625,-4.899853372434018,-4.002932551319647,-4.1501466275659835,-4.240860215053764,0.375,0.0,0.125,0.25,1.3759530791788854,1.169941348973607,1.1501955034213098,1.1600684261974583,0.0,0.0,0.0,0.0,0.0,0.0,0.0,0.0,11.725502685546875
000004.9,-0.273681640625,0.14306640625,6.125,7.125,6.5,7.0,-2.131378299120235,-4.494721407624633,-4.456304985337244,-4.365591397849463,1.375,1.375,1.5,1.625,1.3659824046920819,1.6332844574780059,1.6057184750733138,1.6195014662756597,0.0,0.0,0.0,0.0,0.0,0.0,0.0,0.0,12.02077880859375
00004.95,-0.2763671875,0.064208984375,4.375,5.875,5.375,5.625,-3.625659824046921,-3.167155425219941,-3.352541544477028,-3.231818181818182,1.125,1.625,1.75,1.875,0.951026392961877,1.1072336265884655,1.0934506353861193,1.1026392961876832,0.0,0.0,0.0,0.0,0.0,0.0,0.0,0.0,12.228100341796875
000005.0,-0.27490234375,0.010986328125,3.5,4.25,3.625,3.625,-3.1043988269794722,-2.463343108504399,-2.4530791788856305,-2.7105571847507335,0.125,0.75,0.875,0.875,0.0,0.75386119257087,0.7444770283479961,0.750733137829912,0.0,0.0,0.0,0.0,0.0,0.0,0.0,0.0,12.435421875
00005.05,-0.266357421875,-0.026611328125,0.75,1.125,1.0,0.875,-2.33088954056696,-0.9266862170087977,-1.109726295210166,-1.193108504398827,0.0,0.0,0.0,0.125,0.0,0.0,0.0,0.0,0.0,0.0,0.0,0.0,0.0,0.0,0.0,0.0,12.466834228515625
000005.1,-0.221923828125,-0.040771484375,0.125,0.125,0.0,0.0,-1.2758553274682307,-0.9237536656891496,-1.116373411534702,-1.217008797653959,0.0,0.0,0.125,0.25,-1.555620723362659,-1.7982404692082112,-1.76969696969697,-1.7911045943304011,0.0,0.0,0.0,0.0,0.0,0.0,0.0,0.0,12.366314697265624
00005.15,-0.202392578125,-0.048828125,0.125,0.0,0.0,0.0,0.8342130987292278,-0.6035190615835777,0.0,-0.7910557184750734,1.375,1.375,1.375,1.5,-1.6941348973607038,-1.958357771260997,-1.9272727272727272,-1.9505865102639297,0.0,0.0,0.0,0.0,0.0,0.0,0.0,0.0,12.303489990234375
000005.2,-0.195556640625,-0.04345703125,0.125,0.0,0.0,0.0,0.9736070381231673,0.5173020527859237,0.0,0.0,2.125,2.625,2.625,2.75,-1.6621700879765398,-1.8844574780058652,-1.8545454545454547,-1.8769794721407627,0.0,0.0,0.0,0.0,0.0,0.0,0.0,0.0,12.2343828125
00005.25,-0.166259765625,-0.02294921875,0.25,0.125,0.125,0.125,0.0,0.6404692082111436,0.0,0.0,1.875,2.75,3.0,2.875,-1.5343108504398826,-1.8228739002932552,-1.7939393939393942,-1.81564027370479,0.0,0.0,0.0,0.0,0.0,0.0,0.0,0.0,12.385162109374999
000005.3,-0.12841796875,-0.002685546875,0.25,0.125,0.25,0.0,0.7302052785923755,0.5598240469208212,0.7272727272727273,0.7243401759530792,1.5,2.25,2.375,2.25,-1.2360215053763441,-1.4482404692082111,-1.4133431085043988,-1.4666666666666668,0.0,0.0,0.0,0.0,0.0,0.0,0.0,0.0,12.429139404296874
00005.35,-0.064208984375,0.01123046875,0.125,0.125,0.25,0.0,0.0,0.0,0.0,0.0,0.0,1.0,1.125,1.125,0.0,0.0,0.0,0.0,0.0,0.0,0.0,0.0,0.0,0.0,0.0,0.0,12.579918701171875
000005.4,-0.029296875,0.019775390625,0.125,0.0,0.0,0.0,0.0,0.0,0.0,0.0,0.0,0.125,0.125,0.25,0.0,0.0,0.0,0.0,0.0,0.0,0.0,0.0,0.0,0.0,0.0,0.0,12.57363623046875
00005.45,0.0126953125,0.016845703125,0.125,0.0,0.0,0.0,0.0,0.0,0.0,0.0,0.0,0.0,0.0,0.125,-0.5802541544477028,-0.5089931573802542,-0.5009775171065494,-0.6059139784946237,0.0,0.0,0.0,0.0,0.0,0.0,0.0,0.0,12.57363623046875
000005.5,0.019775390625,0.013427734375,0.125,0.0,0.0,0.0,0.0,0.0,0.0,0.0,0.0,0.0,0.0,0.125,-1.2809384164222872,-1.229032258064516,-1.2096774193548387,-1.3231182795698926,0.0,0.0,0.0,0.0,0.0,0.0,0.0,0.0,12.504529052734375
00005.55,0.020751953125,0.01025390625,0.5,0.0,0.0,0.0,1.3035190615835779,1.229032258064516,1.0263440860215054,1.0222873900293254,0.0,1.0,1.0,1.25,-2.3100684261974584,-2.1849462365591403,-2.0283479960899315,-2.0774193548387094,0.0,0.0,0.0,0.0,0.0,0.0,0.0,0.0,12.2343828125
000005.6,0.015625,0.01953125,1.125,0.5,0.375,0.125,2.0856304985337246,2.036363636363636,2.019941348973607,2.0117302052785924,2.125,4.0,4.125,2.875,-2.9774193548387093,-3.2112414467253174,-3.172238514173998,-3.2112414467253174,0.0,0.0,0.0,0.0,0.0,0.0,0.0,0.0,11.863717041015624
00005.65,0.01904296875,0.0556640625,3.75,3.0,3.0,2.875,2.1823069403714563,3.0303030303030303,2.909677419354839,2.8020527859237534,4.625,6.875,7.125,7.25,-2.779618768328446,-4.032160312805474,-3.983186705767351,-3.935581622678397,0.0,0.0,0.0,0.0,0.0,0.0,0.0,0.0,11.863717041015624
000005.7,0.037841796875,0.06884765625,5.125,4.0,3.875,3.875,2.331622678396872,3.53939393939394,3.5108504398826983,3.4965786901270777,5.25,7.125,7.375,7.375,-3.8623167155425224,-3.7062072336265883,-3.6611925708699906,-3.5975562072336267,0.0,0.0,0.0,0.0,0.0,0.0,0.0,0.0,11.650113037109374
00005.75,0.06884765625,0.099365234375,5.75,3.875,3.5,3.625,3.698435972629521,2.9173998044965788,3.072922776148583,3.3110459433040087,4.875,7.25,7.375,7.375,-3.83108504398827,-4.174486803519062,-4.103128054740958,-3.390420332355817,0.0,0.0,0.0,0.0,0.0,0.0,0.0,0.0,11.568440917968749
000005.8,0.105224609375,0.132568359375,5.375,4.375,4.25,4.5,3.9626099706744866,3.663978494623656,3.4357771260997074,3.3450635386119263,4.125,7.125,7.25,7.25,-3.6070381231671558,-3.3624633431085043,-3.6759530791788855,-3.243010752688172,0.0,0.0,0.0,0.0,0.0,0.0,0.0,0.0,11.49305126953125
00005.85,0.15625,0.1806640625,5.875,5.875,5.375,5.5,4.307184750733138,4.169354838709678,4.252199413489737,4.252199413489737,2.875,5.375,5.375,5.375,-3.6168132942326494,-3.351026392961877,-3.2937438905180842,-3.413098729227762,0.0,0.0,0.0,0.0,0.0,0.0,0.0,0.0,11.7066552734375
000005.9,0.1826171875,0.205322265625,5.625,5.625,5.875,6.125,2.308651026392962,3.93841642228739,4.036754643206257,4.127468230694038,2.5,5.625,5.5,5.25,-3.812316715542522,-4.318670576735093,-4.281915933528837,-4.410557184750733,0.0,0.0,0.0,0.0,0.0,0.0,0.0,0.0,11.76947998046875
00005.95,0.22216796875,0.226806640625,4.875,4.875,4.75,4.875,4.422043010752688,3.8689149560117304,4.0200391006842615,4.094428152492669,2.375,6.875,6.875,6.875,-4.236559139784947,-4.869990224828935,-4.828543499511242,-4.961876832844575,0.0,0.0,0.0,0.0,0.0,0.0,0.0,0.0,11.480486328125
000006.0,0.250732421875,0.244873046875,5.5,5.375,5.125,5.125,4.663245356793744,4.702932551319648,4.663245356793744,4.643401759530791,3.125,7.125,7.25,7.0,-4.438758553274683,-4.031524926686217,-4.179423264907136,-4.123411534701858,0.0,0.0,0.0,0.0,0.0,0.0,0.0,0.0,11.44279150390625
00006.05,0.271240234375,0.2607421875,5.25,5.875,5.375,5.5,4.697702834799609,4.784017595307918,4.697702834799609,4.677712609970674,4.125,7.75,8.0,7.5,-4.72761485826002,-5.800342130987293,-5.750977517106549,-5.7084555229716525,0.0,0.0,0.0,0.0,0.0,0.0,0.0,0.0,11.185210205078125
000006.1,0.284912109375,0.280517578125,4.25,5.75,5.5,5.375,4.984848484848485,4.256891495601173,3.9002932551319645,3.7777126099706746,3.25,10.75,10.375,9.75,-2.1896383186705766,-4.163636363636363,-4.090909090909091,-4.0274193548387105,0.0,0.0,0.0,0.0,0.0,0.0,0.0,0.0,11.7569150390625
00006.15,0.308349609375,0.309814453125,6.125,5.75,5.5,5.375,5.398338220918866,5.237536656891495,5.237536656891495,5.191593352883675,4.875,3.875,4.0,4.375,-5.542521994134897,-5.059042033235581,-5.8614369501466275,-6.213098729227762,0.0,0.0,0.0,0.0,0.0,0.0,0.0,0.0,11.386249267578124
000006.2,0.335205078125,0.3408203125,6.25,7.125,6.375,6.5,5.695601173020528,5.4046920821114375,5.549560117302053,5.5008797653958945,5.625,9.375,8.75,9.125,-2.9716520039100685,-6.491691104594331,-6.378299120234605,-6.346236559139785,0.0,0.0,0.0,0.0,0.0,0.0,0.0,0.0,11.379966796875
00006.25,0.351318359375,0.34912109375,6.25,7.5,6.875,7.0,5.695601173020528,5.427859237536657,5.525953079178886,5.38998044965787,4.625,12.125,11.875,11.375,-5.835777126099707,-5.787536656891495,-5.709677419354838,-5.552003910068427,0.0,0.0,0.0,0.0,0.0,0.0,0.0,0.0,11.361119384765624
000006.3,0.37158203125,0.3740234375,6.625,7.0,6.375,6.5,6.004398826979472,4.9918866080156405,4.806598240469208,4.50425219941349,4.0,10.625,10.375,10.0,-5.623167155425221,-5.961925708699902,-5.881720430107526,-5.822043010752688,0.0,0.0,0.0,0.0,0.0,0.0,0.0,0.0,11.279447265625
00006.35,0.401611328125,0.413818359375,7.375,7.125,6.875,6.625,3.070772238514174,5.89652981427175,5.722140762463344,5.4115835777126104,6.0,11.625,12.375,12.125,-3.4882697947214076,-7.324340175953079,-7.225806451612903,-7.172238514173999,0.0,0.0,0.0,0.0,0.0,0.0,0.0,0.0,10.94019384765625
000006.4,0.41015625,0.413330078125,10.125,6.0,6.125,5.125,6.771163245356794,5.989247311827956,6.275757575757576,6.190518084066472,6.0,12.125,13.375,11.75,-6.709677419354839,-6.154692082111436,-6.014173998044964,-5.985923753665689,0.0,0.0,0.0,0.0,0.0,0.0,0.0,0.0,10.996736083984375
00006.45,0.42041015625,0.42724609375,11.5,8.0,7.375,6.625,3.79980449657869,6.698924731182796,6.787194525904203,6.53147605083089,7.25,11.875,12.125,10.375,-6.4570381231671545,-7.481964809384163,-7.311143695014661,-7.379472140762463,0.0,0.0,0.0,0.0,0.0,0.0,0.0,0.0,10.801979492187499
000006.5,0.4375,0.464599609375,12.125,8.5,8.0,7.625,7.687976539589442,7.56989247311828,7.501075268817205,7.501075268817205,6.625,17.0,15.25,13.125,-2.7158357771260997,-7.396334310850439,-7.14379276637341,-7.126099706744868,0.0,0.0,0.0,0.0,0.0,0.0,0.0,0.0,10.94019384765625
00006.55,0.470458984375,0.51220703125,11.125,12.875,11.25,12.125,3.8355327468230698,6.599217986314761,6.401173020527859,6.3174975562072335,5.75,12.625,9.5,9.25,-7.399266862170087,-8.456304985337244,-8.338856304985336,-8.456304985337244,0.0,0.0,0.0,0.0,0.0,0.0,0.0,0.0,11.16636279296875
000006.6,0.49951171875,0.521240234375,14.0,8.125,7.5,8.75,4.0982404692082115,6.599217986314761,6.401173020527859,6.3174975562072335,7.5,16.125,12.875,12.625,-7.645454545454546,-8.836363636363638,-8.713636363636365,-8.87859237536657,0.0,0.0,0.0,0.0,0.0,0.0,0.0,0.0,10.582093017578124
00006.65,0.52392578125,0.52685546875,15.375,6.75,6.375,5.625,8.58528836754643,7.282258064516128,6.735874877810361,6.484848484848484,5.25,18.375,16.25,15.5,-7.163636363636364,-7.506158357771262,-7.568475073313784,-7.759530791788857,0.0,0.0,0.0,0.0,0.0,0.0,0.0,0.0,10.644917724609375
000006.7,0.537841796875,0.573486328125,17.625,8.125,6.875,5.5,9.004301075268819,5.93494623655914,5.61348973607038,5.533724340175953,7.75,19.375,18.125,17.375,-8.145454545454546,-8.495014662756597,-8.328445747800586,-8.411730205278594,0.0,0.0,0.0,0.0,0.0,0.0,0.0,0.0,10.456443603515625
00006.75,0.553466796875,0.587890625,22.5,4.5,4.25,3.125,9.201173020527861,6.261827956989247,6.251612903225806,6.331378299120234,7.625,21.875,19.75,17.5,-7.90909090909091,-8.375366568914956,-8.211143695014663,-8.372238514173999,0.0,0.0,0.0,0.0,0.0,0.0,0.0,0.0,10.180014892578125
000006.8,0.572265625,0.597900390625,24.0,4.125,3.75,3.0,9.688172043010754,6.609139784946236,6.411143695014662,6.171847507331378,5.75,20.0,17.5,15.625,-7.466471163245358,-8.435190615835777,-8.269794721407624,-8.520332355816228,0.0,0.0,0.0,0.0,0.0,0.0,0.0,0.0,10.180014892578125
00006.85,0.578369140625,0.654296875,23.375,12.875,10.0,7.375,4.574780058651026,8.423704789833822,8.744281524926686,8.654545454545454,8.75,23.5,20.5,18.875,-9.05,-9.06236559139785,-8.78494623655914,-8.943108504398827,0.0,0.0,0.0,0.0,0.0,0.0,0.0,0.0,9.840761474609375
000006.9,0.59130859375,0.648193359375,15.5,14.875,13.875,12.25,8.563049853372434,8.461436950146627,8.396627565982405,8.536901270772239,8.5,25.75,21.625,18.625,-9.05,-8.152297165200393,-7.902737047898339,-7.835777126099709,0.0,0.0,0.0,0.0,0.0,0.0,0.0,0.0,10.789414550781249
00006.95,0.687255859375,0.692138671875,4.875,11.25,9.25,8.75,6.549364613880742,6.801221896383187,6.871700879765396,6.801221896383187,6.875,21.25,13.75,11.25,-7.763636363636365,-8.430107526881722,-8.172043010752688,-8.182991202346042,0.0,0.0,0.0,0.0,0.0,0.0,0.0,0.0,11.21662255859375
000007.0,0.720703125,0.744873046875,5.125,6.125,5.625,5.0,6.402737047898338,6.037145650048876,6.099706744868035,6.037145650048876,4.625,21.75,10.875,11.75,-3.6363636363636367,-8.592961876832845,-8.32991202346041,-8.342521994134898,0.0,0.0,0.0,0.0,0.0,0.0,0.0,0.0,11.423944091796875
00007.05,0.753662109375,0.732177734375,5.0,5.5,5.75,4.75,2.8056695992179863,7.566471163245357,7.499511241446724,7.466031280547409,2.625,15.875,12.875,11.5,-7.545454545454546,-9.086999022482892,-8.843597262952102,-9.046432062561095,0.0,0.0,0.0,0.0,0.0,0.0,0.0,0.0,11.69409033203125
000007.1,0.709228515625,0.703369140625,5.375,5.125,5.25,4.5,7.389736070381232,7.389736070381232,7.324340175953078,7.291642228739003,0.0,9.75,8.75,8.0,-5.009090909090909,-7.4119257086999015,-7.213391984359726,-7.204447702834799,0.0,0.0,0.0,0.0,0.0,0.0,0.0,0.0,12.215535400390625
00007.15,0.63818359375,0.73974609375,3.0,3.125,3.125,2.625,6.506060606060607,6.075268817204301,6.196676441837731,6.419696969696971,0.25,1.0,0.5,0.75,-5.39266862170088,-5.99960899315738,-5.838905180840665,-6.060019550342131,0.0,0.0,-1.5532746823069405,-0.46598240469208213,0.0,0.0,0.0,0.0,12.077321044921874
000007.2,0.6552734375,0.685302734375,3.375,2.25,1.75,1.375,7.220674486803519,7.220674486803519,7.191202346041057,7.1322580645161295,0.0,3.25,2.25,2.625,-5.257331378299121,-5.92741935483871,-5.830645161290323,-5.653763440860215,2.125,0.0,-3.328445747800587,-1.4430107526881721,0.0,0.0,0.0,0.0,11.844869628906249
00007.25,0.62548828125,0.611083984375,2.25,3.5,3.375,2.75,1.1495601173020529,6.71774193548387,6.499511241446726,6.611827956989247,0.0,3.125,2.375,2.75,-1.7489736070381232,-6.370478983382209,-6.266471163245357,-6.197849462365591,6.75,0.25,-5.328445747800587,-2.8623655913978494,0.0,0.0,0.0,0.0,11.788327392578125
000007.3,0.59619140625,0.567626953125,3.5,2.0,1.875,1.375,1.7482893450635388,6.669843597262951,6.451808406647117,6.209677419354838,0.125,3.625,2.625,3.25,-5.628250244379276,-6.9452590420332365,-6.83186705767351,-6.670967741935483,14.375,3.0,-7.1818181818181825,-3.8086021505376344,0.0,0.0,0.0,0.0,11.292012207031249
00007.35,0.57958984375,0.527587890625,3.0,2.625,2.125,1.5,5.864907135874877,6.245454545454544,6.218181818181818,6.163636363636363,0.0,4.375,2.875,3.125,-5.21544477028348,-5.9173020527859235,-5.751466275659824,-5.713831867057674,28.25,4.625,-9.035190615835779,-4.4208211143695015,0.0,0.0,0.0,0.0,11.19149267578125
000007.4,0.56298828125,0.520751953125,1.375,1.75,1.25,0.875,1.141642228739003,5.2381231671554245,5.393548387096774,5.611339198435973,0.0,2.625,1.625,1.75,-0.42287390029325517,-5.426979472140763,-4.915689149560118,-4.859530791788857,46.375,6.625,-9.475366568914957,-5.520527859237537,0.0,0.0,0.0,0.0,11.147515380859375
00007.45,0.5498046875,0.52783203125,1.25,0.875,0.625,0.25,0.951368523949169,4.9471163245356795,4.747214076246335,4.61720430107527,0.0,0.0,0.0,0.125,-0.5093841642228739,-4.2123167155425225,-4.068914956011731,-4.00522971652004,48.375,18.875,-8.156011730205277,-7.060117302052786,0.0,0.0,0.0,0.0,11.2040576171875
000007.5,0.521728515625,0.50146484375,0.75,0.625,0.625,0.5,4.46256109481916,4.517790811339198,4.740566959921798,4.719403714565005,0.0,0.0,0.0,0.0,-3.216666666666667,-4.252688172043011,-3.7602639296187683,-4.233870967741935,41.875,23.5,-8.156011730205277,-7.978494623655914,0.0,0.0,0.0,0.0,11.040713378906249
00007.55,0.5048828125,0.471435546875,0.5,0.375,0.375,0.5,4.341055718475073,4.341055718475073,4.3026392961876825,4.283431085043988,0.0,0.0,0.0,0.0,-2.7733137829912025,-3.6672531769305965,-3.618572825024438,-3.6510263929618767,34.5,30.875,-8.395894428152491,-8.795698924731182,0.0,0.0,0.0,0.0,11.147515380859375
000007.6,0.489013671875,0.44189453125,0.0,0.0,0.0,0.0,3.866080156402737,3.733528836754643,3.525317693059628,3.3351906158357774,0.125,0.0,0.0,0.0,-2.3350439882697946,-2.6841642228739007,-2.6485337243401763,-2.5843108504398824,35.75,32.125,-8.395894428152491,-8.795698924731182,0.0,0.0,0.0,0.0,11.511898681640625
00007.65,0.451904296875,0.42626953125,0.125,0.0,0.0,0.0,3.7872922776148585,3.7872922776148585,3.770967741935484,3.7546432062561093,0.125,0.0,0.0,0.0,-2.087243401759531,-2.4832844574780064,-2.461876832844575,-2.4725806451612904,36.0,18.375,-8.22140762463343,-9.035581622678396,0.0,0.0,0.0,0.0,11.4050966796875
000007.7,0.422119140625,0.3935546875,0.125,0.0,0.0,0.0,3.594525904203324,2.9822091886608018,3.15,3.406158357771261,0.125,0.0,0.0,0.0,-2.087243401759531,-2.3131964809384167,-2.293255131964809,-2.303225806451613,31.75,23.625,-7.626099706744868,-8.284457478005866,0.0,0.0,0.0,0.0,11.593570800781249
00007.75,0.3876953125,0.363037109375,0.125,0.125,0.0,0.0,3.424437927663735,3.0275659824046923,3.195161290322581,3.181329423264907,0.125,0.0,0.0,0.0,-1.9160801564027368,-1.621505376344086,-2.2145650048875853,-2.2241935483870967,24.75,20.25,-7.3462365591397845,-7.511241446725318,0.0,0.0,0.0,0.0,11.79460986328125
000007.8,0.364501953125,0.336669921875,0.375,0.125,0.25,0.0,3.2770283479960907,3.2770283479960907,3.2629032258064523,3.2487781036168135,0.0,0.0,0.0,0.0,-1.663196480938416,-1.5307917888563052,-1.5175953079178885,-1.7161290322580647,22.25,13.75,-6.536070381231672,-6.837438905180841,0.0,0.0,0.0,0.0,12.027061279296875
00007.85,0.34033203125,0.3076171875,0.375,0.375,0.375,0.25,0.6891984359726294,2.6041055718475072,2.7685239491691105,3.0348973607038126,0.0,0.0,0.0,0.0,-1.5756598240469206,-1.7595307917888565,-1.7302052785923756,-1.752199413489736,18.25,10.125,-5.857282502443792,-6.359384164222874,0.0,0.0,0.0,0.0,12.071038574218749
000007.9,0.311279296875,0.286865234375,0.375,0.25,0.25,0.125,3.037145650048876,3.0498533724340176,2.9546432062561094,2.942228739002933,0.0,0.0,0.0,0.0,-1.2838709677419353,-1.3372434017595307,-1.3149560117302053,-1.3433528836754642,13.75,9.5,-5.24418377321603,-5.722287390029327,0.0,0.0,0.0,0.0,12.077321044921874
00007.95,0.279541015625,0.25048828125,0.5,0.375,0.375,0.125,2.850244379276637,2.8621700879765397,2.838318670576735,2.826392961876833,0.0,0.0,0.0,0.0,-0.8929618768328447,-0.6217008797653959,-0.6113391984359727,-0.8176930596285434,9.875,8.625,-4.730938416422287,-4.818768328445748,0.0,0.0,0.0,0.0,12.096168457031249
000008.0,0.248291015625,0.234619140625,0.5,0.375,0.375,0.25,2.7190615835777128,2.3135874877810365,2.4838709677419355,2.578494623655914,0.125,0.0,0.0,0.125,-0.6151515151515152,-0.6439882697947215,-0.6360703812316716,-0.4513196480938417,8.375,7.75,-4.368817204301075,-4.405376344086022,0.0,0.0,0.0,0.0,12.13386328125
00008.05,0.231689453125,0.21484375,0.375,0.375,0.375,0.125,2.4805474095796676,2.4805474095796676,2.4602150537634406,2.4602150537634406,0.25,0.0,0.125,0.125,-0.47067448680351903,-0.5366568914956013,-0.530058651026393,-0.5344574780058652,7.0,6.0,-3.9249266862170082,-3.993108504398827,0.0,0.0,0.0,0.0,12.228100341796875
000008.1,0.21435546875,0.181640625,0.375,0.25,0.25,0.125,2.1108504398826984,2.242033235581623,2.2236559139784946,2.2236559139784946,0.375,0.0,0.125,0.125,0.0,0.6797653958944282,0.6714076246334311,0.5819648093841643,6.625,5.5,-3.7021505376344086,-3.686852394916911,0.0,0.0,0.0,0.0,12.202970458984375
00008.15,0.1884765625,0.16162109375,0.25,0.25,0.25,0.125,0.47082111436950147,1.1542521994134898,0.9579667644183774,0.8586510263929619,0.125,0.25,0.375,0.5,0.8576735092864124,0.0,0.0,0.5747800586510264,6.0,5.125,-3.406451612903225,-3.448680351906158,0.0,0.0,0.0,0.0,12.140145751953124
000008.2,0.172607421875,0.140869140625,0.375,0.25,0.25,0.125,1.0744379276637341,1.1302052785923755,1.065738025415445,1.0613880742913002,0.0,0.125,0.25,0.375,0.732160312805474,0.0,0.0,0.0,5.75,4.875,-3.2290322580645157,-3.281036168132942,0.0,0.0,0.0,0.0,12.29720751953125
00008.25,0.149658203125,0.10498046875,0.125,0.125,0.125,0.0,0.0,-0.6853372434017596,-0.6825513196480938,0.0,0.0,0.0,0.125,0.125,0.0,0.0,0.0,0.0,5.375,4.5,-3.0654936461388074,-3.0654936461388074,0.0,0.0,0.0,0.0,12.316054931640625
000008.3,0.142578125,0.0849609375,0.125,0.0,0.0,0.0,0.0,0.0,0.0,0.0,0.0,0.0,0.125,0.125,0.0,0.0,0.0,0.0,5.125,4.375,-3.0175953079178885,-3.041544477028348,0.0,0.0,0.0,0.0,12.29720751953125
00008.35,0.1201171875,0.071044921875,0.0,0.0,0.0,0.0,-1.5757575757575757,0.0,-0.5794721407624633,-0.5891495601173021,0.0,0.0,0.0,0.125,-1.1984848484848487,0.0,0.0,-0.591544477028348,4.375,4.125,-2.1793743890518087,-2.5625610948191593,0.0,0.0,0.0,0.0,12.121298339843749
000008.4,0.0830078125,0.05615234375,2.625,2.0,2.0,2.125,-1.903030303030303,-1.903030303030303,-1.8953567937438904,-1.8876832844574782,0.25,0.375,0.5,0.625,-1.6114369501466277,-1.903030303030303,-1.8723362658846532,-1.8953567937438904,1.5,1.625,-0.4988269794721408,-0.8861192570869991,0.0,0.0,0.0,0.0,12.253230224609375
00008.45,0.05078125,0.0546875,3.0,2.75,2.5,2.625,-1.903030303030303,-1.903030303030303,-1.8953567937438904,-1.8876832844574782,0.0,0.125,0.25,0.5,-1.6114369501466277,-1.903030303030303,-1.8723362658846532,-1.8953567937438904,0.125,0.25,0.0,0.0,0.0,0.0,0.0,0.0,12.215535400390625
000008.5,0.007080078125,0.05322265625,2.75,2.5,2.375,2.5,-1.8876832844574782,-1.8876832844574782,-1.8800097751710656,-1.8723362658846532,0.25,1.375,1.5,1.75,-1.6114369501466277,-1.8953567937438904,-1.856989247311828,-1.8876832844574782,0.0,0.0,0.0,0.0,0.0,0.0,0.0,0.0,12.184123046875
00008.55,-0.010498046875,0.0595703125,2.5,2.25,2.125,2.125,-1.8876832844574782,-1.8876832844574782,-1.8800097751710656,-1.8723362658846532,1.25,1.75,2.0,2.125,-1.55772238514174,-1.8953567937438904,-1.856989247311828,-1.8876832844574782,0.0,0.0,0.0,0.0,0.0,0.0,0.0,0.0,12.2092529296875
000008.6,-0.0224609375,0.06103515625,2.25,2.0,1.875,2.0,-1.8876832844574782,-1.8876832844574782,-1.8800097751710656,-1.8723362658846532,0.875,1.625,1.625,1.75,-1.55772238514174,-1.8953567937438904,-1.856989247311828,-1.8876832844574782,0.0,0.0,0.0,0.0,0.0,0.0,0.0,0.0,12.215535400390625
00008.65,-0.044921875,0.06201171875,2.0,1.625,1.625,1.5,-1.8953567937438904,-1.8876832844574782,-1.8800097751710656,-1.8646627565982405,0.875,1.625,1.625,1.75,-1.55772238514174,-1.8953567937438904,-1.856989247311828,-1.8800097751710656,0.0,0.0,0.0,0.0,0.0,0.0,0.0,0.0,12.2595126953125
000008.7,-0.0595703125,0.068115234375,1.875,1.5,1.625,1.5,-1.8953567937438904,-1.8876832844574782,-1.8800097751710656,-1.8646627565982405,0.875,1.5,1.5,1.75,-1.55772238514174,-1.8953567937438904,-1.856989247311828,-1.8800097751710656,0.0,0.0,0.0,0.0,0.0,0.0,0.0,0.0,12.2595126953125
00008.75,-0.075439453125,0.0732421875,1.75,1.5,1.5,1.5,-1.8953567937438904,-1.8876832844574782,-1.8800097751710656,-1.8646627565982405,0.875,1.375,1.5,1.625,-1.6344574780058652,-1.8953567937438904,-1.856989247311828,-1.8800097751710656,0.0,0.0,0.0,0.0,0.0,0.0,0.0,0.0,12.278360107421875
000008.8,-0.0791015625,0.0771484375,1.875,1.625,1.625,1.5,-1.903030303030303,-1.8953567937438904,-1.8876832844574782,-1.8800097751710656,0.75,1.375,1.5,1.625,-1.6344574780058652,-1.8953567937438904,-1.8723362658846532,-1.8876832844574782,0.0,0.0,0.0,0.0,0.0,0.0,0.0,0.0,12.284642578125
00008.85,-0.07666015625,0.08056640625,1.75,1.625,1.5,1.5,-1.903030303030303,-1.8953567937438904,-1.8876832844574782,-1.8800097751710656,0.75,1.375,1.375,1.5,-1.6344574780058652,-1.8953567937438904,-1.8723362658846532,-1.8876832844574782,0.0,0.0,0.0,0.0,0.0,0.0,0.0,0.0,12.303489990234375
000008.9,-0.075439453125,0.08447265625,1.75,1.5,1.5,1.5,-1.903030303030303,-1.8953567937438904,-1.8876832844574782,-1.8800097751710656,0.5,1.25,1.25,1.375,-1.5807429130009776,-1.8953567937438904,-1.8723362658846532,-1.8876832844574782,0.0,0.0,0.0,0.0,0.0,0.0,0.0,0.0,12.29720751953125
00008.95,-0.078125,0.0859375,1.625,1.5,1.5,1.375,-1.8953567937438904,-1.903030303030303,-1.8953567937438904,-1.8800097751710656,0.5,1.25,1.25,1.375,-1.5807429130009776,-1.903030303030303,-1.8723362658846532,-1.8876832844574782,0.0,0.0,0.0,0.0,0.0,0.0,0.0,0.0,12.32233740234375
000009.0,-0.08251953125,0.08984375,1.5,1.25,1.375,1.25,-1.8953567937438904,-1.903030303030303,-1.8953567937438904,-1.8800097751710656,0.5,1.25,1.125,1.375,-1.5807429130009776,-1.903030303030303,-1.8723362658846532,-1.8876832844574782,0.0,0.0,0.0,0.0,0.0,0.0,0.0,0.0,12.341184814453124
00009.05,-0.091064453125,0.091796875,1.5,1.25,1.375,1.25,-1.8953567937438904,-1.903030303030303,-1.8953567937438904,-1.8800097751710656,0.5,1.0,1.125,1.375,-1.6344574780058652,-1.903030303030303,-1.8723362658846532,-1.8876832844574782,0.0,0.0,0.0,0.0,0.0,0.0,0.0,0.0,12.290925048828125
000009.1,-0.095947265625,0.09423828125,1.625,1.375,1.5,1.25,-1.903030303030303,-1.903030303030303,-1.8953567937438904,-1.8876832844574782,0.625,1.25,1.25,1.375,-1.6344574780058652,-1.903030303030303,-1.8723362658846532,-1.8953567937438904,0.0,0.0,0.0,0.0,0.0,0.0,0.0,0.0,12.334902343749999
00009.15,-0.093017578125,0.094482421875,1.625,1.375,1.5,1.375,-1.903030303030303,-1.903030303030303,-1.8953567937438904,-1.8876832844574782,0.625,1.25,1.25,1.375,-1.6344574780058652,-1.903030303030303,-1.8723362658846532,-1.8953567937438904,0.0,0.0,0.0,0.0,0.0,0.0,0.0,0.0,12.303489990234375
000009.2,-0.09130859375,0.093017578125,1.625,1.375,1.5,1.375,-1.903030303030303,-1.903030303030303,-1.8953567937438904,-1.8876832844574782,0.625,1.25,1.25,1.375,-1.6114369501466277,-1.903030303030303,-1.8723362658846532,-1.8953567937438904,0.0,0.0,0.0,0.0,0.0,0.0,0.0,0.0,12.328619873046875
00009.25,-0.090087890625,0.09130859375,1.625,1.375,1.5,1.375,-1.903030303030303,-1.903030303030303,-1.8953567937438904,-1.8876832844574782,0.5,1.25,1.25,1.375,-1.6114369501466277,-1.903030303030303,-1.8723362658846532,-1.8953567937438904,0.0,0.0,0.0,0.0,0.0,0.0,0.0,0.0,12.32233740234375
000009.3,-0.08740234375,0.091064453125,1.625,1.5,1.5,1.5,-1.8953567937438904,-1.903030303030303,-1.8876832844574782,-1.8800097751710656,0.5,1.25,1.25,1.5,-1.6114369501466277,-1.903030303030303,-1.8723362658846532,-1.8953567937438904,0.0,0.0,0.0,0.0,0.0,0.0,0.0,0.0,12.32233740234375
00009.35,-0.084228515625,0.09033203125,1.75,1.5,1.5,1.5,-1.8953567937438904,-1.903030303030303,-1.8876832844574782,-1.8800097751710656,0.625,1.375,1.375,1.5,-1.5884164222873902,-1.903030303030303,-1.8723362658846532,-1.8953567937438904,0.0,0.0,0.0,0.0,0.0,0.0,0.0,0.0,12.3097724609375
000009.4,-0.07958984375,0.086669921875,1.75,1.5,1.5,1.5,-1.8953567937438904,-1.903030303030303,-1.8876832844574782,-1.8800097751710656,0.75,1.375,1.375,1.5,-1.5884164222873902,-1.903030303030303,-1.8723362658846532,-1.8953567937438904,0.0,0.0,0.0,0.0,0.0,0.0,0.0,0.0,12.290925048828125
00009.45,-0.077392578125,0.083984375,1.875,1.625,1.625,1.5,-1.903030303030303,-1.903030303030303,-1.8953567937438904,-1.8800097751710656,0.75,1.375,1.375,1.625,-1.5884164222873902,-1.903030303030303,-1.8723362658846532,-1.8953567937438904,0.0,0.0,0.0,0.0,0.0,0.0,0.0,0.0,12.278360107421875
000009.5,-0.075439453125,0.082763671875,2.0,1.625,1.625,1.625,-1.903030303030303,-1.903030303030303,-1.8953567937438904,-1.8800097751710656,0.875,1.375,1.5,1.75,-1.5884164222873902,-1.903030303030303,-1.8723362658846532,-1.8953567937438904,0.0,0.0,0.0,0.0,0.0,0.0,0.0,0.0,12.284642578125
00009.55,-0.071533203125,0.079833984375,2.0,1.625,1.625,1.625,-1.903030303030303,-1.903030303030303,-1.8953567937438904,-1.8800097751710656,0.875,1.5,1.5,1.75,-1.6344574780058652,-1.903030303030303,-1.8723362658846532,-1.8953567937438904,0.0,0.0,0.0,0.0,0.0,0.0,0.0,0.0,12.265795166015625
000009.6,-0.06787109375,0.07373046875,2.0,1.625,1.625,1.625,-1.8953567937438904,-1.8953567937438904,-1.8953567937438904,-1.8800097751710656,0.875,1.5,1.5,1.75,-1.6344574780058652,-1.903030303030303,-1.8646627565982405,-1.8800097751710656,0.0,0.0,0.0,0.0,0.0,0.0,0.0,0.0,12.27207763671875
00009.65,-0.068359375,0.072021484375,2.0,1.625,1.625,1.625,-1.8953567937438904,-1.8953567937438904,-1.8953567937438904,-1.8800097751710656,0.875,1.625,1.5,1.75,-1.6344574780058652,-1.903030303030303,-1.8646627565982405,-1.8800097751710656,0.0,0.0,0.0,0.0,0.0,0.0,0.0,0.0,12.253230224609375
000009.7,-0.068115234375,0.0712890625,2.0,1.75,1.625,1.625,-1.8953567937438904,-1.8953567937438904,-1.8953567937438904,-1.8800097751710656,1.0,1.75,1.75,1.875,-1.573069403714565,-1.903030303030303,-1.8646627565982405,-1.8800097751710656,0.0,0.0,0.0,0.0,0.0,0.0,0.0,0.0,12.240665283203125
00009.75,-0.066162109375,0.06494140625,2.0,1.625,1.625,1.625,-1.8953567937438904,-1.8953567937438904,-1.8800097751710656,-1.8800097751710656,1.375,1.75,2.0,2.0,-1.573069403714565,-1.903030303030303,-1.8646627565982405,-1.8800097751710656,0.0,0.0,0.0,0.0,0.0,0.0,0.0,0.0,12.228100341796875
000009.8,-0.067138671875,0.057861328125,1.875,1.625,1.625,1.5,-1.8953567937438904,-1.8953567937438904,-1.8800097751710656,-1.8800097751710656,1.5,2.0,2.0,2.25,-1.573069403714565,-1.903030303030303,-1.8646627565982405,-1.8800097751710656,0.0,0.0,0.0,0.0,0.0,0.0,0.0,0.0,12.228100341796875
00009.85,-0.074462890625,0.046142578125,1.75,1.5,1.5,1.5,-1.8953567937438904,-1.8953567937438904,-1.8800097751710656,-1.8800097751710656,1.625,2.125,2.25,2.375,-1.6267839687194527,-1.903030303030303,-1.8646627565982405,-1.8800097751710656,0.0,0.0,0.0,0.0,0.0,0.0,0.0,0.0,12.278360107421875
000009.9,-0.07958984375,0.039306640625,1.625,1.375,1.5,1.375,-1.8953567937438904,-1.8800097751710656,-1.8800097751710656,-1.8800097751710656,1.5,2.125,2.25,2.375,-1.6267839687194527,-1.8876832844574782,-1.856989247311828,-1.8800097751710656,0.0,0.0,0.0,0.0,0.0,0.0,0.0,0.0,12.284642578125
00009.95,-0.084716796875,0.03564453125,1.5,1.375,1.5,1.25,-1.8953567937438904,-1.8800097751710656,-1.8876832844574782,-1.8723362658846532,1.375,2.0,2.125,2.25,-1.6267839687194527,-1.8876832844574782,-1.856989247311828,-1.8800097751710656,0.0,0.0,0.0,0.0,0.0,0.0,0.0,0.0,12.290925048828125
000010.0,-0.089599609375,0.0390625,1.5,1.25,1.375,1.25,-1.8953567937438904,-1.8800097751710656,-1.8876832844574782,-1.8723362658846532,1.25,1.75,1.875,2.0,-1.573069403714565,-1.8876832844574782,-1.856989247311828,-1.8800097751710656,0.0,0.0,0.0,0.0,0.0,0.0,0.0,0.0,12.3097724609375
00010.05,-0.090576171875,0.045654296875,1.5,1.25,1.375,1.25,-1.8953567937438904,-1.8800097751710656,-1.8876832844574782,-1.8723362658846532,1.0,1.75,1.75,1.875,-1.573069403714565,-1.8876832844574782,-1.856989247311828,-1.8800097751710656,0.0,0.0,0.0,0.0,0.0,0.0,0.0,0.0,12.303489990234375
000010.1,-0.09326171875,0.05615234375,1.5,1.125,1.125,1.25,-1.903030303030303,-1.903030303030303,-1.8953567937438904,-1.8800097751710656,1.25,1.625,1.75,1.75,-1.8936950146627567,-2.290909090909091,-2.2539589442815253,-2.2816715542521995,0.0,0.0,0.0,0.0,0.0,0.0,0.0,0.0,12.177840576171874
00010.15,-0.097412109375,0.065673828125,2.25,0.5,0.625,0.5,2.812121212121212,1.6606060606060606,1.8591397849462366,1.9398826979472141,2.875,2.75,3.0,3.125,-2.392570869990225,-2.812121212121212,-2.766764418377322,-2.8007820136852395,0.0,0.0,0.0,0.0,0.0,0.0,0.0,0.0,11.976801513671875
000010.2,-0.093017578125,0.07568359375,4.125,2.625,2.0,1.75,2.812121212121212,2.812121212121212,2.8007820136852395,2.778103616813294,3.0,3.375,3.625,3.625,-2.392570869990225,-2.812121212121212,-2.766764418377322,-2.8007820136852395,0.0,0.0,0.0,0.0,0.0,0.0,0.0,0.0,11.857434570312499
00010.25,-0.052001953125,0.1015625,5.125,4.5,4.125,4.5,2.721407624633431,2.7440860215053764,2.721407624633431,2.698729227761486,2.25,2.875,3.0,3.125,-2.392570869990225,-2.732746823069404,-2.6873900293255133,-2.698729227761486,0.0,0.0,0.0,0.0,0.0,0.0,0.0,0.0,11.976801513671875
000010.3,-9.765625E-4,0.12158203125,5.125,4.75,4.625,5.0,2.721407624633431,2.7440860215053764,2.721407624633431,2.698729227761486,2.25,2.875,2.875,2.875,-2.392570869990225,-2.732746823069404,-2.6873900293255133,-2.698729227761486,0.0,0.0,0.0,0.0,0.0,0.0,0.0,0.0,11.9579541015625
00010.35,0.0625,0.137939453125,4.25,4.125,3.75,4.0,2.721407624633431,2.7440860215053764,2.721407624633431,2.698729227761486,2.25,2.875,2.875,3.125,-2.256500488758553,-2.732746823069404,-2.6873900293255133,-2.698729227761486,0.0,0.0,0.0,0.0,0.0,0.0,0.0,0.0,12.0584736328125
000010.4,0.0771484375,0.13671875,3.75,3.5,3.5,3.625,2.732746823069404,2.766764418377322,2.7440860215053764,2.698729227761486,2.25,2.625,2.625,2.75,-2.256500488758553,-2.732746823069404,-2.698729227761486,-2.721407624633431,0.0,0.0,0.0,0.0,0.0,0.0,0.0,0.0,12.14642822265625
00010.45,0.095947265625,0.140625,3.25,3.0,2.875,2.875,2.732746823069404,2.766764418377322,2.7440860215053764,2.698729227761486,1.75,2.25,2.25,2.375,-2.256500488758553,-2.732746823069404,-2.698729227761486,-2.721407624633431,0.0,0.0,0.0,0.0,0.0,0.0,0.0,0.0,12.140145751953124
000010.5,0.116943359375,0.155029296875,3.25,2.875,2.75,2.75,2.732746823069404,2.766764418377322,2.7440860215053764,2.698729227761486,1.375,1.875,1.75,2.0,-2.392570869990225,-2.732746823069404,-2.698729227761486,-2.721407624633431,0.0,0.0,0.0,0.0,0.0,0.0,0.0,0.0,11.863717041015624
00010.55,0.12939453125,0.1650390625,5.75,5.0,4.5,5.0,2.63069403714565,2.6873900293255133,2.664711632453568,2.6080156402737047,2.875,3.0,3.25,3.375,-2.392570869990225,-2.664711632453568,-2.6193548387096777,-2.6420332355816227,0.0,0.0,0.0,0.0,0.0,0.0,0.0,0.0,11.631265625
000010.6,0.086181640625,0.1396484375,6.875,7.0,6.25,6.5,2.63069403714565,2.6873900293255133,2.664711632453568,2.6080156402737047,4.25,4.875,5.125,5.25,-2.392570869990225,-2.664711632453568,-2.6193548387096777,-2.6420332355816227,0.0,0.0,0.0,0.0,0.0,0.0,0.0,0.0,11.631265625
00010.65,0.038330078125,0.090576171875,6.625,7.0,6.125,6.25,2.63069403714565,2.6873900293255133,2.664711632453568,2.6080156402737047,4.125,4.625,5.0,5.125,-2.2111436950146626,-2.664711632453568,-2.6193548387096777,-2.6420332355816227,0.0,0.0,0.0,0.0,0.0,0.0,0.0,0.0,11.612418212890624
000010.7,0.015625,0.045654296875,5.25,5.125,5.0,5.375,2.63069403714565,2.63069403714565,2.6193548387096777,2.6193548387096777,4.375,5.125,5.625,5.75,-2.2111436950146626,-2.6533724340175953,-2.6193548387096777,-2.6193548387096777,0.0,0.0,0.0,0.0,0.0,0.0,0.0,0.0,11.593570800781249
00010.75,0.03271484375,0.043212890625,5.375,5.75,5.125,5.625,2.6533724340175953,2.63069403714565,2.6193548387096777,2.6193548387096777,4.375,5.0,5.25,5.5,-2.2111436950146626,-2.6533724340175953,-2.6193548387096777,-2.6193548387096777,0.0,0.0,0.0,0.0,0.0,0.0,0.0,0.0,11.681525390625
000010.8,0.054931640625,0.03955078125,5.625,5.5,5.25,5.625,2.6533724340175953,2.63069403714565,2.6193548387096777,2.6193548387096777,4.0,4.375,4.625,4.75,-2.3131964809384162,-2.6533724340175953,-2.6193548387096777,-2.6193548387096777,0.0,0.0,0.0,0.0,0.0,0.0,0.0,0.0,11.92025927734375
00010.85,0.048828125,0.046142578125,4.125,3.75,3.375,3.5,2.6533724340175953,2.63069403714565,2.6193548387096777,2.6193548387096777,3.5,3.875,4.125,4.125,-1.6651026392961874,-2.6533724340175953,-2.6193548387096777,-2.6193548387096777,0.0,0.0,0.0,0.0,0.0,0.0,0.0,0.0,12.1589931640625
000010.9,0.060791015625,0.065185546875,2.25,2.75,2.375,2.5,1.6677419354838707,1.660850439882698,1.6470674486803516,1.6539589442815248,1.125,2.5,2.5,2.625,-1.4058651026392959,-1.6677419354838707,-1.6332844574780059,-1.6539589442815248,0.0,0.0,0.0,0.0,0.0,0.0,0.0,0.0,12.1589931640625
00010.95,0.079345703125,0.09130859375,2.0,2.125,2.0,2.125,1.6677419354838707,1.660850439882698,1.6470674486803516,1.6539589442815248,1.125,1.875,1.75,2.0,-1.4058651026392959,-1.6677419354838707,-1.6332844574780059,-1.6539589442815248,0.0,0.0,0.0,0.0,0.0,0.0,0.0,0.0,12.1589931640625
000011.0,0.046875,0.05810546875,2.5,2.5,2.25,2.375,1.6677419354838707,1.660850439882698,1.6470674486803516,1.6539589442815248,1.25,2.0,2.125,2.25,-1.4058651026392959,-1.6677419354838707,-1.6332844574780059,-1.6539589442815248,0.0,0.0,0.0,0.0,0.0,0.0,0.0,0.0,12.184123046875
00011.05,0.014892578125,0.02783203125,2.375,2.375,2.125,2.125,1.6884164222873899,1.7021994134897358,1.6815249266862171,1.6677419354838707,1.375,1.875,1.75,2.0,-1.4058651026392959,-1.695307917888563,-1.660850439882698,-1.6815249266862171,0.0,0.0,0.0,0.0,0.0,0.0,0.0,0.0,12.152710693359374
000011.1,0.008544921875,0.022216796875,1.75,2.125,1.5,2.25,0.0,0.7243401759530792,0.5128054740957967,0.0,1.375,1.75,1.875,2.375,0.0,-0.9137829912023462,-0.8952101661779082,-0.715542521994135,0.0,0.0,0.0,0.0,0.0,0.0,0.0,0.0,12.096168457031249
00011.15,0.00634765625,0.01025390625,0.125,0.625,0.5,0.375,0.0,0.0,0.0,0.0,0.0,0.5,0.5,0.625,0.0,0.0,0.0,0.0,0.0,0.0,0.0,0.0,0.0,0.0,0.0,0.0,12.253230224609375
000011.2,-0.002685546875,-0.0029296875,0.125,0.0,0.0,0.0,0.0,0.0,0.0,0.0,0.0,0.0,0.0,0.0,0.0,0.0,0.0,0.0,0.0,0.0,0.0,0.0,9.875,10.25,0.0,0.0,12.32233740234375
00011.25,-0.009765625,-0.01123046875,0.125,0.0,0.0,0.0,0.0,0.0,0.0,0.0,0.0,0.0,0.0,0.125,0.0,0.0,0.0,0.0,0.0,0.0,0.0,0.0,6.125,6.0,0.0,0.0,12.39772705078125
000011.3,-0.004150390625,-0.0068359375,0.125,0.0,0.0,0.0,0.0,0.0,0.0,0.0,0.0,0.0,0.0,0.125,0.0,0.0,0.0,0.0,0.0,0.0,0.0,0.0,0.0,4.0,0.0,0.0,12.372597167968749
00011.35,7.32421875E-4,-4.8828125E-4,0.125,0.0,0.0,0.0,0.0,0.0,0.0,0.0,0.0,0.0,0.0,0.125,0.0,0.0,0.0,0.0,0.0,0.0,0.0,0.0,4.125,4.5,0.0,0.0,12.4102919921875
000011.4,-0.001953125,-0.002197265625,0.125,0.0,0.0,0.0,0.0,0.0,0.0,0.0,0.0,0.0,0.0,0.125,0.0,0.0,0.0,0.0,0.0,0.0,0.0,0.0,0.0,3.5,0.0,0.0,12.429139404296874
00011.45,-0.004150390625,-0.002685546875,0.125,0.0,0.0,0.0,0.0,0.0,0.0,0.0,0.0,0.0,0.0,0.125,0.0,0.0,0.0,0.0,0.0,0.0,0.0,0.0,0.0,3.5,0.0,0.0,12.4605517578125
000011.5,-0.001708984375,-7.32421875E-4,0.125,0.0,0.0,0.0,0.0,0.0,0.0,0.0,0.0,0.0,0.0,0.125,0.0,0.0,0.0,0.0,0.0,0.0,0.0,0.0,0.0,0.0,0.0,0.0,12.44798681640625
00011.55,0.00146484375,-2.44140625E-4,0.125,0.0,0.0,0.0,0.0,0.0,0.0,0.0,0.0,0.0,0.0,0.125,0.0,0.0,0.0,0.0,0.0,0.0,0.0,0.0,0.0,0.0,0.0,0.0,12.4605517578125
000011.6,0.0029296875,7.32421875E-4,0.125,0.0,0.0,0.0,0.0,0.0,0.0,0.0,0.0,0.0,0.0,0.125,0.0,0.0,0.0,0.0,0.0,0.0,0.0,0.0,0.0,0.0,0.0,0.0,12.466834228515625
00011.65,-2.44140625E-4,2.44140625E-4,0.125,0.0,0.0,0.0,0.0,0.0,0.0,0.0,0.0,0.0,0.0,0.125,0.0,0.0,0.0,0.0,0.0,0.0,0.0,0.0,0.0,0.0,0.0,0.0,12.47311669921875
000011.7,-9.765625E-4,0.0,0.125,0.0,0.0,0.0,0.0,0.0,0.0,0.0,0.0,0.0,0.0,0.125,0.0,0.0,0.0,0.0,0.0,0.0,0.0,0.0,0.0,0.0,0.0,0.0,12.466834228515625
00011.75,0.0,0.0,0.125,0.0,0.0,0.0,0.0,0.0,0.0,0.0,0.0,0.0,0.0,0.125,0.0,0.0,0.0,0.0,0.0,0.0,0.0,0.0,0.0,0.0,0.0,0.0,12.4605517578125
000011.8,0.0,0.0,0.125,0.0,0.0,0.0,0.0,0.0,0.0,0.0,0.0,0.0,0.0,0.125,0.0,0.0,0.0,0.0,0.0,0.0,0.0,0.0,0.0,0.0,0.0,0.0,12.47311669921875
00011.85,0.0,0.0,0.125,0.0,0.0,0.0,0.0,0.0,0.0,0.0,0.0,0.0,0.0,0.125,0.0,0.0,0.0,0.0,0.0,0.0,0.0,0.0,0.0,0.0,0.0,0.0,12.485681640625
000011.9,0.0,0.0,0.125,0.0,0.0,0.0,0.0,0.0,0.0,0.0,0.0,0.0,0.0,0.125,0.0,0.0,0.0,0.0,0.0,0.0,0.0,0.0,0.0,0.0,0.0,0.0,12.479399169921875
00011.95,0.0,0.0,0.125,0.0,0.0,0.0,0.0,0.0,0.0,0.0,0.0,0.0,0.0,0.125,0.0,0.0,0.0,0.0,0.0,0.0,0.0,0.0,0.0,0.0,0.0,0.0,12.49824658203125
000012.0,0.0,0.0,0.125,0.0,0.0,0.0,0.0,0.0,0.0,0.0,0.0,0.0,0.0,0.125,0.0,0.0,0.0,0.0,0.0,0.0,0.0,0.0,0.0,0.0,0.0,0.0,12.49824658203125
00012.05,0.0,0.0,0.125,0.0,0.0,0.0,0.0,0.0,0.0,0.0,0.0,0.0,0.0,0.125,0.0,0.0,0.0,0.0,0.0,0.0,0.0,0.0,0.0,0.0,0.0,0.0,12.485681640625
000012.1,0.0,0.0,0.125,0.0,0.0,0.0,0.0,0.0,0.0,0.0,0.0,0.0,0.0,0.125,1.4865102639296188,0.6897360703812316,0.6787878787878788,0.7851417399804497,0.0,0.0,0.0,0.0,0.0,0.0,0.0,0.0,12.347467285156249
00012.15,0.0,0.0,2.375,1.25,1.375,1.25,-2.8574780058651026,-2.778103616813294,-2.7440860215053764,-2.732746823069404,2.625,1.5,1.625,1.875,2.517302052785924,2.766764418377322,2.721407624633431,2.7440860215053764,0.5,0.0,1.6929618768328445,1.1118279569892473,0.0,0.0,0.0,0.0,12.2343828125
000012.2,0.0,-0.003173828125,3.625,2.625,2.375,2.375,-2.766764418377322,-2.778103616813294,-2.7440860215053764,-2.732746823069404,2.75,2.5,2.5,2.75,2.517302052785924,2.766764418377322,2.721407624633431,2.7440860215053764,1.375,0.25,1.8769794721407627,1.8096774193548388,0.0,0.0,0.0,0.0,11.76947998046875
00012.25,-0.021484375,-0.0244140625,4.0,3.875,3.625,3.75,-2.766764418377322,-2.778103616813294,-2.7440860215053764,-2.732746823069404,4.0,4.0,4.625,4.625,2.3131964809384162,2.766764418377322,2.721407624633431,2.7440860215053764,1.25,1.0,1.7797653958944282,1.8096774193548388,0.0,0.0,0.0,0.0,11.901411865234374
000012.3,-0.079345703125,-0.077880859375,4.0,3.625,3.375,3.5,-2.766764418377322,-2.778103616813294,-2.7440860215053764,-2.732746823069404,3.25,3.5,3.875,3.875,2.3131964809384162,2.766764418377322,2.721407624633431,2.7440860215053764,1.375,1.25,1.7797653958944282,1.8096774193548388,0.0,0.0,0.0,0.0,11.983083984375
00012.35,-0.103271484375,-0.099853515625,4.0,3.625,3.375,3.625,-2.732746823069404,-2.7100684261974584,-2.698729227761486,-2.6760508308895408,3.0,3.125,3.5,3.625,2.3131964809384162,2.7100684261974584,2.6533724340175953,2.698729227761486,1.25,1.0,1.7797653958944282,1.7797653958944282,0.0,0.0,0.0,0.0,12.03334375
000012.4,-0.109375,-0.114990234375,3.25,3.125,2.875,3.0,-2.732746823069404,-2.7100684261974584,-2.698729227761486,-2.6760508308895408,2.5,2.75,3.0,3.125,2.3018572825024437,2.7100684261974584,2.6533724340175953,2.698729227761486,1.25,1.0,1.7797653958944282,1.7797653958944282,0.0,0.0,0.0,0.0,12.127580810546874
00012.45,-0.131103515625,-0.134521484375,2.625,2.375,2.375,2.25,-2.732746823069404,-2.7100684261974584,-2.698729227761486,-2.6760508308895408,1.875,2.125,2.25,2.375,2.3018572825024437,2.7100684261974584,2.6533724340175953,2.698729227761486,1.25,1.0,1.8021994134897363,1.7797653958944282,0.0,0.0,0.0,0.0,12.19668798828125
000012.5,-0.152587890625,-0.153564453125,2.25,1.875,2.125,1.875,-2.778103616813294,-2.766764418377322,-2.766764418377322,-2.755425219941349,1.625,1.875,2.0,2.125,2.3018572825024437,2.778103616813294,2.732746823069404,2.778103616813294,1.25,1.0,1.8021994134897363,1.8246334310850443,0.0,0.0,0.0,0.0,12.19668798828125
00012.55,-0.17236328125,-0.173095703125,2.125,1.75,1.625,1.75,-2.778103616813294,-2.766764418377322,-2.766764418377322,-2.755425219941349,1.5,1.5,1.625,1.875,2.392570869990225,2.778103616813294,2.732746823069404,2.778103616813294,1.25,1.0,1.8021994134897363,1.8246334310850443,0.0,0.0,0.0,0.0,12.2092529296875
000012.6,-0.19091796875,-0.1904296875,2.0,1.75,1.625,1.5,-2.778103616813294,-2.766764418377322,-2.766764418377322,-2.755425219941349,1.375,1.5,1.625,1.75,2.392570869990225,2.778103616813294,2.732746823069404,2.778103616813294,1.125,1.0,1.8246334310850443,1.8246334310850443,0.0,0.0,0.0,0.0,12.253230224609375
00012.65,-0.194580078125,-0.1962890625,1.875,1.625,1.375,1.375,-2.812121212121212,-2.8007820136852395,-2.789442815249267,-2.766764418377322,1.125,1.375,1.5,1.75,2.392570869990225,2.8007820136852395,2.755425219941349,2.778103616813294,1.125,1.0,1.8246334310850443,1.8321114369501468,0.0,0.0,0.0,0.0,12.284642578125
000012.7,-0.19921875,-0.198974609375,1.625,1.375,1.125,1.0,-2.812121212121212,-2.8007820136852395,-2.789442815249267,-2.766764418377322,0.75,1.125,1.25,1.375,2.392570869990225,2.8007820136852395,2.755425219941349,2.778103616813294,1.25,1.0,1.8246334310850443,1.8321114369501468,0.0,0.0,0.0,0.0,12.328619873046875
00012.75,-0.202392578125,-0.20361328125,1.375,1.125,1.0,0.875,-2.812121212121212,-2.8007820136852395,-2.789442815249267,-2.766764418377322,0.625,0.75,1.0,1.125,2.3358748778103617,2.8007820136852395,2.755425219941349,2.778103616813294,1.25,1.0,1.847067448680352,1.8321114369501468,0.0,0.0,0.0,0.0,12.32233740234375
000012.8,-0.2080078125,-0.212890625,1.375,1.0,0.75,0.625,-2.812121212121212,-2.823460410557185,-2.812121212121212,-2.789442815249267,0.625,0.75,0.875,1.125,2.3358748778103617,2.823460410557185,2.778103616813294,2.812121212121212,1.125,0.75,1.847067448680352,1.847067448680352,0.0,0.0,0.0,0.0,12.328619873046875
00012.85,-0.214111328125,-0.21923828125,1.125,1.0,0.75,0.625,-2.812121212121212,-2.823460410557185,-2.812121212121212,-2.789442815249267,0.5,0.75,0.875,1.125,2.3358748778103617,2.823460410557185,2.778103616813294,2.812121212121212,1.125,0.75,1.847067448680352,1.847067448680352,0.0,0.0,0.0,0.0,12.353749755859374
000012.9,-0.217041015625,-0.22021484375,1.125,1.0,0.75,0.625,-2.121212121212121,-2.434017595307918,-2.2303030303030305,-2.789442815249267,0.5,0.75,0.875,1.0,0.993646138807429,2.141935483870968,2.1075268817204305,2.036363636363636,1.125,0.75,1.847067448680352,1.847067448680352,0.0,0.0,0.0,0.0,12.57363623046875
00012.95,-0.21875,-0.21923828125,0.25,0.125,0.125,0.125,0.0,0.0,0.0,0.0,0.0,0.125,0.125,0.125,0.0,0.0,0.0,0.0,1.125,0.75,1.847067448680352,1.8844574780058652,0.0,0.0,0.0,0.0,12.54850634765625
000013.0,-0.216552734375,-0.21533203125,0.125,0.0,0.0,0.0,0.0,0.0,0.0,0.0,0.0,0.0,0.0,0.0,0.0,0.0,0.0,0.0,1.125,0.75,1.847067448680352,1.8844574780058652,0.0,0.0,0.0,0.0,12.54850634765625
00013.05,-0.19775390625,-0.18310546875,0.125,0.125,0.125,0.0,0.0,0.0,0.0,0.0,0.0,0.0,0.0,0.0,0.0,0.0,0.0,0.0,1.0,0.75,1.8769794721407627,1.8844574780058652,0.0,0.0,0.0,0.0,12.5610712890625
000013.1,-0.138916015625,-0.142578125,0.125,0.125,0.125,0.0,0.0,0.0,0.0,0.0,0.0,0.0,0.0,0.0,0.0,0.0,0.0,0.0,1.0,0.75,1.8769794721407627,1.8844574780058652,0.0,0.0,0.0,0.0,12.57363623046875
00013.15,-0.1162109375,-0.113037109375,0.125,0.125,0.125,0.0,0.0,0.0,0.0,0.0,0.0,0.0,0.0,0.0,0.0,0.0,0.0,0.0,1.125,0.75,1.8769794721407627,1.8844574780058652,0.0,0.0,0.0,0.0,12.567353759765625
000013.2,-0.105224609375,-0.096435546875,0.125,0.0,0.125,0.0,0.0,0.0,0.0,0.0,0.0,0.0,0.0,0.0,0.0,0.0,0.0,0.0,1.25,1.0,1.8769794721407627,1.8844574780058652,0.0,0.0,0.0,0.0,12.567353759765625
00013.25,-0.087158203125,-0.06982421875,0.125,0.0,0.0,0.0,0.0,0.0,0.0,0.0,0.0,0.0,0.0,0.0,0.0,0.0,0.0,0.0,1.125,1.0,1.8769794721407627,1.8844574780058652,0.0,0.0,0.0,0.0,12.579918701171875
000013.3,-0.0634765625,-0.048095703125,0.125,0.0,0.0,0.0,0.0,0.0,0.0,0.0,0.0,0.0,0.0,0.125,0.0,0.0,0.0,0.0,1.125,0.75,1.8769794721407627,1.8844574780058652,0.0,0.0,0.0,0.0,12.586201171875
00013.35,-0.036376953125,-0.031494140625,0.125,0.0,0.0,0.0,0.0,0.0,0.0,0.0,0.0,0.0,0.0,0.125,0.0,0.0,0.0,0.0,1.125,0.75,1.8769794721407627,1.8844574780058652,0.0,0.0,0.0,0.0,12.586201171875
000013.4,-0.0224609375,-0.01806640625,0.125,0.0,0.0,0.0,0.0,0.0,0.0,0.0,0.0,0.0,0.0,0.125,0.0,0.0,0.0,0.0,1.125,0.75,1.8769794721407627,1.8844574780058652,0.0,0.0,0.0,0.0,12.592483642578124
00013.45,-0.013916015625,-0.011962890625,0.125,0.0,0.0,0.0,0.0,0.0,0.0,0.0,0.0,0.0,0.0,0.125,0.0,0.0,0.0,0.0,1.125,0.75,1.8769794721407627,1.8844574780058652,0.0,0.0,0.0,0.0,12.586201171875
000013.5,-0.010986328125,-0.007080078125,0.125,0.0,0.0,0.0,0.0,0.0,0.0,0.0,0.0,0.0,0.0,0.125,0.0,0.0,0.0,0.0,1.125,0.75,1.8769794721407627,1.8844574780058652,0.0,0.0,0.0,0.0,12.586201171875
00013.55,-0.002197265625,-0.00244140625,0.125,0.0,0.0,0.0,0.0,0.0,0.0,0.0,0.0,0.0,0.0,0.125,0.0,0.0,0.0,0.0,1.125,0.75,1.8844574780058652,1.8844574780058652,0.0,0.0,0.0,0.0,12.586201171875
000013.6,0.001953125,0.001708984375,0.125,0.0,0.0,0.0,0.0,0.0,0.0,0.0,0.0,0.0,0.0,0.125,0.0,0.0,0.0,0.0,1.25,1.0,1.8844574780058652,1.8844574780058652,0.0,0.0,0.0,0.0,12.592483642578124
00013.65,0.003173828125,0.003662109375,0.125,0.0,0.0,0.0,0.0,0.0,0.0,0.0,0.0,0.0,0.0,0.125,0.0,0.0,0.0,0.0,1.25,1.0,1.8844574780058652,1.8844574780058652,0.0,0.0,0.0,0.0,12.586201171875
000013.7,0.00390625,0.00390625,0.125,0.0,0.0,0.0,0.0,0.0,0.0,0.0,0.0,0.0,0.0,0.125,0.0,0.0,0.0,0.0,1.25,1.0,1.8769794721407627,1.8844574780058652,0.0,0.0,0.0,0.0,12.57363623046875
00013.75,0.003173828125,0.00244140625,0.125,0.0,0.0,0.0,0.0,0.0,0.0,0.0,0.0,0.0,0.0,0.125,0.0,0.0,0.0,0.0,1.25,1.0,1.8769794721407627,1.8844574780058652,0.0,0.0,0.0,0.0,12.586201171875
000013.8,0.00244140625,9.765625E-4,0.125,0.0,0.0,0.0,0.0,0.0,0.0,0.0,0.0,0.0,0.0,0.125,0.0,0.0,0.0,0.0,1.25,1.0,1.8769794721407627,1.8844574780058652,0.0,0.0,0.0,0.0,12.579918701171875
00013.85,0.0,0.0,0.125,0.0,0.0,0.0,0.0,0.0,0.0,0.0,0.0,0.0,0.0,0.125,0.0,0.0,0.0,0.0,1.25,1.0,1.8769794721407627,1.8844574780058652,0.0,0.0,0.0,0.0,12.605048583984374
000013.9,-9.765625E-4,-4.8828125E-4,0.125,0.0,0.0,0.0,0.0,0.0,0.0,0.0,0.0,0.0,0.0,0.125,0.0,0.0,0.0,0.0,1.25,1.0,1.8769794721407627,1.8844574780058652,0.0,0.0,0.0,0.0,12.598766113281249
00013.95,-9.765625E-4,-7.32421875E-4,0.125,0.0,0.0,0.0,0.0,0.0,0.0,0.0,0.0,0.0,0.0,0.125,0.0,0.0,0.0,0.0,1.25,1.0,1.8769794721407627,1.8844574780058652,0.0,0.0,0.0,0.0,12.592483642578124
000014.0,0.0,0.0,0.125,0.0,0.0,0.0,0.0,0.0,0.0,0.0,0.0,0.0,0.0,0.125,0.0,0.0,0.0,0.0,1.25,1.25,1.8769794721407627,1.8844574780058652,0.0,0.0,0.0,0.0,12.598766113281249
00014.05,0.0,0.0,0.125,0.0,0.0,0.0,0.0,0.0,0.0,0.0,0.0,0.0,0.0,0.125,0.0,0.0,0.0,0.0,1.375,1.25,1.8769794721407627,1.8844574780058652,0.0,0.0,0.0,0.0,12.598766113281249
000014.1,0.0,0.0,0.125,0.0,0.0,0.0,0.0,0.0,0.0,0.0,0.0,0.0,0.0,0.125,0.0,0.0,0.0,0.0,1.375,1.25,1.8769794721407627,1.8844574780058652,0.0,0.0,0.0,0.0,12.586201171875
00014.15,0.0,0.0,0.125,0.0,0.0,0.0,0.0,0.0,0.0,0.0,0.0,0.0,0.0,0.125,0.0,0.0,0.0,0.0,1.25,1.25,1.8769794721407627,1.8844574780058652,0.0,0.0,0.0,0.0,12.605048583984374
000014.2,0.0,0.0,0.125,0.0,0.0,0.0,0.0,0.0,0.0,0.0,0.0,0.0,0.0,0.125,0.0,0.0,0.0,0.0,0.5,0.125,0.0,0.0,0.0,0.0,0.0,0.0,12.655308349609374
00014.25,0.0,0.0,0.125,0.0,0.0,0.0,0.0,0.0,0.0,0.0,0.0,0.0,0.0,0.125,0.0,0.0,0.0,0.0,0.0,0.0,0.0,0.0,0.0,0.0,0.0,0.0,12.649025878906249
000014.3,0.0,-2.44140625E-4,0.125,0.0,0.0,0.0,0.0,0.0,0.0,0.0,0.0,0.0,0.0,0.125,0.0,0.0,0.0,0.0,0.0,0.0,0.0,0.0,0.0,0.0,0.0,0.0,12.649025878906249
00014.35,2.44140625E-4,0.0,0.125,0.0,0.0,0.0,0.0,0.0,0.0,0.0,0.0,0.0,0.0,0.125,0.0,0.0,0.0,0.0,0.0,0.0,0.0,0.0,0.0,0.0,0.0,0.0,12.649025878906249
000014.4,7.32421875E-4,4.8828125E-4,0.125,0.0,0.0,0.0,0.0,0.0,0.0,0.0,0.0,0.0,0.0,0.125,0.0,0.0,0.0,0.0,0.0,0.0,0.0,0.0,0.0,0.0,0.0,0.0,12.667873291015624
00014.45,2.44140625E-4,4.8828125E-4,0.125,0.0,0.0,0.0,0.0,0.0,0.0,0.0,0.0,0.0,0.0,0.125,0.0,0.0,0.0,0.0,0.0,0.0,0.0,0.0,0.0,0.0,0.0,0.0,12.667873291015624
000014.5,-2.44140625E-4,0.0,0.125,0.0,0.0,0.0,0.0,0.0,0.0,0.0,0.0,0.0,0.0,0.125,0.0,0.0,0.0,0.0,0.0,0.0,0.0,0.0,0.0,0.0,0.0,0.0,12.655308349609374
00014.55,-2.44140625E-4,0.0,0.125,0.0,0.0,0.0,0.0,0.0,0.0,0.0,0.0,0.0,0.0,0.125,0.0,0.0,0.0,0.0,0.0,0.0,0.0,0.0,0.0,0.0,0.0,0.0,12.667873291015624
000014.6,0.0,0.0,0.125,0.0,0.0,0.0,0.0,0.0,0.0,0.0,0.0,0.0,0.0,0.125,0.0,0.0,0.0,0.0,0.0,0.0,0.0,0.0,0.0,0.0,0.0,0.0,12.67415576171875
00014.65,0.0,0.0,0.125,0.0,0.0,0.0,0.0,0.0,0.0,0.0,0.0,0.0,0.0,0.125,0.0,0.0,0.0,0.0,0.0,0.0,0.0,0.0,0.0,0.0,0.0,0.0,12.6615908203125
000014.7,0.0,0.0,0.125,0.0,0.0,0.0,0.0,0.0,0.0,0.0,0.0,0.0,0.0,0.125,0.0,0.0,0.0,0.0,0.0,0.0,0.0,0.0,0.0,0.0,0.0,0.0,12.67415576171875
00014.75,0.0,0.0,0.125,0.0,0.0,0.0,0.0,0.0,0.0,0.0,0.0,0.0,0.0,0.125,0.0,0.0,0.0,0.0,0.0,0.0,0.0,0.0,0.0,0.0,0.0,0.0,12.686720703125
000014.8,0.0,0.0,0.125,0.0,0.0,0.0,0.0,0.0,0.0,0.0,0.0,0.0,0.0,0.125,0.0,0.0,0.0,0.0,0.0,0.0,0.0,0.0,0.0,0.0,0.0,0.0,12.686720703125
00014.85,0.0,0.0,0.125,0.0,0.0,0.0,0.0,0.0,0.0,0.0,0.0,0.0,0.0,0.125,0.0,0.0,0.0,0.0,0.0,0.0,0.0,0.0,0.0,0.0,0.0,0.0,12.67415576171875
000014.9,0.0,0.0,0.125,0.0,0.0,0.0,0.0,0.0,0.0,0.0,0.0,0.0,0.0,0.125,0.0,0.0,0.0,0.0,0.0,0.0,0.0,0.0,0.0,0.0,0.0,0.0,12.67415576171875
00014.95,0.0,0.0,0.125,0.0,0.0,0.0,0.0,0.0,0.0,0.0,0.0,0.0,0.0,0.125,0.0,0.0,0.0,0.0,0.0,0.0,0.0,0.0,0.0,0.0,0.0,0.0,12.67415576171875
000015.0,0.0,0.0,0.125,0.0,0.0,0.0,0.0,0.0,0.0,0.0,0.0,0.0,0.0,0.125,0.0,0.0,0.0,0.0,0.0,0.0,0.0,0.0,0.0,0.0,0.0,0.0,12.667873291015624
