04.28.09.52,L-RPM,R-RPM,L1-AMP,L2-AMP,L3-AMP,L4-AMP,L1-V,L2-V,L3-V,L4-V,R1-AMP,R2-AMP,R3-AMP,R4-AMP,R1-V,R2-V,R3-V,R4-V,Elev_1-AMP,Elev_2-AMP,Elev_1-V,Elev_2-V,Intake_L-AMP,Intake_R-AMP,Climber_1-AMP,Climber_2-AMP,BATTERY
000000.2,0.0,0.0,0.0,0.0,0.0,0.0,0.0,0.0,0.0,0.0,0.0,0.0,0.0,0.0,0.0,0.0,0.0,0.0,0.0,0.0,0.0,0.0,0.0,0.0,0.0,0.0,12.67415576171875
00000.25,0.0,0.0,0.0,0.0,0.0,0.0,0.0,0.0,0.0,0.0,0.0,0.0,0.0,0.0,0.0,0.0,0.0,0.0,0.0,0.0,0.0,0.0,0.0,0.0,0.0,0.0,12.686720703125
000000.3,0.0,0.0,0.0,0.0,0.0,0.0,0.0,0.0,0.0,0.0,0.0,0.0,0.0,0.0,0.0,0.0,0.0,0.0,0.0,0.0,0.0,0.0,0.0,0.0,0.0,0.0,12.67415576171875
00000.35,0.0,0.0,0.0,0.0,0.0,0.0,0.0,0.0,0.0,0.0,0.0,0.0,0.0,0.0,0.0,0.0,0.0,0.0,0.0,0.0,0.0,0.0,0.0,0.0,0.0,0.0,12.680438232421874
000000.4,0.0,0.0,0.0,0.0,0.0,0.0,1.7266862170087975,0.7131964809384165,0.7104105571847508,0.7048387096774194,0.0,0.0,0.0,0.0,-1.0714565004887586,0.0,-0.8991202346041056,-1.0095307917888563,0.0,0.0,0.0,0.0,0.0,0.0,0.0,0.0,12.353749755859374
00000.45,0.0,0.0,4.25,1.875,1.5,1.75,3.5784946236559136,3.5784946236559136,3.5645161290322576,3.536559139784946,2.875,1.0,1.0,1.25,-3.1591397849462366,-3.5784946236559136,-3.5225806451612898,-3.5645161290322576,0.0,0.0,-1.7380254154447703,-1.0219941348973607,0.0,0.0,0.0,0.0,11.826022216796874
000000.5,7.32421875E-4,0.001953125,5.625,4.0,4.0,5.0,3.5784946236559136,3.5784946236559136,3.5645161290322576,3.536559139784946,5.375,5.25,5.5,4.875,-3.1591397849462366,-3.5784946236559136,-3.5225806451612898,-3.5645161290322576,0.75,0.0,-2.979472140762464,-2.268328445747801,0.0,0.0,0.0,0.0,11.66896044921875
00000.55,0.034423828125,0.034912109375,6.875,6.125,4.875,6.5,3.5784946236559136,3.5784946236559136,3.5645161290322576,3.536559139784946,5.375,5.625,5.875,5.375,-3.1591397849462366,-3.5784946236559136,-3.5225806451612898,-3.5645161290322576,3.0,1.625,-3.9726295210166183,-3.51466275659824,0.0,0.0,0.0,0.0,11.53074609375
000000.6,0.07080078125,0.0693359375,6.0,4.875,3.875,5.0,1.6926686217008797,2.6190615835777122,2.585483870967742,2.5407135874877813,3.75,4.75,4.875,4.75,-1.7243401759530794,-2.9722873900293254,-2.8957478005865105,-2.934017595307918,6.0,4.125,-3.8220918866080154,-4.064516129032259,0.0,0.0,0.0,0.0,12.077321044921874
00000.65,0.1005859375,0.10205078125,2.125,1.875,1.375,1.875,-2.012903225806452,-1.578299120234604,-1.5580645161290323,-1.6198435972629524,1.125,1.625,1.875,1.625,2.1554252199413493,1.3665689149560118,1.3313782991202348,1.3489736070381233,6.625,6.0,-2.9227761485826003,-3.0258064516129033,0.0,0.0,0.0,0.0,11.555875976562499
000000.7,0.110107421875,0.113525390625,5.0,2.25,2.375,2.5,-3.2709677419354835,-3.2709677419354835,-3.229032258064516,-3.1731182795698927,5.375,3.625,3.375,3.75,2.739784946236559,3.256989247311828,3.1731182795698927,3.21505376344086,2.375,3.125,-1.573802541544477,-1.7161290322580647,0.0,0.0,0.0,0.0,11.134950439453124
00000.75,0.089599609375,0.098876953125,8.5,8.25,7.25,8.625,-3.1731182795698927,-3.1731182795698927,-3.1311827956989244,-3.117204301075269,8.125,7.625,8.25,8.375,2.725806451612903,3.1731182795698927,3.089247311827957,3.1311827956989244,0.75,1.125,-0.6480938416422288,-1.029130009775171,0.0,0.0,0.0,0.0,11.273164794921875
000000.8,0.00732421875,0.009521484375,8.625,7.75,7.0,7.875,-3.1731182795698927,-3.1731182795698927,-3.1311827956989244,-3.117204301075269,6.875,6.875,7.375,7.625,2.725806451612903,3.1731182795698927,3.089247311827957,3.1311827956989244,0.0,0.0,0.0,0.0,0.0,0.0,0.0,0.0,11.5056162109375
00000.85,-0.02783203125,-0.037841796875,7.0,6.625,6.0,6.625,-1.642033235581623,-2.5407135874877813,-2.50713587487781,-2.4959433040078203,5.875,6.125,6.625,5.625,0.0,2.185679374389052,2.1279081133919844,2.069208211143695,0.0,0.0,0.0,0.0,0.0,0.0,0.0,0.0,12.353749755859374
000000.9,-0.060302734375,-0.06787109375,1.375,1.75,1.375,1.375,1.890909090909091,0.7726295210166177,0.7663734115347018,0.763245356793744,1.375,2.0,2.0,2.25,-1.512805474095797,-1.5269794721407626,-1.5021505376344086,-1.6165689149560116,0.0,0.0,0.0,0.0,0.0,0.0,0.0,0.0,12.215535400390625
00000.95,-0.084228515625,-0.087890625,2.0,1.75,2.0,1.75,2.6060606060606064,2.704203323558162,2.6823069403714563,2.6713587487781036,4.875,4.0,4.0,4.125,-2.3624633431085047,-4.136070381231671,-4.068817204301075,-4.119257086999022,0.0,0.0,0.0,0.0,0.0,0.0,0.0,0.0,11.51818115234375
000001.0,-0.09033203125,-0.08349609375,4.0,3.875,3.75,4.0,3.2727272727272725,3.1508797653958944,3.2211632453567938,3.208015640273705,8.75,7.5,8.375,8.0,-3.8441837732160318,-4.184164222873901,-4.210752688172043,-4.26295210166178,0.0,0.0,0.0,0.0,0.0,0.0,0.0,0.0,10.94019384765625
00001.05,-0.044677734375,-0.041015625,8.125,6.5,5.875,6.625,3.2728739002932556,3.4441837732160314,3.3669599217986317,3.336070381231672,9.5,10.125,11.125,10.375,-3.555376344086022,-4.163782991202345,-4.0306940371456506,-4.106744868035191,0.0,0.0,0.0,0.0,0.0,0.0,0.0,0.0,11.323424560546874
000001.1,0.014892578125,0.0595703125,6.25,5.875,5.125,6.0,3.488905180840665,3.433284457478006,3.3563049853372435,3.3255131964809386,8.375,9.0,9.875,9.0,-3.9301075268817214,-3.6928152492668618,-3.5747800586510268,-3.6422287390029324,0.0,0.0,0.0,0.0,0.0,0.0,0.0,0.0,11.097255615234374
00001.15,0.0791015625,0.109130859375,7.75,7.5,6.625,7.625,4.234213098729228,4.109042033235582,4.176735092864125,3.9800586510263933,9.25,7.5,8.5,7.875,-4.195161290322581,-4.549120234604105,-4.403714565004888,-4.666275659824048,0.0,0.0,0.0,0.0,0.0,0.0,0.0,0.0,10.96532373046875
000001.2,0.12353515625,0.14990234375,10.0,10.0,8.625,9.75,4.956989247311828,4.890615835777126,4.866862170087977,4.776735092864126,7.625,11.375,12.0,11.375,-4.131182795698925,-4.771847507331379,-4.756011730205279,-4.749755620723363,0.0,0.0,0.0,0.0,0.0,0.0,0.0,0.0,11.072125732421874
00001.25,0.1533203125,0.184326171875,9.5,10.25,8.75,9.875,4.698924731182796,4.890615835777126,4.84574780058651,4.756011730205279,6.125,9.875,10.375,9.625,-4.336754643206256,-4.687390029325513,-4.6005865102639305,-4.907380254154448,0.0,0.0,0.0,0.0,0.0,0.0,0.0,0.0,11.386249267578124
000001.3,0.206787109375,0.256103515625,7.0,8.75,7.5,8.375,4.0,4.027565982404692,3.990615835777126,3.916715542521995,4.25,8.125,8.5,8.125,-2.2287390029325516,-4.866862170087977,-4.776735092864126,-4.844330400782013,0.0,0.0,0.0,0.0,0.0,0.0,0.0,0.0,11.606135742187499
00001.35,0.251220703125,0.28759765625,4.125,4.25,3.75,3.875,0.8817204301075269,3.5261485826001957,3.511143695014663,2.834799608993158,3.875,6.75,7.0,6.5,-4.782502443792766,-3.33088954056696,-3.260019550342131,-3.1976539589442816,0.0,0.0,0.0,0.0,0.0,0.0,0.0,0.0,11.9579541015625
000001.4,0.278076171875,0.30517578125,0.75,1.5,1.5,1.375,-0.4593841642228739,2.2282502443792764,2.218768328445748,2.1998044965786905,6.375,5.5,5.25,5.125,-5.638318670576735,-6.432062561094819,-6.295210166177908,-6.349951124144673,0.0,0.0,0.0,0.0,0.0,0.0,0.0,0.0,11.712937744140625
00001.45,0.274169921875,0.3232421875,0.625,0.0,0.0,0.0,-2.4618279569892474,0.0,0.0,0.0,6.25,7.625,8.25,7.875,-5.5074291300097755,-5.214565004887586,-5.305962854349951,-5.2613880742913,0.0,0.0,0.0,0.0,0.0,0.0,0.0,0.0,11.574723388671874
000001.5,0.268798828125,0.348388671875,1.5,0.25,0.25,0.125,-2.3675953079178886,-0.9188660801564027,-0.9149560117302052,-0.9071358748778104,6.125,6.625,7.375,6.75,-5.2959921798631475,-6.0415444770283475,-5.913000977517107,-5.9644183773216035,0.0,0.0,0.0,0.0,0.0,0.0,0.0,0.0,11.73178515625
00001.55,0.259521484375,0.375244140625,3.25,2.5,2.375,2.5,-2.0495601173020526,-1.9985337243401757,-1.981524926686217,-1.9560117302052784,2.625,6.625,7.25,6.875,-4.067644183773216,-4.426099706744868,-4.350439882697947,-4.459677419354839,0.0,0.0,0.0,0.0,0.0,0.0,0.0,0.0,11.74435009765625
000001.6,0.179931640625,0.393310546875,7.125,5.875,5.25,5.75,-2.7103616813294233,-2.664711632453568,-2.6420332355816227,-2.6080156402737047,0.0,1.75,1.75,1.75,-2.3732160312805473,-2.859237536656891,-2.8103616813294234,-2.732258064516129,0.0,0.0,0.0,0.0,0.0,0.0,0.0,0.0,11.913976806640624
00001.65,0.081787109375,0.361328125,6.75,6.5,5.75,6.5,-2.471212121212121,-2.607282502443793,-2.585092864125122,-2.5518084066471163,0.0,0.0,0.0,0.125,0.603030303030303,-2.20733137829912,-2.1695992179863146,-2.1790322580645163,0.0,0.0,0.0,0.0,0.0,0.0,0.0,0.0,11.976801513671875
000001.7,0.036865234375,0.332275390625,5.375,5.25,4.375,5.0,-1.9473607038123166,-2.355816226783969,-2.326490713587488,-2.212463343108505,0.0,0.0,0.0,0.0,-0.7294721407624634,-0.8834310850439884,-0.8687683284457479,-0.8834310850439884,0.0,0.0,0.0,0.0,0.0,0.0,0.0,0.0,12.140145751953124
00001.75,-0.00341796875,0.306396484375,3.5,3.5,3.25,3.375,-1.9997556207233627,-2.0495601173020526,-2.0240469208211143,-2.015542521994135,0.0,0.0,0.0,0.0,0.6589442815249267,0.5771749755620723,0.5675953079178886,0.6714076246334311,0.0,0.0,0.0,0.0,0.0,0.0,0.0,0.0,12.190405517578125
000001.8,-0.031982421875,0.239013671875,2.5,2.875,2.625,2.75,-1.6644672531769305,-1.6372922776148582,-1.616911045943304,-1.610117302052786,0.0,0.0,0.25,0.5,0.0,0.0,0.0,0.0,0.0,0.0,0.0,0.0,0.0,0.0,0.0,0.0,12.24694775390625
00001.85,-0.034912109375,0.14404296875,2.0,1.75,1.5,1.5,-1.4848484848484849,-1.5030303030303032,-1.478787878787879,-1.478787878787879,0.0,0.0,0.0,0.0,0.0,0.0,0.0,0.0,0.0,0.0,0.0,0.0,0.0,0.0,0.0,0.0,12.360032226562499
000001.9,-0.025146484375,0.115478515625,1.0,0.75,0.75,0.625,-0.647605083088954,-0.8727272727272727,-0.8586510263929619,-0.8586510263929619,0.0,0.0,0.0,0.125,0.0,0.0,0.0,0.0,0.0,0.0,0.0,0.0,0.0,0.0,0.0,0.0,12.416574462890624
00001.95,-0.02734375,0.10400390625,0.375,0.25,0.25,0.0,-0.5009775171065494,-0.8121212121212121,-0.7990224828934507,-0.7990224828934507,0.0,0.0,0.125,0.25,1.006158357771261,1.309090909090909,1.287976539589443,1.3038123167155424,0.0,0.0,0.0,0.0,0.0,0.0,0.0,0.0,12.334902343749999
000002.0,-0.033447265625,0.035400390625,0.0,0.0,0.0,0.0,0.0,0.0,0.0,0.0,0.0,0.375,0.5,0.5,0.0,0.0,0.0,0.0,0.0,0.0,0.0,0.0,0.0,0.0,0.0,0.0,12.4605517578125
00002.05,-0.025634765625,0.007568359375,0.0,0.0,0.0,0.0,0.0,0.0,0.0,0.0,0.0,0.0,0.0,0.0,-0.9331378299120235,-1.0466275659824047,-1.0298142717497556,-1.0424242424242425,0.375,0.0,-2.278787878787879,-0.9939393939393939,0.0,0.0,0.0,0.0,12.378879638671874
00002.15,-0.016845703125,-0.01611328125,0.0,0.0,0.0,0.0,1.1577712609970674,0.9857771260997068,0.9818181818181818,0.9778592375366568,0.0,0.375,0.5,0.625,-2.7668621700879767,-2.567888563049854,-2.5266373411534704,-2.5575757575757576,1.125,0.0,-1.0666666666666669,-1.2121212121212122,0.0,0.0,0.0,0.0,12.02077880859375
000002.2,-0.01171875,-0.021484375,0.75,0.25,0.25,0.125,1.933724340175953,1.903030303030303,1.8876832844574782,1.8800097751710656,3.125,4.375,4.75,4.5,-3.2985337243401767,-3.271603128054741,-3.2186217008797655,-3.340909090909091,0.25,0.0,0.0,0.0,0.0,0.0,0.0,0.0,11.631265625
00002.25,-0.00927734375,0.00341796875,1.875,1.875,1.875,1.875,2.6049364613880743,2.703030303030303,2.6812316715542526,2.670332355816227,5.625,7.0,7.5,7.125,-3.370087976539589,-3.1870967741935483,-3.7412023460410557,-3.7719941348973607,0.0,0.0,0.0,0.0,0.0,0.0,0.0,0.0,11.474203857421875
000002.3,0.015625,0.0439453125,5.125,4.25,3.75,4.0,2.8268817204301073,3.2606060606060607,3.24633431085044,3.328934506353861,6.25,6.875,7.25,7.0,-3.709090909090909,-4.406402737047898,-4.418181818181819,-4.454545454545455,0.0,0.0,0.0,0.0,0.0,0.0,0.0,0.0,11.436509033203125
00002.35,0.043701171875,0.08447265625,6.5,5.25,4.75,5.0,4.076783968719452,2.9452590420332356,2.9956011730205283,2.969208211143695,6.125,8.375,8.625,8.375,-2.6322580645161286,-3.7483870967741937,-3.634799608993157,-3.6510263929618767,0.0,0.0,0.0,0.0,0.0,0.0,0.0,0.0,11.3548369140625
000002.4,0.087158203125,0.131103515625,8.125,5.0,4.625,4.75,4.357184750733138,3.732160312805474,4.3380742913000985,4.2998533724340176,6.375,7.375,7.75,7.625,-3.774389051808407,-4.425806451612903,-4.29169110459433,-4.310850439882698,0.0,0.0,0.0,0.0,0.0,0.0,0.0,0.0,11.317142089843749
00002.45,0.120849609375,0.162841796875,8.75,7.25,6.5,6.875,4.847507331378299,4.755131964809385,4.693108504398828,4.651759530791789,5.125,6.5,6.625,6.375,-3.678103616813295,-4.312903225806452,-4.182209188660801,-4.200879765395895,0.0,0.0,0.0,0.0,0.0,0.0,0.0,0.0,11.41766162109375
000002.5,0.173828125,0.19775390625,8.375,9.125,7.75,8.625,4.97008797653959,4.9482893450635395,4.904692082111437,4.839296187683285,2.5,5.75,5.75,5.375,-1.7523949169110462,-4.0163245356793755,-3.9455522971652006,-3.9699413489736073,0.0,0.0,0.0,0.0,0.0,0.0,0.0,0.0,11.606135742187499
00002.55,0.214111328125,0.240966796875,7.375,8.125,7.25,7.875,4.933870967741936,4.848435972629522,4.805718475073314,4.741642228739003,3.125,4.125,4.375,4.375,-2.445650048875856,-4.537781036168133,-4.545014662756599,-4.585777126099707,0.0,0.0,0.0,0.0,0.0,0.0,0.0,0.0,11.486768798828125
000002.6,0.273193359375,0.251708984375,6.0,6.25,5.625,5.875,2.946774193548387,4.582160312805474,4.7837243401759535,4.568035190615837,4.75,4.125,4.5,4.625,-2.631818181818182,-5.314418377321603,-4.599511241446725,-4.552785923753666,0.0,0.0,0.0,0.0,0.0,0.0,0.0,0.0,11.2543173828125
00002.65,0.291015625,0.26513671875,7.25,5.25,5.25,5.5,5.633870967741936,4.891153470185728,4.75967741935484,4.738709677419355,4.25,8.25,8.25,7.875,-2.3393939393939394,-5.482697947214077,-5.386510263929619,-5.335190615835778,0.0,0.0,-0.48602150537634414,0.0,0.0,0.0,0.0,0.0,11.323424560546874
000002.7,0.310791015625,0.318359375,7.375,6.625,6.0,6.125,5.84208211143695,5.741788856304985,5.691642228739004,5.666568914956012,4.875,5.75,5.625,5.25,-5.122140762463343,-6.028739002932551,-5.922971652003909,-5.997947214076246,0.625,0.0,-3.1370478983382206,-1.2926686217008798,0.0,0.0,0.0,0.0,11.122385498046874
00002.75,0.35302734375,0.35009765625,7.875,8.875,7.375,8.375,6.297605083088953,6.223069403714564,6.1687194525904205,6.141544477028348,4.25,7.5,7.25,6.75,-2.6559139784946235,-6.117888563049854,-6.010557184750732,-5.964809384164223,6.75,0.5,-4.904398826979472,-2.6299120234604105,0.0,0.0,0.0,0.0,10.921346435546875
00002.85,0.37744140625,0.377685546875,7.875,9.5,8.25,9.0,3.0747800586510263,5.698924731182796,5.595307917888563,5.4853372434017595,5.5,6.625,7.25,7.0,-6.110459433040078,-7.0,-6.91446725317693,-7.010948191593353,22.375,3.25,-6.719648093841642,-3.7931573802541547,0.0,0.0,0.0,0.0,10.305664306640624
000002.9,0.411376953125,0.39892578125,7.625,7.75,6.875,7.25,3.5239491691104594,7.064516129032258,6.682697947214077,6.557184750733138,6.375,10.875,10.5,10.0,-5.649266862170089,-6.236559139784947,-6.094819159335289,-6.169208211143696,38.375,6.5,-8.036070381231672,-5.071749755620723,0.0,0.0,0.0,0.0,9.90986865234375
00002.95,0.4326171875,0.427734375,8.625,10.0,8.25,8.75,6.695503421309873,6.417399804496579,6.181524926686218,6.226783968719453,2.875,6.75,6.0,5.5,-2.2613880742913004,-6.03030303030303,-5.832844574780059,-5.942766373411534,47.875,12.25,-8.036070381231672,-6.380449657869012,0.0,0.0,0.0,0.0,10.016670654296874
00003.05,0.454833984375,0.44482421875,8.125,8.75,7.375,7.75,2.8896383186705767,6.081720430107528,5.777126099706746,5.824437927663735,1.5,5.875,5.0,4.75,-4.077223851417401,-4.454643206256109,-4.593841642228739,-4.697800586510263,39.75,20.5,-7.556304985337243,-7.35307917888563,0.0,0.0,0.0,0.0,10.230274658203125
000003.1,0.4814453125,0.42529296875,4.375,6.125,5.125,5.375,2.094281524926686,5.489345063538613,5.276441837732161,5.249657869012708,0.0,1.75,1.375,1.375,-2.976539589442815,-3.4820136852394916,-3.4120234604105573,-3.3944770283479957,37.5,27.375,-7.556304985337243,-7.956109481915933,0.0,0.0,0.0,0.0,10.6260703125
00003.15,0.497314453125,0.421630859375,1.75,2.5,1.75,1.75,4.370674486803519,4.936852394916911,4.913782991202346,4.8676441837732165,0.0,0.0,0.0,0.0,-0.8724340175953079,-0.8576735092864124,-1.0106549364613882,-1.0354838709677419,32.875,34.5,-7.556304985337243,-8.195992179863147,0.0,0.0,0.0,0.0,11.16636279296875
000003.2,0.487548828125,0.40673828125,0.0,0.375,0.25,0.125,3.565982404692082,3.4202346041055716,3.4042521994134898,3.300097751710655,2.0,0.0,0.0,0.125,1.4455034213098727,-0.49159335288367545,-0.4847018572825025,-0.49159335288367545,33.25,22.375,-8.395894428152491,-8.195992179863147,0.0,0.0,0.0,0.0,11.26688232421875
00003.25,0.470703125,0.364013671875,0.0,0.0,0.0,0.0,-1.192375366568915,1.5793743890518084,1.5719941348973607,1.6397360703812318,2.125,0.0,0.25,0.25,1.1129032258064517,-0.5036656891495601,-0.49266862170087977,-0.501466275659824,34.875,15.625,-8.395894428152491,-8.195992179863147,0.0,0.0,0.0,0.0,11.361119384765624
000003.3,0.42822265625,0.268798828125,0.125,0.0,0.0,0.0,-1.2480938416422287,1.4709677419354839,1.4645161290322581,1.3696969696969699,0.5,0.0,0.125,0.25,-0.6290322580645161,-0.7275171065493645,-0.7116324535679374,-0.7243401759530792,31.25,16.5,-7.585043988269795,-8.287781036168132,0.0,0.0,0.0,0.0,11.398814208984374
000003.4,0.368408203125,0.20654296875,0.5,0.0,0.0,0.0,0.9565982404692082,1.103225806451613,0.9319648093841643,0.9609970674486803,0.0,0.0,0.0,0.125,-0.3831378299120235,-0.5708211143695014,-0.47077223851417394,-0.46803519061583576,23.375,20.0,-7.335288367546431,-7.44477028347996,0.0,0.0,0.0,0.0,11.524463623046875
00003.45,0.299560546875,0.175048828125,0.75,0.0,0.0,0.0,0.5124633431085045,0.5124633431085045,0.5102639296187684,0.5080645161290324,0.0,0.0,0.0,0.0,0.0,0.0,0.0,0.0,19.5,18.75,-6.360899315738026,-6.605474095796677,0.0,0.0,0.0,0.0,11.606135742187499
000003.5,0.251953125,0.144287109375,0.25,0.0,0.0,0.0,0.4896871945259042,0.0,0.0,0.0,0.0,0.0,0.125,0.0,0.4912023460410557,0.0,0.0,0.0,13.75,14.0,-5.7696969696969695,-5.9758553274682304,0.0,0.0,0.0,0.0,11.7569150390625
00003.55,0.1953125,0.110595703125,0.125,0.0,0.0,0.0,0.0,0.5921798631476051,0.5896383186705768,0.5870967741935483,0.0,0.0,0.0,0.125,0.0,0.6976539589442815,0.6857282502443793,0.6916911045943305,10.875,11.25,-5.22741935483871,-5.202639296187684,0.0,0.0,0.0,0.0,11.901411865234374
000003.6,0.134765625,0.084716796875,0.0,0.0,0.0,0.0,0.663049853372434,0.6451612903225806,0.6397849462365591,0.6370967741935485,0.0,0.0,0.125,0.25,1.0419354838709676,1.4545454545454546,1.4303030303030304,1.4484848484848485,9.0,9.125,-4.730645161290323,-4.9088954056695995,0.0,0.0,0.0,0.0,11.851152099609374
00003.65,0.10107421875,0.0615234375,0.0,0.0,0.0,0.0,0.5932551319648094,0.5982404692082111,0.5932551319648094,0.5907624633431086,1.0,1.125,1.375,1.375,1.30752688172043,1.4780058651026393,1.4533724340175953,1.4718475073313781,7.875,7.125,-4.256451612903226,-4.4668621700879765,0.0,0.0,0.0,0.0,11.876281982421874
000003.7,0.081787109375,0.04296875,0.0,0.0,0.0,0.0,0.0,0.0,0.0,0.0,1.375,1.5,1.625,1.75,1.2182795698924733,1.4193548387096775,1.3956989247311828,1.4134408602150537,7.375,6.375,-4.077468230694038,-4.129521016617791,0.0,0.0,0.0,0.0,11.882564453125
000003.8,0.051513671875,0.009765625,0.0,0.0,0.0,0.0,0.0,0.0,0.0,0.0,1.0,1.0,1.125,1.25,0.0,0.9384164222873901,0.8269794721407624,0.8375366568914956,7.125,6.75,-3.790322580645161,-3.941348973607038,0.0,0.0,0.0,0.0,11.976801513671875
00003.85,0.0322265625,-0.00537109375,0.0,0.0,0.0,0.0,0.0,0.0,0.0,0.0,0.0,0.125,0.25,0.375,0.0,0.0,0.0,0.0,7.125,6.625,-3.663978494623656,-3.7536656891495603,0.0,0.0,0.0,0.0,12.052191162109375
000003.9,0.001708984375,-0.005126953125,0.0,0.0,0.0,0.0,0.0,0.0,0.0,0.0,0.0,0.0,0.0,0.0,0.0,0.0,0.0,0.0,6.625,6.125,-3.544574780058652,-3.5894428152492672,0.0,0.0,0.0,0.0,12.014496337890625
00003.95,-0.006103515625,-0.001953125,0.0,0.0,0.0,0.0,0.0,0.0,0.0,0.0,0.0,0.0,0.0,0.0,0.0,0.0,0.0,0.0,6.5,6.0,-3.417155425219942,-3.5073313782991207,0.0,0.0,0.0,0.0,12.04590869140625
000004.0,-0.009521484375,-0.002685546875,0.0,0.0,0.0,0.0,0.0,0.0,0.0,0.0,0.0,0.0,0.0,0.0,0.0,0.0,0.0,0.0,6.125,5.5,-3.289736070381232,-3.3431085043988267,0.0,0.0,0.0,0.0,12.071038574218749
00004.05,-0.00927734375,-0.005126953125,0.0,0.0,0.0,0.0,0.0,0.0,0.0,0.0,0.0,0.0,0.0,0.0,0.0,0.0,0.0,0.0,5.75,5.5,-3.197067448680352,-3.3079178885630496,0.0,0.0,0.0,0.0,12.071038574218749
000004.1,-0.007568359375,-0.006103515625,0.0,0.0,0.0,0.0,0.0,0.0,0.0,0.0,0.0,0.0,0.0,0.0,0.0,0.0,0.0,0.0,5.75,5.25,-2.6638318670576737,-2.9912023460410557,0.0,0.0,0.0,0.0,12.13386328125
00004.15,-0.00390625,-0.00390625,2.5,1.0,1.0,0.875,2.766764418377322,2.766764418377322,2.755425219941349,2.7440860215053764,1.375,0.125,1.375,1.375,-2.449266862170088,-2.766764418377322,-2.732746823069404,-2.755425219941349,2.125,3.125,-1.267937438905181,-1.5835777126099706,0.0,0.0,0.0,0.0,11.9579541015625
000004.2,-7.32421875E-4,-2.44140625E-4,3.5,3.125,2.625,2.875,2.721407624633431,2.766764418377322,2.755425219941349,2.7440860215053764,2.125,2.5,2.375,2.375,-2.3245356793743888,-2.766764418377322,-2.732746823069404,-2.755425219941349,0.5,1.125,0.0,-0.6451612903225806,0.0,0.0,0.0,0.0,11.631265625
00004.25,0.02685546875,0.0224609375,4.5,4.0,3.5,3.875,2.721407624633431,2.6760508308895408,2.6533724340175953,2.63069403714565,2.875,3.25,3.625,3.5,-2.3245356793743888,-2.664711632453568,-2.6080156402737047,-2.6533724340175953,0.0,0.0,0.0,0.0,0.0,0.0,0.0,0.0,11.844869628906249
000004.3,0.05908203125,0.057373046875,3.75,3.25,3.0,3.125,2.721407624633431,2.6760508308895408,2.6533724340175953,2.63069403714565,2.5,3.0,3.25,3.125,-2.3245356793743888,-2.664711632453568,-2.6080156402737047,-2.6533724340175953,0.0,0.0,0.0,0.0,0.0,0.0,0.0,0.0,11.782044921875
00004.35,0.0888671875,0.09130859375,3.75,3.25,2.875,3.125,2.721407624633431,2.6760508308895408,2.6533724340175953,2.63069403714565,2.625,3.25,3.5,3.375,-2.3245356793743888,-2.664711632453568,-2.6080156402737047,-2.6533724340175953,0.0,0.0,0.0,0.0,0.0,0.0,0.0,0.0,11.851152099609374
000004.4,0.10498046875,0.10595703125,3.25,2.625,2.5,2.5,2.721407624633431,2.721407624633431,2.698729227761486,2.6873900293255133,2.125,2.75,2.875,2.875,-2.256500488758553,-2.698729227761486,-2.664711632453568,-2.698729227761486,0.0,0.0,0.0,0.0,0.0,0.0,0.0,0.0,11.97051904296875
00004.45,0.1181640625,0.11767578125,2.875,2.5,2.25,2.125,2.721407624633431,2.721407624633431,2.698729227761486,2.6873900293255133,1.625,2.125,2.0,2.0,-2.256500488758553,-2.698729227761486,-2.664711632453568,-2.698729227761486,0.0,0.0,0.0,0.0,0.0,0.0,0.0,0.0,12.04590869140625
000004.5,0.139404296875,0.1396484375,2.5,1.875,2.0,1.75,2.721407624633431,2.721407624633431,2.698729227761486,2.6873900293255133,1.25,1.75,1.625,1.875,-2.256500488758553,-2.698729227761486,-2.664711632453568,-2.698729227761486,0.0,0.0,0.0,0.0,0.0,0.0,0.0,0.0,12.077321044921874
00004.55,0.164306640625,0.161376953125,2.0,1.75,1.75,1.375,2.7440860215053764,2.721407624633431,2.698729227761486,2.6873900293255133,1.25,1.75,1.625,1.875,-2.3698924731182793,-2.698729227761486,-2.664711632453568,-2.698729227761486,0.0,0.0,0.0,0.0,0.0,0.0,0.0,0.0,12.0584736328125
000004.6,0.170166015625,0.173828125,2.0,1.625,1.5,1.375,3.3827956989247308,2.755425219941349,2.7440860215053764,2.721407624633431,1.25,1.75,1.75,1.875,-2.9215053763440855,-2.945161290322581,-3.002101661779081,-3.039784946236559,0.0,0.0,0.0,0.0,0.0,0.0,0.0,0.0,11.838587158203124
00004.65,0.174072265625,0.173583984375,3.25,2.25,2.5,2.125,3.3827956989247308,3.396774193548387,3.3827956989247308,3.354838709677419,2.5,2.5,2.5,2.625,-2.9215053763440855,-3.3827956989247308,-3.340860215053763,-3.3827956989247308,0.0,0.0,0.0,0.0,0.0,0.0,0.0,0.0,11.53074609375
000004.7,0.178955078125,0.172607421875,3.625,3.125,2.75,2.75,3.3129032258064517,3.396774193548387,3.3827956989247308,3.354838709677419,4.25,5.75,6.0,5.875,-2.6978494623655913,-3.3827956989247308,-3.340860215053763,-3.3827956989247308,0.0,0.0,0.0,0.0,0.0,0.0,0.0,0.0,11.36740185546875
00004.75,0.19140625,0.1298828125,3.5,3.0,2.75,2.75,3.3129032258064517,3.201075268817204,3.1870967741935483,3.1591397849462366,7.0,7.5,8.0,7.5,-2.6978494623655913,-3.1591397849462366,-3.117204301075269,-3.1591397849462366,0.0,0.0,0.0,0.0,0.0,0.0,0.0,0.0,11.54331103515625
000004.8,0.19140625,0.080810546875,4.5,3.75,3.375,3.5,3.3129032258064517,3.201075268817204,3.1870967741935483,3.1591397849462366,5.875,5.375,5.5,5.375,-2.6978494623655913,-3.1591397849462366,-3.117204301075269,-3.1591397849462366,0.0,0.0,0.0,0.0,0.0,0.0,0.0,0.0,11.7569150390625
00004.85,0.164306640625,0.0947265625,5.25,5.0,4.375,4.875,3.2989247311827956,3.201075268817204,3.1870967741935483,3.1591397849462366,2.25,3.0,2.875,3.0,-2.8376344086021503,-3.1591397849462366,-3.117204301075269,-3.1591397849462366,0.0,0.0,0.0,0.0,0.0,0.0,0.0,0.0,11.361119384765624
000004.9,0.146240234375,0.161376953125,5.75,5.25,4.5,5.0,3.2989247311827956,3.1591397849462366,3.1731182795698927,3.1311827956989244,4.5,5.75,5.875,6.0,-2.8376344086021503,-3.1591397849462366,-3.103225806451613,-3.1731182795698927,0.0,0.0,0.0,0.0,0.0,0.0,0.0,0.0,11.317142089843749
00004.95,0.12353515625,0.15185546875,5.625,5.0,4.375,5.0,3.2989247311827956,3.1591397849462366,3.1731182795698927,3.1311827956989244,5.375,6.125,6.375,6.25,-2.8376344086021503,-3.1591397849462366,-3.103225806451613,-3.1731182795698927,0.0,0.0,0.0,0.0,0.0,0.0,0.0,0.0,11.292012207031249
000005.0,0.109619140625,0.0947265625,6.375,6.125,5.375,6.125,3.1591397849462366,3.1591397849462366,3.1731182795698927,3.1311827956989244,5.375,6.375,6.75,6.5,-2.8376344086021503,-3.1591397849462366,-3.103225806451613,-3.1731182795698927,0.0,0.0,0.0,0.0,0.0,0.0,0.0,0.0,11.178927734375
00005.05,0.094970703125,0.072509765625,6.75,6.125,5.375,6.125,3.1591397849462366,3.117204301075269,3.089247311827957,3.0612903225806445,6.875,7.5,7.875,7.625,-2.6419354838709674,-3.075268817204301,-3.047311827956989,-3.089247311827957,0.0,0.0,0.0,0.0,0.0,0.0,0.0,0.0,10.977888671875
000005.1,0.085205078125,0.058349609375,8.5,7.625,6.375,7.875,3.1591397849462366,3.117204301075269,3.089247311827957,3.0612903225806445,6.75,7.0,7.5,7.0,-2.6419354838709674,-3.075268817204301,-3.047311827956989,-3.089247311827957,0.0,0.0,0.0,0.0,0.0,0.0,0.0,0.0,10.908781494140625
00005.15,0.051025390625,0.044189453125,9.375,9.25,7.75,8.75,3.089247311827957,3.117204301075269,3.089247311827957,3.0612903225806445,6.625,7.5,8.0,7.5,-2.6419354838709674,-3.075268817204301,-3.047311827956989,-3.089247311827957,0.0,0.0,0.0,0.0,0.0,0.0,0.0,0.0,10.877369140625
000005.2,0.030517578125,0.040283203125,8.875,8.5,7.125,8.0,3.089247311827957,3.117204301075269,3.089247311827957,3.0612903225806445,7.75,8.5,9.0,8.625,-2.6559139784946235,-2.9634408602150537,-2.9494623655913976,-3.0333333333333337,0.0,0.0,0.0,0.0,0.0,0.0,0.0,0.0,10.921346435546875
00005.25,0.02783203125,0.029052734375,9.25,9.0,7.75,8.75,3.089247311827957,3.089247311827957,3.0333333333333337,2.991397849462365,7.0,7.875,8.375,8.0,-2.6559139784946235,-2.9634408602150537,-2.9494623655913976,-3.0333333333333337,0.0,0.0,0.0,0.0,0.0,0.0,0.0,0.0,10.94019384765625
000005.3,0.026611328125,0.016357421875,8.75,8.375,7.25,8.125,3.089247311827957,3.089247311827957,3.0333333333333337,2.991397849462365,7.25,8.25,8.875,8.375,-2.6559139784946235,-2.9634408602150537,-2.9494623655913976,-3.0333333333333337,0.0,0.0,0.0,0.0,0.0,0.0,0.0,0.0,10.9024990234375
00005.35,0.029052734375,0.017822265625,9.875,9.375,8.0,8.875,3.047311827956989,3.089247311827957,3.0333333333333337,2.991397849462365,7.25,8.0,8.5,8.125,-2.5301075268817206,-2.9634408602150537,-2.9494623655913976,-3.0333333333333337,0.0,0.0,0.0,0.0,0.0,0.0,0.0,0.0,10.808261962890624
000005.4,0.025146484375,0.0205078125,10.125,10.0,8.25,9.25,3.047311827956989,2.991397849462365,2.9774193548387093,2.9774193548387093,7.875,8.375,9.0,8.5,-2.5301075268817206,-3.0333333333333337,-2.9354838709677415,-2.9494623655913976,0.0,0.0,0.0,0.0,0.0,0.0,0.0,0.0,10.8522392578125
00005.45,0.010986328125,0.0185546875,10.25,9.75,8.375,9.375,3.047311827956989,2.991397849462365,2.9774193548387093,2.9774193548387093,7.375,8.125,8.75,8.125,-2.5301075268817206,-3.0333333333333337,-2.9354838709677415,-2.9494623655913976,0.0,0.0,0.0,0.0,0.0,0.0,0.0,0.0,10.883651611328125
000005.5,0.0087890625,0.01416015625,9.5,9.125,8.0,8.875,3.0333333333333337,2.991397849462365,2.9774193548387093,2.9774193548387093,7.375,8.25,9.0,8.375,-2.586021505376344,-3.0333333333333337,-2.9354838709677415,-2.9494623655913976,0.0,0.0,0.0,0.0,0.0,0.0,0.0,0.0,10.9024990234375
00005.55,0.013916015625,0.015380859375,4.25,6.25,5.125,5.875,0.0,0.0,0.0,0.0,2.375,5.625,6.125,5.75,0.0,0.0,0.0,0.0,0.0,0.0,0.0,0.0,4.75,3.5,0.0,0.0,11.876281982421874
000005.6,0.0107421875,0.01171875,0.125,0.0,0.0,0.0,0.0,0.0,0.0,0.0,0.0,0.0,0.0,0.0,0.0,0.0,0.0,0.0,0.0,0.0,0.0,0.0,8.125,9.75,0.0,0.0,11.99564892578125
00005.65,-0.021484375,-0.0166015625,0.0,0.0,0.0,0.0,0.0,0.0,0.0,0.0,0.0,0.0,0.0,0.0,0.0,0.0,0.0,0.0,0.0,0.0,0.0,0.0,6.0,7.0,0.0,0.0,12.115015869140624
000005.7,-0.03759765625,-0.032470703125,0.0,0.0,0.0,0.0,0.0,0.0,0.0,0.0,0.0,0.0,0.0,0.0,0.0,0.0,0.0,0.0,0.0,0.0,0.0,0.0,6.0,7.0,0.0,0.0,12.1589931640625
00005.75,-0.028564453125,-0.02490234375,0.0,0.0,0.0,0.0,0.0,0.0,0.0,0.0,0.0,0.0,0.0,0.0,0.0,0.0,0.0,0.0,0.0,0.0,0.0,0.0,0.0,3.625,0.0,0.0,12.177840576171874
000005.8,-0.01611328125,-0.015869140625,0.0,0.0,0.0,0.0,0.0,0.0,0.0,0.0,0.0,0.0,0.0,0.0,0.0,0.0,0.0,0.0,0.0,0.0,0.0,0.0,0.0,3.625,0.0,0.0,12.177840576171874
00005.85,-0.006103515625,-0.00927734375,0.0,0.0,0.0,0.0,0.0,0.0,0.0,0.0,0.0,0.0,0.0,0.0,0.0,0.0,0.0,0.0,0.0,0.0,0.0,0.0,0.0,0.0,0.0,0.0,12.2092529296875
000005.9,-0.003173828125,-0.00341796875,0.0,0.0,0.0,0.0,0.0,0.0,0.0,0.0,0.0,0.0,0.0,0.0,0.0,0.0,0.0,0.0,0.0,0.0,0.0,0.0,0.0,0.0,0.0,0.0,12.19668798828125
00005.95,4.8828125E-4,0.002197265625,0.0,0.0,0.0,0.0,0.0,0.0,0.0,0.0,0.0,0.0,0.0,0.0,0.0,0.0,0.0,0.0,0.0,0.0,0.0,0.0,0.0,0.0,0.0,0.0,12.228100341796875
00006.05,0.003662109375,0.00244140625,0.0,0.0,0.0,0.0,0.0,0.0,0.0,0.0,0.0,0.0,0.0,0.0,0.0,0.0,0.0,0.0,0.0,0.0,0.0,0.0,0.0,0.0,0.0,0.0,12.347467285156249
000006.1,0.00244140625,0.002197265625,0.0,0.0,0.0,0.0,0.0,0.0,0.0,0.0,0.0,0.0,0.0,0.0,0.0,0.0,0.0,0.0,0.0,0.0,0.0,0.0,0.0,0.0,0.0,0.0,12.360032226562499
00006.15,0.001220703125,7.32421875E-4,0.0,0.0,0.0,0.0,-0.5620723362658847,0.0,-0.5530791788856305,-0.550830889540567,0.0,0.0,0.0,0.0,1.118768328445748,1.2555229716520038,1.247067448680352,1.272727272727273,0.0,0.0,0.0,0.0,0.0,0.0,0.0,0.0,12.284642578125
000006.2,-4.8828125E-4,0.0,0.5,0.125,0.0,0.0,-1.6495601173020527,-1.545601173020528,-1.6363636363636362,-1.533186705767351,1.5,1.25,1.125,1.25,2.5358748778103615,2.8478005865102642,2.790615835777126,2.8848484848484848,0.0,0.0,0.0,0.0,0.0,0.0,0.0,0.0,11.844869628906249
00006.25,-0.00146484375,-0.0029296875,1.125,0.75,0.5,0.375,-2.268328445747801,-2.1784457478005868,-2.16969696969697,-2.160948191593353,2.625,3.5,3.625,3.875,2.9620723362658845,2.567888563049854,2.5163245356793746,2.5575757575757576,0.0,0.0,0.0,0.0,0.0,0.0,0.0,0.0,11.662677978515624
000006.3,-0.011474609375,-0.02099609375,2.5,1.75,2.125,1.75,-2.0240469208211143,-2.4461876832844576,-2.3393939393939394,-2.3178885630498534,5.75,4.875,5.25,5.375,3.008015640273705,2.7504398826979473,2.695210166177908,2.7151515151515153,0.0,0.0,0.0,0.0,0.0,0.0,0.0,0.0,11.64383056640625
00006.35,-0.02294921875,-0.05224609375,3.5,3.0,3.0,3.125,-3.0709677419354837,-2.8829423264907135,-2.8461388074291305,-2.8461388074291305,5.875,4.25,4.75,4.75,2.3470185728250246,3.1222873900293253,3.0822580645161293,2.991935483870968,0.0,0.0,0.0,0.0,0.0,0.0,0.0,0.0,11.49305126953125
000006.4,-0.053466796875,-0.085693359375,4.625,4.25,4.125,4.25,-3.3966764418377324,-3.35386119257087,-3.3110459433040087,-3.3110459433040087,7.0,4.75,5.0,5.0,3.515738025415445,4.197360703812317,4.143548387096774,4.143548387096774,0.0,0.0,0.0,0.0,0.0,0.0,0.0,0.0,11.3548369140625
00006.45,-0.09228515625,-0.12060546875,6.375,5.25,5.0,5.25,-3.7442815249266856,-3.744379276637341,-3.7872922776148585,-3.8780058651026397,7.375,7.0,7.5,7.5,2.2991202346041058,4.357478005865103,4.17741935483871,4.267741935483872,0.0,0.0,0.0,0.0,0.0,0.0,0.0,0.0,11.285729736328125
000006.5,-0.123046875,-0.1572265625,5.75,4.75,4.5,4.75,-4.039882697947214,-3.2825024437927666,-3.4282991202346045,-3.324828934506354,6.25,5.75,6.125,6.0,3.7738025415444767,4.2867546432062555,4.1744379276637344,4.268035190615836,0.0,0.0,0.0,0.0,0.0,0.0,0.0,0.0,11.185210205078125
00006.55,-0.15576171875,-0.2001953125,6.125,4.75,4.375,4.75,-2.1896383186705766,-3.934506353861192,-2.718230694037146,-3.7666666666666666,4.125,6.0,6.375,6.375,1.6024437927663733,3.693548387096774,3.596774193548387,3.6774193548387095,0.0,0.0,0.0,0.0,0.0,0.0,0.0,0.0,11.913976806640624
000006.6,-0.19287109375,-0.228271484375,4.875,2.75,2.25,2.5,-4.127468230694037,-3.0127077223851417,-2.9734115347018575,-3.0486803519061585,3.75,4.125,4.375,4.5,3.404007820136852,4.018132942326491,3.9128543499511244,4.00058651026393,0.0,0.0,0.0,0.0,0.0,0.0,0.0,0.0,11.51818115234375
00006.65,-0.23388671875,-0.250732421875,5.375,2.25,2.375,2.375,-2.6405669599217987,-4.3689149560117295,-4.240860215053764,-4.120967741935484,3.625,4.625,4.75,4.75,3.563636363636364,4.384408602150538,4.271505376344087,4.365591397849463,0.0,0.0,0.0,0.0,0.0,0.0,0.0,0.0,11.681525390625
000006.7,-0.241943359375,-0.26513671875,6.125,4.625,4.25,4.5,-4.86236559139785,-3.682697947214076,-3.6512218963831873,-3.545161290322581,3.5,4.875,5.125,5.125,3.736070381231672,4.441348973607038,4.326979472140763,4.422287390029326,0.0,0.0,0.0,0.0,0.0,0.0,0.0,0.0,11.562158447265624
00006.75,-0.261962890625,-0.2783203125,6.0,4.875,4.5,4.5,-4.86236559139785,-4.780645161290322,-4.73978494623656,-4.719354838709678,3.5,4.5,4.75,4.625,4.291691104594331,4.224975562072337,4.116177908113393,5.079960899315739,0.0,0.0,0.0,0.0,0.0,0.0,0.0,0.0,11.461638916015625
000006.8,-0.282470703125,-0.293701171875,5.0,5.5,5.125,5.125,-4.811339198435973,-4.895014662756598,-4.853176930596287,-4.83225806451613,4.5,4.75,5.125,4.875,4.670087976539589,4.934995112414468,4.827712609970675,4.802932551319649,0.0,0.0,0.0,0.0,0.0,0.0,0.0,0.0,11.423944091796875
00006.85,-0.312744140625,-0.3076171875,4.5,3.875,3.5,3.75,-4.822580645161291,-4.4322580645161285,-4.304789833822093,-3.567839687194526,5.75,6.75,6.875,6.0,4.8321114369501466,5.530791788856305,5.410557184750734,5.482697947214077,0.0,0.0,0.0,0.0,0.0,0.0,0.0,0.0,11.379966796875
000006.9,-0.344482421875,-0.3515625,5.75,6.125,5.5,5.5,-5.519550342130987,-5.4955522971652,-5.447556207233627,-5.42355816226784,7.0,8.875,9.125,8.25,5.432551319648093,6.5874877810361685,6.444281524926687,6.530205278592376,0.0,0.0,0.0,0.0,0.0,0.0,0.0,0.0,11.040713378906249
00006.95,-0.34423828125,-0.369384765625,4.875,7.25,6.75,6.75,-2.354545454545455,-4.620136852394917,-4.471847507331378,-4.451612903225806,7.5,9.25,8.75,8.875,5.441837732160313,6.386999022482894,6.215151515151517,6.329716520039102,0.0,0.0,0.0,0.0,0.0,0.0,0.0,0.0,11.486768798828125
000007.0,-0.36767578125,-0.39111328125,6.75,2.375,2.125,2.0,-2.701759530791789,-4.63108504398827,-4.309824046920821,-4.634408602150538,5.625,9.25,9.125,9.0,4.986803519061583,6.049120234604105,5.801515151515152,5.908455522971652,0.0,0.0,0.0,0.0,0.0,0.0,0.0,0.0,11.4302265625
00007.05,-0.396484375,-0.419921875,7.25,3.75,2.125,2.875,-5.826686217008798,-5.81348973607038,-5.735630498533724,-5.774193548387096,5.125,7.875,7.75,7.5,4.5874877810361685,5.754838709677419,5.695454545454546,5.703225806451613,0.0,0.0,0.0,0.0,0.0,0.0,0.0,0.0,11.36740185546875
000007.1,-0.409423828125,-0.435791015625,6.375,6.875,5.625,6.0,-5.327565982404693,-5.5726295210166175,-5.497996089931574,-5.473118279569892,2.75,5.5,5.5,5.125,3.9374389051808407,4.163538611925709,4.051515151515152,4.2234115347018575,0.0,0.0,0.0,0.0,0.0,0.0,0.0,0.0,11.624983154296874
00007.15,-0.4130859375,-0.431396484375,4.875,6.625,5.625,5.75,-1.6609970674486803,-4.95522971652004,-4.811339198435973,-4.721407624633431,1.0,2.5,2.5,2.375,0.5129032258064516,4.3689149560117295,4.2942326490713585,3.5303030303030307,0.0,0.0,0.0,0.0,0.0,0.0,0.0,0.0,12.02077880859375
000007.2,-0.42578125,-0.423583984375,3.25,4.0,3.875,3.5,-4.279374389051809,-4.0707722385141745,-4.148093841642229,-4.0469208211143695,0.0,0.125,0.25,0.375,-0.8612903225806453,2.996480938416422,2.9452590420332356,2.983675464320626,0.0,0.0,0.0,0.0,0.0,0.0,0.0,0.0,12.27207763671875
00007.25,-0.435546875,-0.41162109375,0.875,1.25,0.5,0.5,0.0,-3.8213098729227766,-3.7883675464320623,-3.7883675464320623,0.0,0.0,0.0,0.0,-1.2870967741935484,1.3724340175953078,1.3489736070381233,1.3665689149560118,0.0,0.0,0.0,0.0,0.0,0.0,0.0,0.0,12.42285693359375
000007.3,-0.41259765625,-0.386962890625,0.0,0.0,0.0,0.0,0.8744868035190615,-2.6866568914956015,-2.6759530791788855,-2.6652492668621703,0.125,0.0,0.0,0.0,1.066275659824047,1.1286412512218964,1.1151515151515152,1.1363636363636365,0.0,0.0,0.0,0.0,0.0,0.0,0.0,0.0,12.5108115234375
00007.35,-0.39306640625,-0.33544921875,0.375,0.0,0.0,0.0,-1.5272727272727273,-1.8524437927663737,-1.8450635386119258,-1.8376832844574782,0.0,0.0,0.0,0.0,1.4991202346041055,1.239051808406647,1.103030303030303,1.3440860215053763,0.25,0.0,2.1333333333333337,0.7331378299120235,0.0,0.0,0.0,0.0,12.53594140625
000007.4,-0.376220703125,-0.256591796875,0.875,0.0,0.0,0.0,-1.0592375366568914,-1.0550342130987291,-1.050830889540567,-1.0466275659824047,0.0,0.0,0.0,0.0,0.0,1.7911045943304011,1.6606060606060606,1.6739980449657867,3.0,0.25,4.557575757575758,2.1994134897360706,0.0,0.0,0.0,0.0,12.17155810546875
00007.45,-0.32470703125,-0.21337890625,0.75,0.0,0.0,0.0,-0.4929618768328446,-0.5212121212121212,-0.49496578690127074,-0.4909579667644184,0.0,0.0,0.0,0.0,1.6240469208211146,1.3212121212121213,1.2044965786901272,1.6780547409579667,12.25,2.375,5.508308895405669,3.577712609970675,0.0,0.0,0.0,0.0,12.03334375
000007.5,-0.272705078125,-0.20556640625,1.5,0.5,0.375,0.5,0.0,1.272727272727273,1.2675953079178885,1.3651026392961876,0.0,0.0,0.0,0.0,-0.4372434017595308,1.393939393939394,1.3714565004887587,1.3762463343108504,15.0,3.875,5.508308895405669,4.7702834799608995,0.0,0.0,0.0,0.0,11.813457275390624
00007.55,-0.247314453125,-0.201416015625,1.5,1.625,1.25,1.5,0.0,0.593939393939394,0.591544477028348,0.4789833822091887,0.0,0.0,0.0,0.0,0.468475073313783,0.7636363636363637,0.7513196480938417,0.6519061583577712,11.0,7.125,5.508308895405669,5.485826001955035,0.0,0.0,0.0,0.0,12.027061279296875
000007.6,-0.19677734375,-0.18359375,0.625,0.375,0.25,0.125,0.0,0.0,0.0,0.0,0.0,0.0,0.0,0.0,0.5234604105571847,0.0,0.0,0.0,8.375,7.375,5.305962854349952,5.395894428152492,0.0,0.0,0.0,0.0,12.039626220703125
00007.65,-0.13671875,-0.155517578125,0.125,0.0,0.0,0.0,-0.700733137829912,-0.6949657869012708,-0.6949657869012708,-0.6891984359726294,0.0,0.0,0.0,0.0,0.4413489736070381,0.0,0.0,0.5065004887585532,6.875,6.875,5.305962854349952,5.395894428152492,0.0,0.0,0.0,0.0,12.071038574218749
000007.7,-0.0986328125,-0.106201171875,0.0,0.0,0.0,0.0,0.0,-0.6596285434995113,-0.6596285434995113,-0.6541544477028347,0.0,0.0,0.0,0.0,-1.6319648093841643,-0.9462365591397849,-0.9305962854349952,-1.0483382209188663,6.625,6.875,5.305962854349952,5.395894428152492,0.0,0.0,0.0,0.0,11.863717041015624
000007.8,-0.066650390625,-0.0869140625,0.0,0.0,0.0,0.0,0.0,0.0,0.0,0.0,2.125,2.5,2.625,2.75,-1.7033235581622677,-1.9824046920821115,-1.949364613880743,-1.974144672531769,5.875,6.375,5.305962854349952,5.350928641251222,0.0,0.0,0.0,0.0,11.813457275390624
00007.85,-0.0634765625,-0.066650390625,0.125,0.0,0.0,0.0,0.5161290322580645,0.6360703812316716,0.6334310850439883,0.6281524926686217,2.5,2.875,3.0,3.0,-1.432795698924731,-1.6774193548387095,-1.6494623655913978,-1.6704301075268815,5.25,5.75,5.305962854349952,5.350928641251222,0.0,0.0,0.0,0.0,11.901411865234374
000007.9,-0.039306640625,-0.0126953125,0.125,0.125,0.0,0.0,0.5043988269794721,0.5065004887585532,0.5043988269794721,0.5001955034213098,1.0,1.625,1.75,1.75,-1.0520527859237536,-1.0791788856304985,-1.0611925708699903,-1.0746823069403715,5.5,6.25,5.305962854349952,5.350928641251222,0.0,0.0,0.0,0.0,11.989366455078125
00007.95,-0.009033203125,0.019775390625,0.0,0.0,0.0,0.0,0.0,0.0,0.0,0.0,0.0,0.5,0.5,0.625,0.0,0.0,0.0,0.0,6.125,6.375,5.328445747800587,5.350928641251222,0.0,0.0,0.0,0.0,12.096168457031249
000008.0,0.007080078125,0.0263671875,0.0,0.0,0.0,0.0,0.0,0.0,0.0,0.0,0.0,0.0,0.0,0.125,0.0,0.0,0.0,0.0,5.375,6.25,5.328445747800587,5.350928641251222,0.0,0.0,0.0,0.0,12.064756103515625
00008.05,0.018310546875,0.0283203125,0.0,0.0,0.0,0.0,0.0,0.0,0.0,0.0,0.0,0.0,0.0,0.0,0.0,0.0,0.0,0.0,5.625,6.25,5.328445747800587,5.350928641251222,0.0,0.0,0.0,0.0,12.089885986328124
000008.1,0.024658203125,0.0263671875,0.0,0.0,0.0,0.0,0.0,0.0,0.0,0.0,0.0,0.0,0.0,0.0,0.0,0.0,0.0,0.0,5.75,6.125,5.328445747800587,5.440860215053763,0.0,0.0,0.0,0.0,12.083603515624999
00008.15,0.022216796875,0.0224609375,0.0,0.0,0.0,0.0,0.0,0.0,0.0,0.0,0.0,0.0,0.0,0.0,0.0,0.0,0.0,0.0,5.875,3.5,0.0,0.0,0.0,0.0,0.0,0.0,12.353749755859374
000008.2,0.013671875,0.01513671875,0.0,0.0,0.0,0.0,0.0,0.0,0.0,0.0,0.0,0.0,0.0,0.0,0.0,0.0,0.0,0.0,0.625,0.0,0.0,0.0,0.0,0.0,0.0,0.0,12.366314697265624
00008.25,0.0048828125,0.00830078125,0.0,0.0,0.0,0.0,0.0,0.0,0.0,0.0,0.0,0.0,0.0,0.0,0.0,0.0,0.0,0.0,0.0,0.0,0.0,0.0,0.0,0.0,0.0,0.0,12.378879638671874
000008.3,9.765625E-4,0.002197265625,0.0,0.0,0.0,0.0,0.0,0.0,0.0,0.0,0.0,0.0,0.0,0.0,0.6913000977517108,0.5865102639296188,0.5794721407624633,0.5841642228739004,0.0,0.0,0.0,0.0,0.0,0.0,0.0,0.0,12.353749755859374
00008.35,0.0,0.0,0.125,0.0,0.0,0.0,1.16544477028348,1.1608015640273706,1.156158357771261,1.1515151515151516,0.0,0.25,0.375,0.625,1.9442815249266865,1.881720430107527,1.8591397849462366,1.874193548387097,0.0,0.0,0.0,0.0,0.0,0.0,0.0,0.0,12.115015869140624
000008.4,-0.001708984375,-0.0048828125,0.75,0.375,0.375,0.25,2.0364613880742914,1.8365591397849466,1.8365591397849466,1.8139784946236561,1.5,1.625,1.875,2.0,2.48435972629521,2.7429130009775173,2.697947214076246,2.7204301075268815,0.0,0.0,0.0,0.0,0.0,0.0,0.0,0.0,11.725502685546875
00008.45,-2.44140625E-4,-0.01904296875,3.375,3.0,2.875,2.875,2.838709677419355,2.456695992179863,2.456695992179863,2.4264907135874876,5.125,4.0,4.625,4.625,3.1363636363636367,3.315347018572825,3.26099706744868,3.288172043010752,0.0,0.0,0.0,0.0,0.0,0.0,0.0,0.0,11.273164794921875
000008.5,0.01025390625,-0.0380859375,6.125,4.75,4.375,4.625,3.560215053763441,3.410752688172043,3.4346041055718475,3.3923753665689147,7.125,6.125,7.0,6.875,3.6523460410557194,4.305180840664712,4.234604105571847,4.269892473118279,0.0,0.0,0.0,0.0,0.0,0.0,0.0,0.0,10.92762890625
00008.55,0.025146484375,-0.05908203125,8.25,7.125,6.375,6.875,4.1752688172043015,3.398826979472141,3.4942326490713596,3.4512707722385145,7.875,8.375,9.75,9.375,3.77375366568915,4.484066471163246,4.410557184750733,4.411827956989248,0.0,0.0,0.0,0.0,0.0,0.0,0.0,0.0,11.0030185546875
000008.6,0.0693359375,-0.11572265625,10.0,9.25,8.125,9.0,3.814467253176931,3.978494623655914,3.9965786901270777,3.9061583577712615,5.125,6.0,6.875,6.625,2.4051808406647117,2.7596285434995114,2.708993157380254,2.7469696969696975,0.0,0.0,0.0,0.0,0.0,0.0,0.0,0.0,11.555875976562499
00008.65,0.10009765625,-0.144287109375,7.375,7.75,7.125,7.5,3.3669599217986317,3.1290322580645165,3.1432551319648097,2.987683284457478,1.625,3.25,3.625,3.625,1.5786901270772238,1.8965786901270774,1.778103616813294,1.8030303030303032,0.0,0.0,0.0,0.0,0.0,0.0,0.0,0.0,11.79460986328125
000008.7,0.130859375,-0.15771484375,4.875,5.125,4.75,4.875,2.6424242424242426,2.956989247311828,2.9704301075268815,2.903225806451613,0.0,0.875,1.125,1.125,0.0,0.5007820136852396,0.49159335288367545,0.4984848484848486,0.0,0.0,0.0,0.0,0.0,0.0,0.0,0.0,12.071038574218749
00008.75,0.164306640625,-0.14013671875,0.625,1.75,1.625,1.5,0.0,0.8752688172043012,0.7741935483870968,0.9578690127077223,0.75,0.75,0.625,0.625,-2.2382697947214076,-2.5640273704789838,-2.5219941348973607,-2.543010752688172,0.0,0.0,0.0,0.0,0.0,0.0,0.0,0.0,11.876281982421874
000008.8,0.168212890625,-0.121337890625,0.125,0.0,0.0,0.0,0.0,0.0,0.0,0.0,3.375,3.875,4.25,3.875,-2.196627565982405,-2.5163245356793746,-2.4750733137829912,-2.4956989247311827,0.0,0.0,0.0,0.0,0.0,0.0,0.0,0.0,11.901411865234374
00008.85,0.154296875,-0.08349609375,1.125,0.25,0.25,0.125,-1.8560606060606062,-1.1591397849462366,-1.2434017595307918,-1.249902248289345,4.0,4.625,5.25,4.75,-1.519941348973607,-1.860410557184751,-1.8299120234604107,-1.738709677419355,0.0,0.0,0.0,0.0,0.0,0.0,0.0,0.0,12.064756103515625
000008.9,0.132568359375,-0.025390625,1.625,1.375,1.375,1.375,-1.5026392961876833,-1.4959433040078203,-1.4897360703812317,-1.483528836754643,0.25,1.5,1.5,1.625,-0.7150537634408601,-1.0836754643206257,-0.8142717497556207,-0.8211143695014662,0.0,0.0,0.0,0.0,0.0,0.0,0.0,0.0,12.140145751953124
00008.95,0.0712890625,0.047119140625,2.125,2.0,2.0,2.0,-1.6457478005865103,-1.6255131964809384,-1.6187683284457477,-1.612023460410557,0.0,0.0,0.0,0.125,0.0,0.0,0.0,0.0,0.0,0.0,0.0,0.0,0.0,0.0,0.0,0.0,12.13386328125
000009.0,0.0283203125,0.04931640625,2.375,2.125,2.0,2.125,-1.586119257086999,-1.6137341153470186,-1.6070381231671553,-1.600342130987292,0.0,0.0,0.0,0.0,0.7252688172043009,0.7656402737047898,0.7561094819159335,0.7624633431085044,0.0,0.0,0.0,0.0,0.0,0.0,0.0,0.0,12.19668798828125
00009.05,0.00732421875,0.04248046875,1.875,1.625,1.5,1.5,-1.4430107526881721,-1.4489247311827957,-1.5026392961876833,-1.4964809384164224,0.0,0.0,0.125,0.25,0.8580645161290321,1.0821114369501468,1.064516129032258,1.0733137829912025,0.0,0.0,0.0,0.0,0.0,0.0,0.0,0.0,12.228100341796875
000009.1,-0.0048828125,0.0302734375,1.0,1.125,1.125,1.0,-0.9295698924731183,-0.9220430107526882,-0.9182795698924733,-0.9145161290322581,0.0,0.125,0.25,0.375,0.5053274682306941,0.9137829912023462,0.8989247311827957,0.906353861192571,0.0,0.0,0.0,0.0,0.0,0.0,0.0,0.0,12.284642578125
00009.15,-0.01953125,0.0126953125,0.625,0.625,0.75,0.5,-0.6639784946236559,-0.8382209188660801,-0.8347996089931574,-0.7363636363636364,0.0,0.0,0.0,0.125,0.0,0.0,0.0,0.0,0.0,0.0,0.0,0.0,0.0,0.0,0.0,0.0,12.347467285156249
000009.2,-0.029052734375,-0.0224609375,0.0,0.0,0.0,0.0,0.0,0.0,0.0,0.0,0.0,0.0,0.0,0.0,-1.680987292277615,-0.7942326490713587,-0.7815249266862171,-0.7910557184750734,0.0,0.0,0.0,0.0,0.0,0.0,0.0,0.0,10.933911376953125
00009.25,-0.0283203125,-0.028564453125,0.375,0.125,0.375,0.125,3.6085043988269794,2.263636363636364,2.3636363636363638,2.3541055718475072,2.875,1.375,1.375,1.375,-3.1692082111436957,-3.763440860215054,-3.8595307917888566,-3.9065982404692083,0.0,0.0,0.0,0.0,13.125,14.5,0.0,0.0,10.776849609374999
000009.3,-0.027099609375,-0.029541015625,4.875,2.0,2.5,1.875,3.6085043988269794,3.9065982404692083,3.890909090909091,3.8752199413489734,6.125,5.5,5.5,5.5,-3.1692082111436957,-3.9222873900293256,-3.8595307917888566,-3.9065982404692083,0.0,0.0,0.0,0.0,13.125,14.5,0.0,0.0,10.550680664062499
00009.35,-0.015380859375,-0.00390625,7.875,7.0,6.25,6.625,3.6085043988269794,3.9065982404692083,3.890909090909091,3.8752199413489734,7.375,8.0,8.5,8.25,-3.1692082111436957,-3.3417888563049853,-3.2947214076246336,-3.3574780058651026,0.0,0.0,0.0,0.0,18.25,7.625,0.0,0.0,10.9024990234375
000009.4,0.020263671875,0.04052734375,8.75,8.25,7.25,8.0,3.6085043988269794,3.3417888563049853,3.3574780058651026,3.2947214076246336,6.125,7.0,7.25,7.0,-2.8554252199413495,-3.3417888563049853,-3.2947214076246336,-3.3574780058651026,0.0,0.0,0.0,0.0,9.625,7.625,0.0,0.0,11.053278320312499
00009.45,0.06201171875,0.095703125,7.625,6.375,5.75,6.125,3.435923753665689,3.3417888563049853,3.3574780058651026,3.2947214076246336,5.375,6.125,6.25,6.125,-2.8554252199413495,-3.3417888563049853,-3.2947214076246336,-3.3574780058651026,0.0,0.0,0.0,0.0,8.125,6.25,0.0,0.0,11.222905029296875
000009.5,0.12060546875,0.135009765625,5.75,5.0,4.75,4.875,3.435923753665689,3.3417888563049853,3.3574780058651026,3.2947214076246336,4.25,5.125,5.0,5.125,-2.8554252199413495,-3.3417888563049853,-3.2947214076246336,-3.3574780058651026,0.0,0.0,0.0,0.0,8.125,6.25,0.0,0.0,11.39253173828125
00009.55,0.157470703125,0.166259765625,5.125,4.375,4.0,3.875,3.435923753665689,3.577126099706745,3.5457478005865104,3.530058651026393,3.75,4.25,4.125,4.25,-3.090762463343109,-3.577126099706745,-3.4986803519061587,-3.5457478005865104,0.0,0.0,0.0,0.0,7.0,5.375,0.0,0.0,11.39253173828125
000009.6,0.20263671875,0.206787109375,4.625,4.0,3.875,3.625,3.6085043988269794,3.577126099706745,3.5457478005865104,3.530058651026393,3.5,3.875,3.75,3.75,-3.090762463343109,-3.577126099706745,-3.4986803519061587,-3.5457478005865104,0.0,0.0,0.0,0.0,7.0,5.375,0.0,0.0,11.486768798828125
00009.65,0.2119140625,0.2158203125,4.25,3.625,3.5,3.375,3.6085043988269794,3.577126099706745,3.5457478005865104,3.530058651026393,3.0,3.375,3.375,3.375,-3.090762463343109,-3.577126099706745,-3.4986803519061587,-3.5457478005865104,0.0,0.0,0.0,0.0,7.0,5.25,0.0,0.0,11.555875976562499
000009.7,0.221923828125,0.233154296875,3.875,3.0,3.0,2.75,3.6085043988269794,3.6398826979472143,3.624193548387097,3.6085043988269794,2.375,3.0,2.875,2.875,-3.090762463343109,-3.6398826979472143,-3.592815249266862,-3.624193548387097,0.0,0.0,0.0,0.0,6.75,5.125,0.0,0.0,11.61870068359375
00009.75,0.23486328125,0.24365234375,3.375,2.625,2.75,2.5,3.6712609970674484,3.6398826979472143,3.624193548387097,3.6085043988269794,1.75,2.75,2.5,2.375,-3.059384164222874,-3.6398826979472143,-3.592815249266862,-3.624193548387097,0.0,0.0,0.0,0.0,6.75,5.125,0.0,0.0,11.687807861328125
000009.8,0.251708984375,0.25244140625,3.125,2.5,2.5,2.25,3.6712609970674484,3.6398826979472143,3.624193548387097,3.6085043988269794,1.75,2.25,2.125,2.125,-3.059384164222874,-3.6398826979472143,-3.592815249266862,-3.624193548387097,0.0,0.0,0.0,0.0,6.625,5.125,0.0,0.0,11.700372802734375
00009.85,0.26953125,0.270751953125,2.875,2.25,2.375,2.0,3.6712609970674484,3.7026392961876833,3.6712609970674484,3.6555718475073316,1.625,2.125,1.875,2.0,-3.059384164222874,-3.686950146627566,-3.624193548387097,-3.6712609970674484,0.0,0.0,0.0,0.0,6.5,5.125,0.0,0.0,11.738067626953125
000009.9,0.271728515625,0.275634765625,2.875,2.25,2.375,2.0,3.718328445747801,3.7026392961876833,3.6712609970674484,3.6555718475073316,1.625,1.875,1.75,1.875,-3.1848973607038125,-3.686950146627566,-3.624193548387097,-3.6712609970674484,0.0,0.0,0.0,0.0,6.375,4.75,0.0,0.0,11.738067626953125
00009.95,0.277587890625,0.27734375,2.625,2.125,1.875,1.75,3.718328445747801,3.7026392961876833,3.6712609970674484,3.6555718475073316,1.375,1.5,1.5,1.5,-3.1848973607038125,-3.686950146627566,-3.624193548387097,-3.6712609970674484,0.0,0.0,0.0,0.0,6.375,4.875,0.0,0.0,11.775762451171875
000010.0,0.285888671875,0.282958984375,2.5,1.875,1.75,1.375,3.718328445747801,3.7026392961876833,3.718328445747801,3.686950146627566,0.875,1.375,1.375,1.375,-3.1848973607038125,-3.718328445747801,-3.6555718475073316,-3.7026392961876833,0.0,0.0,0.0,0.0,6.375,4.875,0.0,0.0,11.800892333984375
00010.05,0.29345703125,0.291259765625,2.25,1.625,1.25,1.25,3.7340175953079178,3.7340175953079178,3.718328445747801,3.686950146627566,1.0,1.25,1.125,1.25,-3.090762463343109,-3.718328445747801,-3.6555718475073316,-3.7026392961876833,0.0,0.0,0.0,0.0,6.25,4.875,0.0,0.0,11.8071748046875
000010.1,0.2900390625,0.292724609375,2.125,1.5,1.0,0.875,3.7340175953079178,3.7340175953079178,3.718328445747801,3.686950146627566,1.0,1.375,1.375,1.25,-3.090762463343109,-3.718328445747801,-3.6555718475073316,-3.7026392961876833,0.0,0.0,0.0,0.0,6.25,4.75,0.0,0.0,11.8071748046875
00010.15,0.296875,0.294677734375,2.125,1.375,1.0,0.875,3.7340175953079178,3.7340175953079178,3.718328445747801,3.686950146627566,0.875,1.25,1.125,1.25,-3.090762463343109,-3.7340175953079178,-3.6712609970674484,-3.718328445747801,0.0,0.0,0.0,0.0,6.125,4.75,0.0,0.0,11.813457275390624
000010.2,0.30322265625,0.297119140625,2.125,1.5,1.0,0.875,3.7340175953079178,3.7340175953079178,3.718328445747801,3.686950146627566,0.875,1.25,1.125,1.25,-3.1848973607038125,-3.7340175953079178,-3.6712609970674484,-3.718328445747801,0.0,0.0,0.0,0.0,6.125,4.75,0.0,0.0,11.8071748046875
00010.25,0.29833984375,0.297607421875,2.25,1.5,1.0,1.125,3.7340175953079178,3.7340175953079178,3.718328445747801,3.686950146627566,0.5,0.875,0.75,0.875,-3.1848973607038125,-3.7340175953079178,-3.6712609970674484,-3.718328445747801,0.0,0.0,0.0,0.0,6.125,4.75,0.0,0.0,11.863717041015624
000010.3,0.299072265625,0.30029296875,2.125,1.25,1.0,0.875,3.7340175953079178,3.7340175953079178,3.718328445747801,3.686950146627566,0.25,0.75,0.75,0.75,-3.1848973607038125,-3.7340175953079178,-3.6712609970674484,-3.718328445747801,0.0,0.0,0.0,0.0,6.125,4.75,0.0,0.0,11.863717041015624
00010.35,0.3125,0.3095703125,1.75,1.125,0.875,0.75,3.7340175953079178,3.749706744868035,3.7340175953079178,3.718328445747801,0.25,0.75,0.625,0.75,-3.2319648093841646,-3.749706744868035,-3.686950146627566,-3.7340175953079178,0.0,0.0,0.0,0.0,6.125,4.75,0.0,0.0,11.863717041015624
000010.4,0.31103515625,0.312255859375,1.625,1.125,0.875,0.625,3.7653958944281527,3.749706744868035,3.7340175953079178,3.718328445747801,0.5,0.75,0.75,0.75,-3.2319648093841646,-3.749706744868035,-3.686950146627566,-3.7340175953079178,0.0,0.0,0.0,0.0,6.0,4.75,0.0,0.0,11.863717041015624
00010.45,0.304931640625,0.31201171875,1.75,1.125,0.875,0.75,3.7653958944281527,3.749706744868035,3.7340175953079178,3.718328445747801,0.625,0.75,0.75,0.75,-3.2319648093841646,-3.749706744868035,-3.686950146627566,-3.7340175953079178,0.0,0.0,0.0,0.0,6.0,4.75,0.0,0.0,11.863717041015624
000010.5,0.310302734375,0.312744140625,1.75,1.125,0.875,0.625,3.7653958944281527,3.7653958944281527,3.7340175953079178,3.718328445747801,0.5,0.75,0.75,0.75,-3.2319648093841646,-3.7653958944281527,-3.686950146627566,-3.7340175953079178,0.0,0.0,0.0,0.0,6.0,4.75,0.0,0.0,11.857434570312499
00010.55,0.309814453125,0.311767578125,1.375,1.0,0.625,0.625,3.7653958944281527,3.7653958944281527,3.7340175953079178,3.718328445747801,1.0,1.25,1.125,1.25,-3.122140762463343,-3.7653958944281527,-3.686950146627566,-3.7340175953079178,0.0,0.0,0.0,0.0,5.875,5.25,0.0,0.0,11.562158447265624
000010.6,0.307373046875,0.30810546875,1.375,1.0,0.625,0.625,3.7653958944281527,3.7653958944281527,3.7340175953079178,3.718328445747801,2.625,3.0,3.0,3.0,-3.122140762463343,-3.7653958944281527,-3.686950146627566,-3.7340175953079178,0.0,0.0,0.0,0.0,5.5,11.5,0.0,0.0,11.44279150390625
00010.65,0.31787109375,0.2734375,1.125,0.875,0.375,0.5,3.7653958944281527,3.624193548387097,3.6085043988269794,3.577126099706745,3.625,4.0,3.875,3.75,-3.122140762463343,-3.624193548387097,-3.561436950146628,-3.577126099706745,0.0,0.0,0.0,0.0,5.5,15.125,0.0,0.0,11.317142089843749
000010.7,0.318603515625,0.24169921875,0.75,0.625,0.375,0.5,3.6085043988269794,3.624193548387097,3.6085043988269794,3.577126099706745,3.625,3.875,4.0,3.75,-3.090762463343109,-3.624193548387097,-3.561436950146628,-3.577126099706745,0.0,0.0,0.0,0.0,5.5,15.125,0.0,0.0,10.9527587890625
00010.75,0.31298828125,0.220703125,1.375,1.625,1.5,1.375,3.6085043988269794,3.624193548387097,3.6085043988269794,3.577126099706745,4.5,4.875,5.0,4.75,-3.090762463343109,-3.624193548387097,-3.561436950146628,-3.577126099706745,0.0,0.0,0.0,0.0,14.375,16.375,0.0,0.0,10.695177490234375
000010.8,0.28759765625,0.189697265625,4.125,3.875,3.5,3.5,3.6085043988269794,3.310410557184751,3.3260997067448685,3.2947214076246336,6.0,6.75,7.0,6.75,-3.090762463343109,-3.3260997067448685,-3.263343108504399,-3.279032258064516,0.0,0.0,0.0,0.0,20.625,19.875,0.0,0.0,10.550680664062499
00010.85,0.2294921875,0.132080078125,4.5,3.75,3.5,3.5,3.3417888563049853,3.310410557184751,3.3260997067448685,3.2947214076246336,6.375,7.25,7.625,7.5,-2.745601173020528,-3.3260997067448685,-3.263343108504399,-3.279032258064516,0.0,0.0,0.0,0.0,18.625,21.25,0.0,0.0,10.607222900390624
000010.9,0.20166015625,0.094482421875,4.25,3.625,3.5,3.375,3.3417888563049853,3.310410557184751,3.3260997067448685,3.2947214076246336,6.375,7.125,7.5,7.375,-2.745601173020528,-3.3260997067448685,-3.263343108504399,-3.279032258064516,0.0,0.0,0.0,0.0,18.625,21.25,0.0,0.0,10.531833251953124
00010.95,0.194091796875,0.09130859375,4.625,4.25,3.875,3.875,3.3417888563049853,3.310410557184751,3.3260997067448685,3.2947214076246336,6.375,7.0,7.25,7.125,-2.745601173020528,-3.3260997067448685,-3.263343108504399,-3.279032258064516,0.0,0.0,0.0,0.0,20.125,20.625,0.0,0.0,10.512985839843749
000011.0,0.182373046875,0.098388671875,5.125,4.5,4.25,4.25,3.279032258064516,3.310410557184751,3.279032258064516,3.247653958944282,6.875,7.375,7.875,7.625,-2.8554252199413495,-3.2947214076246336,-3.247653958944282,-3.247653958944282,0.0,0.0,0.0,0.0,20.125,21.375,0.0,0.0,10.42503125
00011.05,0.177490234375,0.093017578125,5.375,4.625,4.25,4.25,3.279032258064516,3.310410557184751,3.279032258064516,3.247653958944282,7.125,7.75,8.125,8.0,-2.8554252199413495,-3.2947214076246336,-3.247653958944282,-3.247653958944282,0.0,0.0,0.0,0.0,18.875,21.5,0.0,0.0,10.569528076171874
000011.1,0.17333984375,0.076904296875,5.0,4.5,4.25,4.25,2.2779569892473117,3.2279081133919845,2.9419354838709673,3.0857771260997073,6.375,6.875,7.25,6.875,-1.6278592375366572,-2.4530791788856305,-2.418035190615836,-2.3370967741935487,0.0,0.0,0.0,0.0,19.0,17.625,0.0,0.0,12.027061279296875
00011.15,0.17041015625,0.07666015625,2.875,2.25,1.625,1.75,-1.3177419354838709,0.0,0.0,0.0,1.375,2.5,2.75,2.625,2.0332355816226784,1.3842130987292278,1.4424242424242426,1.4557184750733136,0.0,0.0,0.0,0.0,4.75,3.625,0.0,0.0,11.826022216796874
000011.2,0.1669921875,0.087646484375,3.875,1.125,1.0,0.875,-2.7541544477028346,-2.48435972629521,-2.450635386119257,-2.4618768328445744,2.625,2.375,2.5,2.75,2.87702834799609,2.9646138807429128,3.0015151515151515,3.029178885630498,0.0,0.0,0.0,0.0,4.75,3.625,0.0,0.0,10.996736083984375
00011.25,0.142578125,0.0771484375,6.25,5.375,5.125,5.5,-2.8140273704789833,-2.6031769305962857,-2.82355816226784,-2.8365102639296187,7.5,5.875,6.5,6.75,3.324340175953079,3.4659824046920824,3.372727272727273,3.5001466275659823,0.0,0.0,0.0,0.0,0.0,0.0,0.0,0.0,10.88993408203125
000011.3,0.08251953125,0.033935546875,6.875,5.625,5.125,5.625,-3.5444770283479965,-2.7111925708699904,-2.698924731182796,-2.6743890518084066,9.875,8.75,9.625,10.0,3.7106549364613883,3.841055718475074,3.7545454545454553,3.7545454545454553,0.0,0.0,0.0,0.0,0.0,0.0,0.0,0.0,10.83967431640625
00011.35,0.00830078125,-0.015625,8.375,6.625,6.25,6.75,-3.4725317693059625,-3.5861192570869993,-3.5698924731182795,-3.537438905180841,8.75,8.875,9.75,9.625,3.2020527859237538,3.255131964809385,3.531818181818182,3.7015151515151516,0.0,0.0,0.0,0.0,0.0,0.0,0.0,0.0,10.91506396484375
000011.4,-0.03662109375,-0.058837890625,9.25,8.875,7.875,8.625,-3.796774193548387,-3.650928641251222,-3.1075268817204305,-3.1751710654936462,6.75,5.875,6.625,6.5,2.99208211143695,2.6583577712609974,2.598484848484849,2.5136363636363637,0.0,0.0,0.0,0.0,0.0,0.0,0.0,0.0,11.11610302734375
00011.45,-0.062255859375,-0.1171875,8.75,7.0,6.25,7.0,-3.807233626588465,-3.9986314760508312,-3.8583577712609975,-4.0038123167155435,5.625,4.75,5.25,5.25,2.9483382209188655,3.361094819159335,3.3460899315738026,3.273509286412512,0.0,0.0,0.0,0.0,0.0,0.0,0.0,0.0,11.361119384765624
000011.5,-0.122314453125,-0.167236328125,6.75,5.875,4.875,5.5,-3.66080156402737,-3.866080156402737,-3.814760508308895,-3.7976539589442817,4.5,3.375,3.625,3.375,1.8483870967741935,3.481524926686217,2.7575268817204304,2.4086021505376345,0.0,0.0,0.0,0.0,0.0,0.0,0.0,0.0,11.6563955078125
00011.55,-0.1689453125,-0.189697265625,6.125,5.375,4.75,5.125,-2.239882697947214,-3.855034213098729,-3.80386119257087,-3.786803519061584,5.375,3.25,3.5,2.875,3.580645161290323,4.050830889540567,4.032746823069404,4.050830889540567,0.0,0.0,0.0,0.0,0.0,0.0,0.0,0.0,11.423944091796875
000011.6,-0.201416015625,-0.201171875,5.375,4.375,4.0,4.0,-4.022873900293256,-3.5015640273704793,-3.694868035190616,-3.5263929618768333,5.125,4.125,4.75,4.375,3.870967741935484,3.8161290322580648,3.750048875855328,3.5298142717497556,0.0,0.0,0.0,0.0,0.0,0.0,0.0,0.0,11.662677978515624
00011.65,-0.218994140625,-0.213134765625,5.125,3.875,4.0,3.75,-2.340175953079179,-4.008064516129033,-3.900782013685239,-3.8557184750733136,6.0,2.625,3.0,2.375,4.161290322580645,2.585483870967742,2.5407135874877813,2.6080156402737047,0.0,0.0,0.0,0.0,0.0,0.0,0.0,0.0,11.738067626953125
000011.7,-0.240234375,-0.24658203125,6.125,1.75,1.625,1.5,-4.769208211143695,-4.482258064516129,-4.462854349951124,-4.424046920821114,10.5,1.25,1.25,1.375,3.0346041055718476,4.87741935483871,4.249315738025416,4.305474095796677,0.0,0.0,0.0,0.0,0.0,0.0,0.0,0.0,11.097255615234374
00011.75,-0.26904296875,-0.26953125,5.625,5.25,4.625,4.75,-4.92932551319648,-3.64574780058651,-3.769745845552297,-3.6725317693059627,13.625,4.875,4.875,5.5,5.962218963831867,4.70850439882698,4.645161290322581,4.666275659824048,0.0,0.0,0.0,0.0,0.0,0.0,0.0,0.0,11.16636279296875
000011.8,-0.288818359375,-0.28271484375,6.875,3.375,3.125,3.0,-5.249560117302052,-3.1202346041055713,-3.078445747800586,-3.164858260019551,17.875,6.375,6.75,6.5,3.5209188660801565,5.9292277614858255,5.849462365591398,5.530400782013686,0.0,0.0,0.0,0.0,0.0,0.0,0.0,0.0,11.009301025390625
00011.85,-0.30419921875,-0.305908203125,8.125,4.0,4.375,3.75,-5.981524926686217,-5.025219941348973,-4.860703812316716,-4.774291300097752,18.875,10.25,10.25,7.75,6.430938416422288,7.618621700879765,7.516129032258064,7.6367057673509295,0.0,0.0,0.0,0.0,0.0,0.0,0.0,0.0,10.142320068359375
000011.9,-0.316650390625,-0.351318359375,9.5,7.625,6.625,7.0,-5.8327956989247305,-5.835386119257087,-5.757233626588466,-5.832844574780059,18.625,15.875,16.0,14.75,3.649266862170088,7.858406647116325,7.752688172043011,7.88514173998045,0.0,0.0,0.0,0.0,0.0,0.0,0.0,0.0,10.58837548828125
00011.95,-0.339111328125,-0.40234375,9.75,8.625,7.625,8.0,-6.4456989247311824,-5.665689149560118,-5.547702834799609,-5.493841642228738,16.625,14.0,12.375,13.625,3.3451612903225807,7.355278592375368,7.1776148582600205,7.284213098729228,0.0,0.0,0.0,0.0,0.0,0.0,0.0,0.0,10.63863525390625
000012.0,-0.369384765625,-0.421875,12.375,9.5,8.25,8.625,-6.711290322580645,-5.665689149560118,-5.547702834799609,-6.4011730205278585,13.625,12.625,12.125,12.0,2.8397360703812318,6.606598240469209,6.4470185728250256,6.542766373411535,0.0,0.0,0.0,0.0,0.0,0.0,0.0,0.0,10.73915478515625
00012.05,-0.3974609375,-0.46533203125,11.375,11.5,9.875,10.5,-3.5747800586510268,-6.070381231671555,-5.960508308895407,-5.8228739002932555,10.5,10.125,9.5,9.375,5.0248289345063535,6.110850439882699,5.884261974584557,5.9716520039100685,0.0,0.0,0.0,0.0,0.0,0.0,0.0,0.0,10.789414550781249
000012.1,-0.4287109375,-0.474853515625,13.0,12.5,10.25,11.375,-7.273900293255132,-6.946627565982405,-6.766862170087976,-6.835777126099707,4.875,5.25,4.875,5.125,0.7254154447702835,4.879960899315738,4.812805474095796,4.857575757575758,0.0,0.0,0.0,0.0,0.0,0.0,0.0,0.0,11.053278320312499
00012.15,-0.47412109375,-0.485107421875,14.25,13.625,11.75,12.5,-7.128836754643207,-7.263343108504399,-7.162463343108504,-7.1436950146627565,0.0,0.125,0.125,0.125,1.7250733137829912,2.2268817204301077,2.1121700879765397,2.131818181818182,0.0,0.0,0.0,0.0,0.0,0.0,0.0,0.0,11.260599853515625
000012.2,-0.505859375,-0.462158203125,12.125,14.25,11.875,12.625,-7.07702834799609,-7.2105571847507335,-7.110410557184751,-7.010263929618768,0.0,0.0,0.0,0.0,-1.2866568914956011,1.1826979472140764,0.3993157380254155,0.0,0.0,0.0,0.0,0.0,0.0,0.0,0.0,0.0,11.775762451171875
00012.25,-0.5361328125,-0.429443359375,9.625,12.625,10.25,10.75,-6.6304985337243405,-6.756109481915934,-6.688660801564028,-6.6304985337243405,0.0,0.0,0.0,0.0,0.6195014662756598,1.0865102639296187,1.0725806451612905,1.0865102639296187,0.0,0.0,0.0,0.0,0.0,0.0,0.0,0.0,11.888846923828124
000012.3,-0.568603515625,-0.3486328125,6.125,7.625,6.375,6.375,-5.4046920821114375,-5.856793743890518,-5.856793743890518,-5.805865102639296,0.25,0.0,0.0,0.0,0.0,0.0,0.0,0.0,0.0,0.0,0.0,0.0,0.0,0.0,0.0,0.0,11.926541748046875
00012.35,-0.563720703125,-0.30517578125,3.125,4.625,4.25,3.875,-4.680351906158358,-4.316715542521994,-4.316715542521994,-4.190029325513197,0.875,0.0,0.0,0.0,0.0,-0.7434017595307917,-0.7338709677419355,0.0,0.0,0.0,0.0,0.0,0.0,0.0,0.0,0.0,12.14642822265625
000012.4,-0.533935546875,-0.279052734375,0.875,1.0,0.5,0.5,-4.3347996089931575,-3.8677908113391983,-3.8520039100684267,-3.7412023460410557,0.0,0.125,0.125,0.5,0.868279569892473,0.0,0.0,0.0,0.0,0.0,0.0,0.0,0.0,0.0,0.0,0.0,12.429139404296874
00012.45,-0.49951171875,-0.207763671875,0.125,0.375,0.0,0.0,-3.4846041055718477,-3.855816226783969,-3.840078201368524,-3.824340175953079,0.0,0.0,0.0,0.0,0.9193548387096774,1.03822091886608,1.0172043010752687,1.0256109481915934,0.0,0.0,0.0,0.0,0.0,0.0,0.0,0.0,12.404009521484374
000012.5,-0.46728515625,-0.170166015625,0.0,0.0,0.0,0.0,0.5149071358748778,-3.209188660801564,-3.1960899315738027,-2.220967741935484,0.0,0.0,0.0,0.0,0.5727272727272729,0.0,0.0,0.0,0.0,0.0,0.0,0.0,0.0,0.0,0.0,0.0,12.479399169921875
00012.55,-0.422119140625,-0.16064453125,0.0,0.0,0.0,0.0,0.9237536656891496,-2.257282502443793,-2.257282502443793,-2.239296187683285,0.0,0.0,0.0,0.0,-0.6363636363636365,0.5296187683284457,0.5212121212121212,0.5275171065493646,0.0,0.0,0.0,0.0,0.0,0.0,0.0,0.0,12.5108115234375
000012.6,-0.393310546875,-0.150634765625,0.125,0.0,0.0,0.0,-1.982991202346041,-1.9751221896383189,-1.9751221896383189,-1.959384164222874,0.0,0.0,0.0,0.0,-0.6787878787878788,0.0,0.0,0.0,0.0,0.0,0.0,0.0,0.0,0.0,0.0,0.0,12.372597167968749
00012.65,-0.35693359375,-0.130126953125,0.0,0.0,0.0,0.0,-1.7982404692082112,-0.9691593352883676,-0.9691593352883676,-0.8640762463343108,0.0,0.0,0.0,0.125,0.0,-0.8991202346041056,-0.884848484848485,-0.907820136852395,0.0,0.0,0.0,0.0,0.0,0.0,0.0,0.0,12.39772705078125
000012.7,-0.2880859375,-0.1015625,0.0,0.0,0.0,0.0,0.5598240469208212,-0.8096774193548387,-0.8096774193548387,-0.7058651026392962,0.0,0.5,0.625,0.75,-1.2795698924731183,-1.6504398826979472,-1.6242424242424243,-1.6438905180840664,0.0,0.0,0.0,0.0,0.0,0.0,0.0,0.0,12.2343828125
00012.75,-0.25634765625,-0.0830078125,0.0,0.0,0.0,0.0,-1.4725806451612906,-1.4181818181818182,-1.4124633431085043,-1.4010263929618767,0.875,1.5,1.625,1.75,-1.3870967741935485,-1.533186705767351,-1.525806451612903,-1.5510263929618768,0.0,0.0,0.0,0.0,0.0,0.0,0.0,0.0,12.19668798828125
000012.8,-0.2236328125,-0.04248046875,0.0,0.0,0.0,0.0,-1.3752199413489736,-1.2363636363636363,-1.2313782991202344,-1.2932551319648093,1.25,1.75,1.875,2.0,-1.118279569892473,-1.4003910068426197,-1.2301075268817203,-1.2504398826979473,0.0,0.0,0.0,0.0,0.0,0.0,0.0,0.0,12.215535400390625
00012.85,-0.196044921875,-0.002685546875,0.0,0.0,0.0,0.0,0.0,-1.284848484848485,-1.2796676441837733,-1.3531280547409579,0.75,1.375,1.375,1.5,-1.0931085043988271,-1.2917399804496579,-1.2655913978494624,-1.2624633431085046,0.0,0.0,0.0,0.0,0.0,0.0,0.0,0.0,12.24694775390625
000012.9,-0.145751953125,0.006103515625,0.0,0.0,0.0,0.0,-1.4003910068426197,-1.3762463343108504,-1.3762463343108504,-1.3651026392961876,0.25,1.125,1.0,1.25,-0.936950146627566,-1.03822091886608,-1.0214076246334312,-1.0340175953079178,0.0,0.0,0.0,0.0,0.0,0.0,0.0,0.0,12.253230224609375
00012.95,-0.11865234375,0.008056640625,0.125,0.0,0.0,0.0,-1.2675953079178885,-1.2675953079178885,-1.2675953079178885,-1.2573313782991202,0.0,0.625,0.625,0.75,-0.6350439882697948,-0.7364125122189639,-0.7244868035190616,-0.7334310850439884,0.0,0.0,0.0,0.0,0.0,0.0,0.0,0.0,12.334902343749999
000013.0,-0.087890625,0.018798828125,0.0,0.0,0.0,0.0,0.0,0.0,0.0,0.0,0.0,0.0,0.0,0.0,0.0,0.0,0.0,0.0,0.0,0.0,0.0,0.0,0.0,0.0,0.0,0.0,12.372597167968749
00013.05,-0.079345703125,0.0224609375,0.125,0.0,0.0,0.0,0.5029814271749756,0.7575757575757576,0.7545454545454546,0.7515151515151516,0.0,0.0,0.0,0.0,0.0,0.0,0.0,0.0,0.0,0.0,0.0,0.0,0.0,0.0,0.0,0.0,12.341184814453124
000013.1,-0.06298828125,0.02099609375,0.625,0.25,0.375,0.125,1.0182306940371457,0.879765395894428,0.8762463343108504,0.8727272727272727,0.0,0.0,0.0,0.0,0.0,0.0,0.0,0.0,0.0,0.0,0.0,0.0,0.0,0.0,0.0,0.0,12.284642578125
00013.15,-0.046142578125,0.017578125,1.25,0.75,1.0,0.75,1.4721407624633434,1.466275659824047,1.460410557184751,1.4545454545454546,0.0,0.0,0.0,0.0,-1.043010752688172,-1.1852394916911047,-1.1710166177908112,-1.1804985337243403,0.0,0.0,0.0,0.0,0.0,0.0,0.0,0.0,12.140145751953124
000013.2,-0.01611328125,0.0078125,2.5,1.75,1.625,1.625,2.121212121212121,2.0869990224828934,1.967741935483871,1.9516129032258063,0.5,0.75,0.625,0.75,-2.204301075268817,-2.464809384164223,-2.414711632453568,-2.444770283479961,0.0,0.0,0.0,0.0,0.0,0.0,0.0,0.0,11.76947998046875
00013.25,0.00537109375,0.00439453125,3.125,2.375,2.25,2.25,2.5333333333333337,2.49247311827957,2.49247311827957,2.4720430107526883,3.375,3.25,3.125,3.25,-2.946236559139785,-3.2944281524926686,-3.227468230694037,-3.267644183773216,0.0,0.0,0.0,0.0,0.0,0.0,0.0,0.0,11.562158447265624
000013.3,0.027099609375,0.016357421875,3.75,3.0,2.875,3.0,2.9212121212121214,2.7548387096774194,2.7548387096774194,2.8268817204301073,5.875,5.25,5.25,5.375,-3.0987292277614857,-2.813489736070381,-2.7563049853372434,-2.7429130009775173,0.0,0.0,0.0,0.0,0.0,0.0,0.0,0.0,11.537028564453125
00013.35,0.05029296875,0.066162109375,4.5,3.5,3.125,3.375,3.200048875855327,3.0048875855327473,2.267839687194526,2.2580645161290325,6.125,5.5,5.75,5.625,-3.1867057673509285,-3.664711632453568,-3.6328445747800586,-3.664711632453568,0.0,0.0,0.0,0.0,0.0,0.0,0.0,0.0,11.436509033203125
000013.4,0.07275390625,0.105712890625,5.375,3.875,3.75,4.0,3.5075268817204304,3.4924731182795705,3.4924731182795705,3.4774193548387102,5.25,6.125,6.0,6.0,-1.9257086999022484,-3.687194525904203,-3.6551319648093843,-3.687194525904203,0.0,0.0,0.0,0.0,0.0,0.0,0.0,0.0,11.587288330078124
00013.45,0.095703125,0.123291015625,5.25,5.125,4.625,4.875,2.1523460410557185,3.1182795698924735,3.1069403714565005,3.003225806451613,5.375,5.375,5.5,5.5,-1.466275659824047,-2.158357771260997,-2.0504398826979475,-2.0684261974584555,0.0,0.0,0.0,0.0,0.0,0.0,0.0,0.0,11.882564453125
000013.5,0.123291015625,0.15625,5.0,3.875,3.875,3.75,3.7580645161290325,2.744086021505377,3.0842619745845554,2.8338709677419356,4.0,2.375,2.125,2.375,-3.090909090909091,-2.450635386119257,-2.329032258064516,-2.3719452590420333,0.0,0.0,0.0,0.0,0.0,0.0,0.0,0.0,11.650113037109374
00013.55,0.169189453125,0.19482421875,5.125,2.25,2.875,2.125,3.9615835777126103,3.571163245356794,3.8804985337243405,3.813294232649071,4.125,3.5,3.375,3.375,-3.001173020527859,-3.501368523949169,-3.4425219941348972,-3.4719452590420334,0.0,0.0,0.0,0.0,0.0,0.0,0.0,0.0,11.7066552734375
000013.6,0.193115234375,0.2099609375,5.25,3.625,4.0,3.375,4.19325513196481,4.257478005865103,4.23958944281525,4.203812316715543,3.375,4.125,4.0,4.125,-3.0310850439882695,-3.5362658846529818,-3.47683284457478,-3.506549364613881,0.0,0.0,0.0,0.0,0.0,0.0,0.0,0.0,11.568440917968749
00013.65,0.225341796875,0.2333984375,5.5,5.75,5.25,5.375,4.517595307917889,4.606451612903226,4.587096774193549,4.548387096774193,3.125,3.25,3.0,3.25,-3.5652003910068424,-3.6060606060606064,-4.300293255131964,-3.575757575757576,0.0,0.0,0.0,0.0,0.0,0.0,0.0,0.0,11.549593505859374
000013.7,0.2431640625,0.248046875,4.375,5.875,5.5,5.625,1.9900293255131962,4.26353861192571,4.245161290322581,4.089736070381232,3.375,3.875,3.625,3.75,-1.4696969696969697,-2.9028347996089936,-2.852785923753666,-2.8000000000000003,0.0,0.0,0.0,0.0,0.0,0.0,0.0,0.0,11.882564453125
00013.75,0.25537109375,0.26123046875,4.5,4.75,4.375,4.5,4.643401759530791,3.6965786901270774,3.6806451612903226,3.721994134897361,5.125,3.125,2.875,3.125,-3.90654936461388,-4.6717497556207235,-4.591202346041055,-4.651612903225806,0.0,0.0,0.0,0.0,0.0,0.0,0.0,0.0,11.74435009765625
000013.8,0.29345703125,0.288818359375,5.5,4.75,4.125,4.25,5.249560117302052,4.977908113391985,5.182258064516129,4.892082111436951,5.875,6.125,5.75,5.625,-4.266862170087976,-5.102639296187684,-5.0146627565982405,-5.080645161290323,0.0,0.0,0.0,0.0,0.0,0.0,0.0,0.0,11.1537978515625
00013.85,0.305419921875,0.30859375,6.375,6.625,6.375,6.375,2.6190615835777122,4.793939393939394,4.761730205278592,4.652981427174976,6.25,5.875,5.75,5.75,-4.3300097751710656,-5.1036168132942334,-5.0361681329423265,-5.081133919843597,0.0,0.0,0.0,0.0,0.0,0.0,0.0,0.0,11.46792138671875
000013.9,0.310302734375,0.329833984375,7.25,5.25,4.875,4.875,2.628934506353861,5.445650048875856,5.157624633431085,5.0361681329423265,6.625,6.25,6.25,6.25,-1.906353861192571,-5.136901270772239,-5.0690127077223845,-5.114271749755621,0.0,0.0,0.0,0.0,0.0,0.0,0.0,0.0,11.304577148437499
00013.95,0.339111328125,0.353271484375,7.5,6.625,5.75,6.5,5.5229716520039105,5.401466275659825,5.377565982404692,5.441251221896383,5.875,5.0,5.25,5.0,-4.253372434017596,-4.881720430107528,-4.86099706744868,-4.904398826979472,0.0,0.0,0.0,0.0,0.0,0.0,0.0,0.0,11.524463623046875
000014.0,0.35693359375,0.372802734375,6.0,7.625,6.75,7.0,4.9154447702834805,5.363782991202346,5.294721407624634,5.294721407624634,3.75,3.25,3.125,3.125,-3.6924731182795707,-3.8428152492668617,-3.7771260997067446,-3.809970674486804,0.0,0.0,0.0,0.0,0.0,0.0,0.0,0.0,11.74435009765625
00014.05,0.373779296875,0.384521484375,3.25,5.0,4.25,4.25,4.392179863147605,4.281915933528837,4.226783968719452,4.226783968719452,1.375,1.5,1.75,1.75,-3.198826979472141,-3.179472140762463,-3.1251221896383186,-3.152297165200391,0.0,0.0,0.0,0.0,0.0,0.0,0.0,0.0,12.071038574218749
000014.1,0.39306640625,0.36376953125,1.0,2.0,1.5,1.5,1.027956989247312,3.7694525904203324,3.720918866080156,3.765884652981427,0.5,0.5,0.625,0.75,-2.705180840664712,-2.5390029325513197,-2.495601173020528,-3.1069403714565005,0.375,0.0,-2.838318670576735,-0.9877810361681328,0.0,0.0,0.0,0.0,12.152710693359374
00014.15,0.3671875,0.33837890625,1.125,1.5,1.25,1.125,3.516080156402737,3.48475073313783,3.439882697947214,3.439882697947214,0.0,0.0,0.125,0.25,-2.3398826979472145,-2.710557184750733,-2.664222873900293,-2.6873900293255133,3.625,0.0,-4.699511241446725,-2.3660801564027367,0.0,0.0,0.0,0.0,11.712937744140625
000014.2,0.296142578125,0.3046875,3.125,3.5,3.375,3.25,1.9460410557184753,3.296187683284457,3.2570869990224827,3.150733137829912,0.0,0.0,0.0,0.0,-1.992570869990225,-2.4853861192570874,-2.4441348973607044,-2.4750733137829912,9.25,2.375,-6.560703812316715,-3.544574780058652,0.0,0.0,0.0,0.0,11.449073974609375
00014.25,0.2568359375,0.260986328125,3.625,2.75,2.75,2.375,3.544574780058652,3.5073313782991207,3.571163245356794,3.544574780058652,1.375,0.125,0.25,0.5,-3.0600195503421315,-2.0377810361681328,-2.942228739002933,-2.9794721407624634,29.625,4.25,-8.364418377321602,-4.934604105571848,0.0,0.0,0.0,0.0,10.32451171875
000014.3,0.213623046875,0.20849609375,5.375,3.625,3.375,3.375,3.98475073313783,3.177712609970674,3.1440860215053767,3.07683284457478,17.5,11.75,12.5,12.25,-4.322287390029326,-4.543695014662757,-4.444379276637341,-4.419550342130988,50.25,7.875,-8.955620723362658,-6.092961876832845,0.0,0.0,0.0,0.0,8.691069335937499
00014.35,0.155029296875,0.0986328125,13.75,12.0,10.125,11.375,3.9655913978494626,4.082991202346041,4.039784946236559,3.9533724340175955,14.5,15.5,15.25,14.5,-3.544574780058651,-4.284310850439883,-4.190664711632453,-4.167253176930596,53.25,17.75,-6.436852394916912,-5.794134897360704,0.0,0.0,2.25,0.0,8.60311474609375
000014.4,0.09326171875,0.12890625,19.5,17.75,15.125,16.75,4.36989247311828,4.369354838709677,4.405376344086022,4.311143695014663,6.875,10.875,10.875,10.875,-3.275366568914956,-3.6760997067448677,-3.59574780058651,-3.6539589442815252,52.375,30.25,-6.436852394916912,-6.664125122189638,0.0,0.0,0.0,0.0,8.175906738281249
000014.5,0.055908203125,0.17724609375,20.75,18.5,16.375,17.375,4.455913978494624,4.136363636363636,4.109677419354838,4.029618768328446,13.875,13.75,14.0,13.75,-3.3078201368523947,-3.8148582600195504,-3.8148582600195504,-3.766568914956012,47.875,38.75,-6.436852394916912,-5.917106549364614,0.0,0.0,0.0,0.0,7.9999975585937495
00014.55,0.06396484375,0.11962890625,23.25,20.5,18.0,19.25,4.324535679374389,4.234848484848484,4.162365591397849,4.0812805474095795,15.125,16.125,16.125,15.875,-3.3881720430107527,-3.93069403714565,-3.93069403714565,-3.8809384164222878,46.125,42.75,-5.677223851417399,-5.917106549364614,0.0,0.0,0.0,0.0,7.89947802734375
000014.6,0.06494140625,0.07470703125,21.625,20.875,18.0,19.375,4.121212121212121,3.992424242424242,3.635483870967742,3.8893939393939396,12.0,13.375,13.5,13.25,-2.2699413489736067,-3.0735092864125124,-3.0735092864125124,-3.0346041055718476,49.125,51.625,-5.677223851417399,-5.917106549364614,0.0,0.0,0.0,0.0,8.182189208984374
00014.65,0.0703125,0.075927734375,21.0,20.0,17.5,18.75,3.7614858260019552,3.9435483870967745,3.7523460410557186,3.7523460410557186,9.0,10.625,10.875,10.75,-2.2666666666666666,-2.849266862170088,-2.6333333333333333,-2.6666666666666665,48.875,52.125,-5.677223851417399,-6.037047898338221,0.0,0.0,0.0,0.0,8.395793212890625
000014.7,0.0634765625,0.065185546875,19.375,19.625,17.0,18.5,3.763929618768328,3.7096774193548385,3.5298142717497556,3.5298142717497556,8.0,9.375,9.5,9.375,-2.147018572825025,-2.652199413489736,-2.494330400782014,-2.525904203323558,48.25,53.75,-6.077028347996089,-6.037047898338221,0.0,0.0,0.0,0.0,8.320403564453125
00014.75,0.054931640625,0.027099609375,17.625,16.875,14.75,15.875,3.348484848484848,3.435483870967742,3.2689149560117303,3.2689149560117303,8.0,9.0,8.75,9.5,-2.120430107526882,-2.5947214076246334,-2.440273704789834,-2.4711632453567938,53.75,58.375,-6.077028347996089,-6.037047898338221,0.0,0.0,0.0,0.0,8.52772509765625
000014.8,0.036376953125,0.00634765625,15.75,15.25,13.375,14.5,3.290322580645161,3.2142717497556204,3.194672531769306,3.1741935483870964,8.0,8.375,8.625,8.625,-2.2129032258064516,-2.544086021505376,-2.4537634408602154,-2.5290322580645164,52.0,54.75,-6.077028347996089,-6.196969696969696,0.0,0.0,0.0,0.0,8.7413291015625
000014.9,0.0283203125,0.004150390625,14.25,14.375,12.625,13.875,3.102052785923754,3.04594330400782,3.027370478983382,2.957771260997067,7.125,8.125,8.125,8.0,-2.0979472140762465,-2.4036656891495602,-2.318328445747801,-2.389442815249267,51.625,56.125,-6.436852394916912,-6.196969696969696,0.0,0.0,0.0,0.0,8.647092041015625
00014.95,0.024658203125,0.006591796875,14.0,13.625,12.0,13.125,3.0936461388074297,2.9497556207233626,2.947702834799609,2.9497556207233626,6.75,7.625,7.625,7.5,-2.0620234604105567,-2.370625610948191,-2.286461388074291,-2.356598240469208,51.0,57.5,-6.436852394916912,-6.196969696969696,0.0,0.0,0.0,0.0,8.703634277343749
